[Licensing::Module] Trying to connect to existing licensing client channel...
Built from '6000.2/respin/6000.2.8f1-e4064264ae96' branch; Version is '6000.2.8f1 (c9992ac36c34) revision 13211946'; Using compiler version '194234433'; Build Type 'Release'
[Licensing::IpcConnector] Successfully connected to: "LicenseClient-rapha" at "2025-12-30T21:03:26.9732064Z"
OS: 'Windows 11  (10.0.26200) 64bit CoreSingleLanguage' Language: 'pt' Physical Memory: 6005 MB
BatchMode: 1, IsHumanControllingUs: 0, StartBugReporterOnCrash: 0, Is64bit: 1
Date: 2025-12-30T21:03:26Z

COMMAND LINE ARGUMENTS:
E:\UnityEditors\6000.2.8f1\Editor\Unity.exe
-adb2
-batchMode
-noUpm
-name
AssetImportWorker0
-projectPath
E:/My Games/Escape dos Cones
-logFile
Logs/AssetImportWorker0.log
-srvPort
50491
-licensingIpc
LicenseClient-rapha
-job-worker-count
5
-background-job-worker-count
8
-gc-helper-count
1
-name
AssetImport
Successfully changed project path to: E:/My Games/Escape dos Cones
E:/My Games/Escape dos Cones
[UnityMemory] Configuration Parameters - Can be set up in boot.config
    "memorysetup-allocator-temp-initial-block-size-main=262144"
    "memorysetup-allocator-temp-initial-block-size-worker=262144"
    "memorysetup-bucket-allocator-granularity=16"
    "memorysetup-bucket-allocator-bucket-count=8"
    "memorysetup-bucket-allocator-block-size=33554432"
    "memorysetup-bucket-allocator-block-count=8"
    "memorysetup-main-allocator-block-size=16777216"
    "memorysetup-thread-allocator-block-size=16777216"
    "memorysetup-gfx-main-allocator-block-size=16777216"
    "memorysetup-gfx-thread-allocator-block-size=16777216"
    "memorysetup-cache-allocator-block-size=4194304"
    "memorysetup-typetree-allocator-block-size=2097152"
    "memorysetup-profiler-bucket-allocator-granularity=16"
    "memorysetup-profiler-bucket-allocator-bucket-count=8"
    "memorysetup-profiler-bucket-allocator-block-size=33554432"
    "memorysetup-profiler-bucket-allocator-block-count=8"
    "memorysetup-profiler-allocator-block-size=16777216"
    "memorysetup-profiler-editor-allocator-block-size=1048576"
    "memorysetup-temp-allocator-size-main=16777216"
    "memorysetup-job-temp-allocator-block-size=2097152"
    "memorysetup-job-temp-allocator-block-size-background=1048576"
    "memorysetup-job-temp-allocator-reduction-small-platforms=262144"
    "memorysetup-temp-allocator-size-background-worker=32768"
    "memorysetup-temp-allocator-size-job-worker=262144"
    "memorysetup-temp-allocator-size-preload-manager=33554432"
    "memorysetup-temp-allocator-size-nav-mesh-worker=65536"
    "memorysetup-temp-allocator-size-audio-worker=65536"
    "memorysetup-temp-allocator-size-cloud-worker=32768"
    "memorysetup-temp-allocator-size-gi-baking-worker=262144"
    "memorysetup-temp-allocator-size-gi-baking-worker=262144"
    "memorysetup-temp-allocator-size-gi-baking-worker=262144"
    "memorysetup-temp-allocator-size-gi-baking-worker=262144"
    "memorysetup-temp-allocator-size-gi-baking-worker=262144"
    "memorysetup-temp-allocator-size-gfx=262144"
Player connection [3548]  Target information:

Player connection [3548]  * "[IP] 192.168.189.1 [Port] 0 [Flags] 2 [Guid] 3022777059 [EditorId] 3022777059 [Version] 1048832 [Id] WindowsEditor(7,Rapha) [Debug] 1 [PackageName] WindowsEditor [ProjectName] Editor" 

Player connection [3548]  * "[IP] 192.168.91.1 [Port] 0 [Flags] 2 [Guid] 3022777059 [EditorId] 3022777059 [Version] 1048832 [Id] WindowsEditor(7,Rapha) [Debug] 1 [PackageName] WindowsEditor [ProjectName] Editor" 

Player connection [3548]  * "[IP] 192.168.0.8 [Port] 0 [Flags] 2 [Guid] 3022777059 [EditorId] 3022777059 [Version] 1048832 [Id] WindowsEditor(7,Rapha) [Debug] 1 [PackageName] WindowsEditor [ProjectName] Editor" 

Player connection [3548] Host joined multi-casting on [225.0.0.222:54997]...
Player connection [3548] Host joined alternative multi-casting on [225.0.0.222:34997]...
JobSystem: Creating JobQueue using job-worker-count value 5
Input System module state changed to: Initialized.
[Physics::Module] Initialized fallback backend.
[Physics::Module] Id: 0xdecafbad
[Licensing::Client] Code 10 while verifying Licensing Client signature (process Id: 16564, path: "C:/Program Files/Unity Hub/UnityLicensingClient_V1/Unity.Licensing.Client.exe")
[Licensing::Module] LicensingClient has failed validation; ignoring
[Licensing::Client] Handshaking with LicensingClient:
  Version:                 1.17.4+4293ba1
  Session Id:              0b1cd35e5de4437c814d59d0a2972595
  Correlation Id:          8fdf2fc6e0069bc19a4fc48e07099535
  External correlation Id: 4060940204327703242
  Machine Id:              f5hcpFXRCKtU32XKmb3sJ+PR1mQ=
[Licensing::Module] Successfully connected to LicensingClient on channel: "LicenseClient-rapha" (connect: 0.00s, validation: 0.01s, handshake: 0.07s)
[Licensing::IpcConnector] Successfully connected to: "LicenseClient-rapha-notifications" at "2025-12-30T21:03:27.0460478Z"
[Licensing::Module] Licensing Background thread has ended after 0.07s
Library Redirect Path: Library/
[Physics::Module] Selected backend.
[Physics::Module] Name: PhysX
[Physics::Module] Id: 0xf2b8ea05
[Physics::Module] SDK Version: 4.1.2
[Physics::Module] Integration Version: 1.0.0
[Physics::Module] Threading Mode: Multi-Threaded
[Licensing::Client] Successfully resolved entitlement details
[Licensing::Module] License group:
  Id: F4-UWWC-HDTS-C65R-DKNB-XXXX
  Product: Unity Personal
  Type: ULF
  Expiration: Unlimited
[Licensing::Module] License group:
  Id: 4672995795270-UnityPersXXXX
  Product: Unity Personal
  Type: Assigned
  Expiration: Unlimited
Refreshing native plugins compatible for Editor in 196.01 ms, found 3 plugins.
Preloading 0 native plugins for Editor in 0.00 ms.
Initialize engine version: 6000.2.8f1 (c9992ac36c34)
[Subsystems] Discovering subsystems at path E:/UnityEditors/6000.2.8f1/Editor/Data/Resources/UnitySubsystems
[Subsystems] Discovering subsystems at path E:/My Games/Escape dos Cones/Assets
GfxDevice: creating device client; kGfxThreadingModeNonThreaded
Direct3D:
    Version:  Direct3D 11.0 [level 11.1]
    Renderer: AMD Radeon(TM) Graphics (ID=0x164c)
    Vendor:   ATI
    VRAM:     3002 MB
    Driver:   31.0.21923.11000
Initialize mono
Mono path[0] = 'E:/UnityEditors/6000.2.8f1/Editor/Data/Managed'
Mono path[1] = 'E:/UnityEditors/6000.2.8f1/Editor/Data/MonoBleedingEdge/lib/mono/unityjit-win32'
Mono config path = 'E:/UnityEditors/6000.2.8f1/Editor/Data/MonoBleedingEdge/etc'
Using monoOptions --debugger-agent=transport=dt_socket,embedding=1,server=y,suspend=n,address=127.0.0.1:56192
Begin MonoManager ReloadAssembly
Registering precompiled unity dll's ...
Register platform support module: E:/UnityEditors/6000.2.8f1/Editor/Data/PlaybackEngines/WebGLSupport/UnityEditor.WebGL.Extensions.dll
Register platform support module: E:/UnityEditors/6000.2.8f1/Editor/Data/PlaybackEngines/WindowsStandaloneSupport/UnityEditor.WindowsStandalone.Extensions.dll
Register platform support module: E:/UnityEditors/6000.2.8f1/Editor/Data/PlaybackEngines/AndroidPlayer/UnityEditor.Android.Extensions.dll
Registered in 0.057573 seconds.
- Loaded All Assemblies, in  2.145 seconds
Native extension for Android target not found
Android Extension - Scanning For ADB Devices 290 ms
Native extension for WindowsStandalone target not found
Native extension for WebGL target not found
Mono: successfully reloaded assembly
- Finished resetting the current domain, in  0.816 seconds
Domain Reload Profiling: 2961ms
	BeginReloadAssembly (1527ms)
		ExecutionOrderSort (0ms)
		DisableScriptedObjects (0ms)
		BackupInstance (0ms)
		ReleaseScriptingObjects (0ms)
		CreateAndSetChildDomain (1ms)
	RebuildCommonClasses (43ms)
	RebuildNativeTypeToScriptingClass (14ms)
	initialDomainReloadingComplete (118ms)
	LoadAllAssembliesAndSetupDomain (443ms)
		LoadAssemblies (1559ms)
		RebuildTransferFunctionScriptingTraits (0ms)
		AnalyzeDomain (390ms)
			TypeCache.Refresh (388ms)
				TypeCache.ScanAssembly (374ms)
			BuildScriptInfoCaches (0ms)
			ResolveRequiredComponents (1ms)
	FinalizeReload (816ms)
		ReleaseScriptCaches (0ms)
		RebuildScriptCaches (0ms)
		SetupLoadedEditorAssemblies (771ms)
			LogAssemblyErrors (0ms)
			InitializePlatformSupportModulesInManaged (456ms)
			SetLoadedEditorAssemblies (4ms)
			BeforeProcessingInitializeOnLoad (76ms)
			ProcessInitializeOnLoadAttributes (146ms)
			ProcessInitializeOnLoadMethodAttributes (89ms)
			AfterProcessingInitializeOnLoad (0ms)
			EditorAssembliesLoaded (0ms)
		ExecutionOrderSort2 (0ms)
		AwakeInstancesAfterBackupRestoration (0ms)
========================================================================
Worker process is ready to serve import requests
Import Worker Mode flag is 0x00
Begin MonoManager ReloadAssembly
[Licensing::Client] Successfully resolved entitlement details
[Licensing::Module] License group:
  Id: F4-UWWC-HDTS-C65R-DKNB-XXXX
  Product: Unity Personal
  Type: ULF
  Expiration: Unlimited
[Licensing::Module] License group:
  Id: 4672995795270-UnityPersXXXX
  Product: Unity Personal
  Type: Assigned
  Expiration: Unlimited
Symbol file LoadedFromMemory is not a mono symbol file
- Loaded All Assemblies, in  2.382 seconds
Refreshing native plugins compatible for Editor in 1.29 ms, found 3 plugins.
Native extension for Android target not found
Native extension for WindowsStandalone target not found
Native extension for WebGL target not found
Package Manager log level set to [2]
[Package Manager] Failed to launch server process. Reason: Unity was launched with the -noUpm command-line argument
[Package Manager] Unable to send message (not connected to server process).
[Package Manager] Cannot connect to Unity Package Manager local server
Mono: successfully reloaded assembly
- Finished resetting the current domain, in  1.162 seconds
Domain Reload Profiling: 3543ms
	BeginReloadAssembly (201ms)
		ExecutionOrderSort (0ms)
		DisableScriptedObjects (7ms)
		BackupInstance (0ms)
		ReleaseScriptingObjects (0ms)
		CreateAndSetChildDomain (35ms)
	RebuildCommonClasses (43ms)
	RebuildNativeTypeToScriptingClass (14ms)
	initialDomainReloadingComplete (40ms)
	LoadAllAssembliesAndSetupDomain (2084ms)
		LoadAssemblies (2004ms)
		RebuildTransferFunctionScriptingTraits (0ms)
		AnalyzeDomain (192ms)
			TypeCache.Refresh (148ms)
				TypeCache.ScanAssembly (126ms)
			BuildScriptInfoCaches (38ms)
			ResolveRequiredComponents (3ms)
	FinalizeReload (1162ms)
		ReleaseScriptCaches (0ms)
		RebuildScriptCaches (0ms)
		SetupLoadedEditorAssemblies (1047ms)
			LogAssemblyErrors (0ms)
			InitializePlatformSupportModulesInManaged (11ms)
			SetLoadedEditorAssemblies (3ms)
			BeforeProcessingInitializeOnLoad (112ms)
			ProcessInitializeOnLoadAttributes (874ms)
			ProcessInitializeOnLoadMethodAttributes (44ms)
			AfterProcessingInitializeOnLoad (2ms)
			EditorAssembliesLoaded (0ms)
		ExecutionOrderSort2 (0ms)
		AwakeInstancesAfterBackupRestoration (6ms)
Launched and connected shader compiler UnityShaderCompiler.exe after 0.17 seconds
Refreshing native plugins compatible for Editor in 1.43 ms, found 3 plugins.
Preloading 0 native plugins for Editor in 0.00 ms.
Unloading 0 Unused Serialized files (Serialized files now loaded: 0)
Unloading 2979 unused Assets / (1.3 MB). Loaded Objects now: 3488.
Memory consumption went from 82.4 MB to 81.1 MB.
Total: 8.576200 ms (FindLiveObjects: 0.487700 ms CreateObjectMapping: 0.304000 ms MarkObjects: 6.128100 ms  DeleteObjects: 1.652400 ms)

========================================================================
Received Import Request.
  Time since last request: 16834.005507 seconds.
  path: Assets/TextMesh Pro/Resources/LineBreaking Leading Characters.txt
  artifactKey: Guid(d82c1b31c7e74239bff1220585707d2b) Importer(2089858483,192608db42251d675da83286b1cce702)
Start importing Assets/TextMesh Pro/Resources/LineBreaking Leading Characters.txt using Guid(d82c1b31c7e74239bff1220585707d2b) Importer(2089858483,192608db42251d675da83286b1cce702) (ScriptedImporter) -> (artifact id: '78c40c935701eadbdc77b5872f09e38b') in 0.6784259 seconds
Number of updated asset objects reloaded before import = 0Number of asset objects unloaded after import = 1

========================================================================
Received Import Request.
  Time since last request: 0.000026 seconds.
  path: Assets/TextMesh Pro/Shaders/TMPro_Mobile.cginc
  artifactKey: Guid(c334973cef89a9840b0b0c507e0377ab) Importer(2089858483,192608db42251d675da83286b1cce702)
Start importing Assets/TextMesh Pro/Shaders/TMPro_Mobile.cginc using Guid(c334973cef89a9840b0b0c507e0377ab) Importer(2089858483,192608db42251d675da83286b1cce702) (ScriptedImporter) -> (artifact id: '9105d3ac359aeae6ab2873175e5c0109') in 0.0389498 seconds
Number of updated asset objects reloaded before import = 0Number of asset objects unloaded after import = 1

========================================================================
Received Import Request.
  Time since last request: 0.000198 seconds.
  path: Assets/Fontes/Rede Rounded F99.ttf
  artifactKey: Guid(045cc854d572def44a5c660df78423f5) Importer(2089858483,192608db42251d675da83286b1cce702)
Start importing Assets/Fontes/Rede Rounded F99.ttf using Guid(045cc854d572def44a5c660df78423f5) Importer(2089858483,192608db42251d675da83286b1cce702) (ScriptedImporter) -> (artifact id: 'c2f6b921022d2a6e5de0f9695400c944') in 0.1834766 seconds
Number of updated asset objects reloaded before import = 0Number of asset objects unloaded after import = 3

========================================================================
Received Import Request.
  Time since last request: 0.000058 seconds.
  path: Assets/TextMesh Pro/Sprites/EmojiOne.json
  artifactKey: Guid(8f05276190cf498a8153f6cbe761d4e6) Importer(2089858483,192608db42251d675da83286b1cce702)
Start importing Assets/TextMesh Pro/Sprites/EmojiOne.json using Guid(8f05276190cf498a8153f6cbe761d4e6) Importer(2089858483,192608db42251d675da83286b1cce702) (ScriptedImporter) -> (artifact id: '9884ed48772905e5bae2235d8018f7c7') in 0.0701826 seconds
Number of updated asset objects reloaded before import = 0Number of asset objects unloaded after import = 1

========================================================================
Received Import Request.
  Time since last request: 0.000176 seconds.
  path: Assets/TextMesh Pro/Shaders/TMP_Bitmap.shader
  artifactKey: Guid(128e987d567d4e2c824d754223b3f3b0) Importer(2089858483,192608db42251d675da83286b1cce702)
Start importing Assets/TextMesh Pro/Shaders/TMP_Bitmap.shader using Guid(128e987d567d4e2c824d754223b3f3b0) Importer(2089858483,192608db42251d675da83286b1cce702) (ScriptedImporter) -> (artifact id: 'c37ae5b901ddce6b79f510d9aec462b9') in 0.0955783 seconds
Number of updated asset objects reloaded before import = 0Number of asset objects unloaded after import = 1

========================================================================
Received Import Request.
  Time since last request: 0.000212 seconds.
  path: Assets/SimpleJSON/JSONDecoder.cs
  artifactKey: Guid(e6fe5104aff7a5d4b8944cc9060966d4) Importer(2089858483,192608db42251d675da83286b1cce702)
Start importing Assets/SimpleJSON/JSONDecoder.cs using Guid(e6fe5104aff7a5d4b8944cc9060966d4) Importer(2089858483,192608db42251d675da83286b1cce702) (ScriptedImporter) -> (artifact id: '0d0d85f7f42bbfea653a28f546a5532f') in 0.1039877 seconds
Number of updated asset objects reloaded before import = 0Number of asset objects unloaded after import = 0

========================================================================
Received Prepare
Refreshing native plugins compatible for Editor in 2.39 ms, found 3 plugins.
Preloading 0 native plugins for Editor in 0.00 ms.
Unloading 0 Unused Serialized files (Serialized files now loaded: 0)
Unloading 2899 unused Assets / (0.7 MB). Loaded Objects now: 3423.
Memory consumption went from 82.4 MB to 81.7 MB.
Total: 69.296700 ms (FindLiveObjects: 0.614600 ms CreateObjectMapping: 0.554300 ms MarkObjects: 67.045400 ms  DeleteObjects: 1.079800 ms)

Prepare: number of updated asset objects reloaded= 0
========================================================================
Received Import Request.
  Time since last request: 19.785908 seconds.
  path: Assets/Audio/1097461_M4gnusRx---Cone.mp3
  artifactKey: Guid(ed78e3ba404606c409ff2a3362a92f00) Importer(2089858483,192608db42251d675da83286b1cce702)
Start importing Assets/Audio/1097461_M4gnusRx---Cone.mp3 using Guid(ed78e3ba404606c409ff2a3362a92f00) Importer(2089858483,192608db42251d675da83286b1cce702) (ScriptedImporter) -> (artifact id: '0a4ca5ac2700cd1fd37bf7f2edec6cfe') in 0.6869709 seconds
Number of updated asset objects reloaded before import = 0Number of asset objects unloaded after import = 1

========================================================================
Received Import Request.
  Time since last request: 0.000105 seconds.
  path: Assets/TextMesh Pro/Resources/Fonts & Materials/LiberationSans SDF - Drop Shadow.mat
  artifactKey: Guid(e73a58f6e2794ae7b1b7e50b7fb811b0) Importer(2089858483,192608db42251d675da83286b1cce702)
Start importing Assets/TextMesh Pro/Resources/Fonts & Materials/LiberationSans SDF - Drop Shadow.mat using Guid(e73a58f6e2794ae7b1b7e50b7fb811b0) Importer(2089858483,192608db42251d675da83286b1cce702) (ScriptedImporter) -> (artifact id: '24d951134d70aca40852e273eea3bcab') in 0.1849979 seconds
Number of updated asset objects reloaded before import = 0Number of asset objects unloaded after import = 2

========================================================================
Received Import Request.
  Time since last request: 0.000035 seconds.
  path: Assets/TextMesh Pro/Shaders/TMP_SDF-Mobile Overlay.shader
  artifactKey: Guid(a02a7d8c237544f1962732b55a9aebf1) Importer(2089858483,192608db42251d675da83286b1cce702)
Start importing Assets/TextMesh Pro/Shaders/TMP_SDF-Mobile Overlay.shader using Guid(a02a7d8c237544f1962732b55a9aebf1) Importer(2089858483,192608db42251d675da83286b1cce702) (ScriptedImporter) -> (artifact id: '021da8e2b5c5458585d07d4b71c43550') in 0.0573041 seconds
Number of updated asset objects reloaded before import = 0Number of asset objects unloaded after import = 1

========================================================================
Received Import Request.
  Time since last request: 0.000115 seconds.
  path: Assets/TextMesh Pro/Shaders/TMP_SDF Overlay.shader
  artifactKey: Guid(dd89cf5b9246416f84610a006f916af7) Importer(2089858483,192608db42251d675da83286b1cce702)
Start importing Assets/TextMesh Pro/Shaders/TMP_SDF Overlay.shader using Guid(dd89cf5b9246416f84610a006f916af7) Importer(2089858483,192608db42251d675da83286b1cce702) (ScriptedImporter) -> (artifact id: '4ef8bb71e6aa90048c6c4bfbe9c171f3') in 0.0492014 seconds
Number of updated asset objects reloaded before import = 0Number of asset objects unloaded after import = 1

========================================================================
Received Import Request.
  Time since last request: 0.000115 seconds.
  path: Assets/TextMesh Pro/Shaders/TMPro.cginc
  artifactKey: Guid(407bc68d299748449bbf7f48ee690f8d) Importer(2089858483,192608db42251d675da83286b1cce702)
Start importing Assets/TextMesh Pro/Shaders/TMPro.cginc using Guid(407bc68d299748449bbf7f48ee690f8d) Importer(2089858483,192608db42251d675da83286b1cce702) (ScriptedImporter) -> (artifact id: '954b7fd3740a22c6c0894d0ea7b1b946') in 0.084208 seconds
Number of updated asset objects reloaded before import = 0Number of asset objects unloaded after import = 1

========================================================================
Received Import Request.
  Time since last request: 0.000158 seconds.
  path: Assets/TextMesh Pro/Shaders/TMP_SDF-Mobile.shader
  artifactKey: Guid(fe393ace9b354375a9cb14cdbbc28be4) Importer(2089858483,192608db42251d675da83286b1cce702)
Start importing Assets/TextMesh Pro/Shaders/TMP_SDF-Mobile.shader using Guid(fe393ace9b354375a9cb14cdbbc28be4) Importer(2089858483,192608db42251d675da83286b1cce702) (ScriptedImporter) -> (artifact id: '82b805f518ecb95b4431a1f1899f2209') in 0.0627514 seconds
Number of updated asset objects reloaded before import = 0Number of asset objects unloaded after import = 1

========================================================================
Received Import Request.
  Time since last request: 0.000154 seconds.
  path: Assets/TextMesh Pro/Shaders/TMP_SDF SSD.shader
  artifactKey: Guid(14eb328de4b8eb245bb7cea29e4ac00b) Importer(2089858483,192608db42251d675da83286b1cce702)
Start importing Assets/TextMesh Pro/Shaders/TMP_SDF SSD.shader using Guid(14eb328de4b8eb245bb7cea29e4ac00b) Importer(2089858483,192608db42251d675da83286b1cce702) (ScriptedImporter) -> (artifact id: '26450db254d637c2a8e5a549bf265a5f') in 0.03997 seconds
Number of updated asset objects reloaded before import = 0Number of asset objects unloaded after import = 1

========================================================================
Received Import Request.
  Time since last request: 0.000146 seconds.
  path: Assets/TextMesh Pro/Resources/TMP Settings.asset
  artifactKey: Guid(3f5b5dff67a942289a9defa416b206f3) Importer(2089858483,192608db42251d675da83286b1cce702)
Start importing Assets/TextMesh Pro/Resources/TMP Settings.asset using Guid(3f5b5dff67a942289a9defa416b206f3) Importer(2089858483,192608db42251d675da83286b1cce702) (ScriptedImporter) -> (artifact id: '76348a216e2aabcdb9bf98739a06f517') in 0.2509694 seconds
Number of updated asset objects reloaded before import = 0Number of asset objects unloaded after import = 15

========================================================================
Received Import Request.
  Time since last request: 0.000028 seconds.
  path: Assets/Prefabs/ConeSpawner.prefab
  artifactKey: Guid(86b9101c3fd633d438d52971db157a44) Importer(2089858483,192608db42251d675da83286b1cce702)
Start importing Assets/Prefabs/ConeSpawner.prefab using Guid(86b9101c3fd633d438d52971db157a44) Importer(2089858483,192608db42251d675da83286b1cce702) (ScriptedImporter) -> (artifact id: 'bd4a84515ee5d4e1d7723c80c8c3958f') in 0.7783862 seconds
Number of updated asset objects reloaded before import = 0Number of asset objects unloaded after import = 23

========================================================================
Received Import Request.
  Time since last request: 0.000041 seconds.
  path: Assets/Sprites/ponto.png
  artifactKey: Guid(5a45fd42059fd5d47ad0f835be266cf9) Importer(2089858483,192608db42251d675da83286b1cce702)
Start importing Assets/Sprites/ponto.png using Guid(5a45fd42059fd5d47ad0f835be266cf9) Importer(2089858483,192608db42251d675da83286b1cce702) (ScriptedImporter) -> (artifact id: '5dabd5d5e2da3418e442bf7026ec9fa7') in 0.280386 seconds
Number of updated asset objects reloaded before import = 0Number of asset objects unloaded after import = 3

========================================================================
Received Import Request.
  Time since last request: 0.000032 seconds.
  path: Assets/Scenes/Game.unity
  artifactKey: Guid(b413e2e161955224dba18db5acc6f5a4) Importer(2089858483,192608db42251d675da83286b1cce702)
Start importing Assets/Scenes/Game.unity using Guid(b413e2e161955224dba18db5acc6f5a4) Importer(2089858483,192608db42251d675da83286b1cce702) (ScriptedImporter) -> (artifact id: 'b8768abf601cd06d183f388cc7ac743d') in 0.0589107 seconds
Number of updated asset objects reloaded before import = 0Number of asset objects unloaded after import = 1

========================================================================
Received Import Request.
  Time since last request: 0.000181 seconds.
  path: Assets/Scripts/PlayerScript.cs
  artifactKey: Guid(9c433b91e2c9c0f4eac14868e502af68) Importer(2089858483,192608db42251d675da83286b1cce702)
Start importing Assets/Scripts/PlayerScript.cs using Guid(9c433b91e2c9c0f4eac14868e502af68) Importer(2089858483,192608db42251d675da83286b1cce702) (ScriptedImporter) -> (artifact id: '5203b68c76058689c31cb61926cf907e') in 0.0580575 seconds
Number of updated asset objects reloaded before import = 0Number of asset objects unloaded after import = 0

========================================================================
Received Import Request.
  Time since last request: 0.000099 seconds.
  path: Assets/TextMesh Pro/Resources/LineBreaking Following Characters.txt
  artifactKey: Guid(fade42e8bc714b018fac513c043d323b) Importer(2089858483,192608db42251d675da83286b1cce702)
Start importing Assets/TextMesh Pro/Resources/LineBreaking Following Characters.txt using Guid(fade42e8bc714b018fac513c043d323b) Importer(2089858483,192608db42251d675da83286b1cce702) (ScriptedImporter) -> (artifact id: 'e68865d2c93103f96d07007b9fe45a34') in 0.0294175 seconds
Number of updated asset objects reloaded before import = 0Number of asset objects unloaded after import = 1

========================================================================
Received Import Request.
  Time since last request: 0.000152 seconds.
  path: Assets/Scripts/Movimento.cs
  artifactKey: Guid(c8488ed57b94a71429a1cd69f8766812) Importer(2089858483,192608db42251d675da83286b1cce702)
Start importing Assets/Scripts/Movimento.cs using Guid(c8488ed57b94a71429a1cd69f8766812) Importer(2089858483,192608db42251d675da83286b1cce702) (ScriptedImporter) -> (artifact id: '741c9d75f5167c15a0bdd3665bc81a8f') in 0.0369074 seconds
Number of updated asset objects reloaded before import = 0Number of asset objects unloaded after import = 0

========================================================================
Received Import Request.
  Time since last request: 0.000156 seconds.
  path: Assets/TextMesh Pro/Shaders/TMP_SDF-Mobile SSD.shader
  artifactKey: Guid(c8d12adcee749c344b8117cf7c7eb912) Importer(2089858483,192608db42251d675da83286b1cce702)
Start importing Assets/TextMesh Pro/Shaders/TMP_SDF-Mobile SSD.shader using Guid(c8d12adcee749c344b8117cf7c7eb912) Importer(2089858483,192608db42251d675da83286b1cce702) (ScriptedImporter) -> (artifact id: 'd9b45d42945159841eb39f5514c7f9f5') in 0.0717665 seconds
Number of updated asset objects reloaded before import = 0Number of asset objects unloaded after import = 1

========================================================================
Received Import Request.
  Time since last request: 0.000141 seconds.
  path: Assets/SimpleJSON/JObject.cs
  artifactKey: Guid(36d6336ad974094479359bd50ce61b8d) Importer(2089858483,192608db42251d675da83286b1cce702)
Start importing Assets/SimpleJSON/JObject.cs using Guid(36d6336ad974094479359bd50ce61b8d) Importer(2089858483,192608db42251d675da83286b1cce702) (ScriptedImporter) -> (artifact id: 'd03c633812eceb81f4aacbd823e466a1') in 0.2160784 seconds
Number of updated asset objects reloaded before import = 0Number of asset objects unloaded after import = 0

========================================================================
Received Import Request.
  Time since last request: 0.000162 seconds.
  path: Assets/Sprites/ButtonRight.png
  artifactKey: Guid(6aaa73e95b845c140951347b6866c141) Importer(2089858483,192608db42251d675da83286b1cce702)
Start importing Assets/Sprites/ButtonRight.png using Guid(6aaa73e95b845c140951347b6866c141) Importer(2089858483,192608db42251d675da83286b1cce702) (ScriptedImporter) -> (artifact id: 'e2674123e9f95d0ea039134084935778') in 0.1245447 seconds
Number of updated asset objects reloaded before import = 0Number of asset objects unloaded after import = 3

========================================================================
Received Import Request.
  Time since last request: 0.000036 seconds.
  path: Assets/Scripts/PlayerMovimento.cs
  artifactKey: Guid(12d99aafb7340994a923469b65c780a6) Importer(2089858483,192608db42251d675da83286b1cce702)
Start importing Assets/Scripts/PlayerMovimento.cs using Guid(12d99aafb7340994a923469b65c780a6) Importer(2089858483,192608db42251d675da83286b1cce702) (ScriptedImporter) -> (artifact id: 'c24478f5efa4257590fd565a3317749d') in 0.0833034 seconds
Number of updated asset objects reloaded before import = 0Number of asset objects unloaded after import = 0

========================================================================
Received Import Request.
  Time since last request: 0.000137 seconds.
  path: Assets/TextMesh Pro/Shaders/SDFFunctions.hlsl
  artifactKey: Guid(96de908384869cd409c75efa351d5edf) Importer(2089858483,192608db42251d675da83286b1cce702)
Start importing Assets/TextMesh Pro/Shaders/SDFFunctions.hlsl using Guid(96de908384869cd409c75efa351d5edf) Importer(2089858483,192608db42251d675da83286b1cce702) (ScriptedImporter) -> (artifact id: '0cf3faff0a2385d7a2dcdaec43bd4d67') in 0.176062 seconds
Number of updated asset objects reloaded before import = 0Number of asset objects unloaded after import = 1

========================================================================
Received Import Request.
  Time since last request: 0.000136 seconds.
  path: Assets/Audio/dead.mp3
  artifactKey: Guid(ec9d516d71e95144bafd5ae53f776e5e) Importer(2089858483,192608db42251d675da83286b1cce702)
Start importing Assets/Audio/dead.mp3 using Guid(ec9d516d71e95144bafd5ae53f776e5e) Importer(2089858483,192608db42251d675da83286b1cce702) (ScriptedImporter) -> (artifact id: 'eeae43fa5d3a812744f2c27f30fee342') in 0.1518168 seconds
Number of updated asset objects reloaded before import = 0Number of asset objects unloaded after import = 1

========================================================================
Received Import Request.
  Time since last request: 0.000076 seconds.
  path: Assets/TextMesh Pro/Resources/Style Sheets/Default Style Sheet.asset
  artifactKey: Guid(f952c082cb03451daed3ee968ac6c63e) Importer(2089858483,192608db42251d675da83286b1cce702)
Start importing Assets/TextMesh Pro/Resources/Style Sheets/Default Style Sheet.asset using Guid(f952c082cb03451daed3ee968ac6c63e) Importer(2089858483,192608db42251d675da83286b1cce702) (ScriptedImporter) -> (artifact id: '89dd7b97a7a8fb765d4fabb07887c1d7') in 0.0426888 seconds
Number of updated asset objects reloaded before import = 0Number of asset objects unloaded after import = 1

========================================================================
Received Import Request.
  Time since last request: 0.000142 seconds.
  path: Assets/Scenes/MainMenu.unity
  artifactKey: Guid(36acf26b322484148aec9f58ebfe5792) Importer(2089858483,192608db42251d675da83286b1cce702)
Start importing Assets/Scenes/MainMenu.unity using Guid(36acf26b322484148aec9f58ebfe5792) Importer(2089858483,192608db42251d675da83286b1cce702) (ScriptedImporter) -> (artifact id: '5ccd9510451a0a9c24fc7fb8f04f1b4f') in 0.058485 seconds
Number of updated asset objects reloaded before import = 0Number of asset objects unloaded after import = 1

========================================================================
Received Import Request.
  Time since last request: 0.000130 seconds.
  path: Assets/TextMesh Pro/Resources/Fonts & Materials/LiberationSans SDF - Fallback.asset
  artifactKey: Guid(2e498d1c8094910479dc3e1b768306a4) Importer(2089858483,192608db42251d675da83286b1cce702)
Start importing Assets/TextMesh Pro/Resources/Fonts & Materials/LiberationSans SDF - Fallback.asset using Guid(2e498d1c8094910479dc3e1b768306a4) Importer(2089858483,192608db42251d675da83286b1cce702) (ScriptedImporter) -> (artifact id: '7b5e661b28c5151af0e6e989ced94289') in 0.0594289 seconds
Number of updated asset objects reloaded before import = 0Number of asset objects unloaded after import = 5

========================================================================
Received Import Request.
  Time since last request: 0.000036 seconds.
  path: Assets/Prefabs/GameManager.prefab
  artifactKey: Guid(28fe0952901c00343803a48c337eeccb) Importer(2089858483,192608db42251d675da83286b1cce702)
Start importing Assets/Prefabs/GameManager.prefab using Guid(28fe0952901c00343803a48c337eeccb) Importer(2089858483,192608db42251d675da83286b1cce702) (ScriptedImporter) -> (artifact id: 'b1e5a278f3a7b75ec42f10a9a054dedf') in 0.083142 seconds
Number of updated asset objects reloaded before import = 0Number of asset objects unloaded after import = 5

========================================================================
Received Import Request.
  Time since last request: 0.000039 seconds.
  path: Assets/Scripts/ConeSpawner.cs
  artifactKey: Guid(7005632bdab731d42ae44ed33cce7d7e) Importer(2089858483,192608db42251d675da83286b1cce702)
Start importing Assets/Scripts/ConeSpawner.cs using Guid(7005632bdab731d42ae44ed33cce7d7e) Importer(2089858483,192608db42251d675da83286b1cce702) (ScriptedImporter) -> (artifact id: '4fb5c6835b3fe588787aa81f79b8f997') in 0.0368812 seconds
Number of updated asset objects reloaded before import = 0Number of asset objects unloaded after import = 0

========================================================================
Received Import Request.
  Time since last request: 0.000216 seconds.
  path: Assets/TextMesh Pro/Sprites/EmojiOne.png
  artifactKey: Guid(dffef66376be4fa480fb02b19edbe903) Importer(2089858483,192608db42251d675da83286b1cce702)
Start importing Assets/TextMesh Pro/Sprites/EmojiOne.png using Guid(dffef66376be4fa480fb02b19edbe903) Importer(2089858483,192608db42251d675da83286b1cce702) (ScriptedImporter) -> (artifact id: 'fc04449398454f81515af2c3d49f2eb2') in 0.0301174 seconds
Number of updated asset objects reloaded before import = 0Number of asset objects unloaded after import = 1

========================================================================
Received Import Request.
  Time since last request: 0.000102 seconds.
  path: Assets/Scripts/DestruirCone.cs
  artifactKey: Guid(765b298bf79e8d247852fd8ea7ddfc33) Importer(2089858483,192608db42251d675da83286b1cce702)
Start importing Assets/Scripts/DestruirCone.cs using Guid(765b298bf79e8d247852fd8ea7ddfc33) Importer(2089858483,192608db42251d675da83286b1cce702) (ScriptedImporter) -> (artifact id: 'f514e86fdbad7f0cffc0a48caec0c423') in 0.0370808 seconds
Number of updated asset objects reloaded before import = 0Number of asset objects unloaded after import = 0

========================================================================
Received Import Request.
  Time since last request: 0.000191 seconds.
  path: Assets/TextMesh Pro/Resources/Fonts & Materials/LiberationSans SDF.asset
  artifactKey: Guid(8f586378b4e144a9851e7b34d9b748ee) Importer(2089858483,192608db42251d675da83286b1cce702)
Start importing Assets/TextMesh Pro/Resources/Fonts & Materials/LiberationSans SDF.asset using Guid(8f586378b4e144a9851e7b34d9b748ee) Importer(2089858483,192608db42251d675da83286b1cce702) (ScriptedImporter) -> (artifact id: 'fce74fe12ce0215762e82b68214993a2') in 0.0736483 seconds
Number of updated asset objects reloaded before import = 0Number of asset objects unloaded after import = 8

========================================================================
Received Import Request.
  Time since last request: 0.000025 seconds.
  path: Assets/FlashFile/Sprites.fla
  artifactKey: Guid(a79012c55bb9401469a99c03c1abcf05) Importer(2089858483,192608db42251d675da83286b1cce702)
Start importing Assets/FlashFile/Sprites.fla using Guid(a79012c55bb9401469a99c03c1abcf05) Importer(2089858483,192608db42251d675da83286b1cce702) (ScriptedImporter) -> (artifact id: '170f7a9e3cb8732fc4e19959535f7b53') in 0.1228902 seconds
Number of updated asset objects reloaded before import = 0Number of asset objects unloaded after import = 1

========================================================================
Received Import Request.
  Time since last request: 0.000223 seconds.
  path: Assets/Prefabs/Player.prefab
  artifactKey: Guid(afd69e5287b27c340abada50d8a89a82) Importer(2089858483,192608db42251d675da83286b1cce702)
Start importing Assets/Prefabs/Player.prefab using Guid(afd69e5287b27c340abada50d8a89a82) Importer(2089858483,192608db42251d675da83286b1cce702) (ScriptedImporter) -> (artifact id: '8f9224113520b70e830bd28f43b31931') in 0.4379853 seconds
Number of updated asset objects reloaded before import = 0Number of asset objects unloaded after import = 14

========================================================================
Received Import Request.
  Time since last request: 0.000038 seconds.
  path: Assets/SimpleJSON/Properties/AssemblyInfo.cs
  artifactKey: Guid(e42bdee336b5cc1448abd68f01916f9f) Importer(2089858483,192608db42251d675da83286b1cce702)
Start importing Assets/SimpleJSON/Properties/AssemblyInfo.cs using Guid(e42bdee336b5cc1448abd68f01916f9f) Importer(2089858483,192608db42251d675da83286b1cce702) (ScriptedImporter) -> (artifact id: 'a94281aabe4a01398af23d2cbe2bcf36') in 0.0328765 seconds
Number of updated asset objects reloaded before import = 0Number of asset objects unloaded after import = 0

========================================================================
Received Import Request.
  Time since last request: 0.000176 seconds.
  path: Assets/Scripts/ConeScript.cs
  artifactKey: Guid(2a60d819adf338e44865eaeae12ae21d) Importer(2089858483,192608db42251d675da83286b1cce702)
Start importing Assets/Scripts/ConeScript.cs using Guid(2a60d819adf338e44865eaeae12ae21d) Importer(2089858483,192608db42251d675da83286b1cce702) (ScriptedImporter) -> (artifact id: '47ec6427f3c65c6778f496444491d9de') in 0.0433112 seconds
Number of updated asset objects reloaded before import = 0Number of asset objects unloaded after import = 0

========================================================================
Received Import Request.
  Time since last request: 0.000175 seconds.
  path: Assets/Fontes/Rede Rounded F99 SDF.asset
  artifactKey: Guid(b9afb15059c9a8544bdffa8b9f3b92c0) Importer(2089858483,192608db42251d675da83286b1cce702)
Start importing Assets/Fontes/Rede Rounded F99 SDF.asset using Guid(b9afb15059c9a8544bdffa8b9f3b92c0) Importer(2089858483,192608db42251d675da83286b1cce702) (ScriptedImporter) -> (artifact id: '844e15614be24ed3fc351b6eb9614887') in 0.3157307 seconds
Number of updated asset objects reloaded before import = 0Number of asset objects unloaded after import = 3

========================================================================
Received Import Request.
  Time since last request: 0.000030 seconds.
  path: Assets/TextMesh Pro/Shaders/TMP_Bitmap-Custom-Atlas.shader
  artifactKey: Guid(48bb5f55d8670e349b6e614913f9d910) Importer(2089858483,192608db42251d675da83286b1cce702)
Start importing Assets/TextMesh Pro/Shaders/TMP_Bitmap-Custom-Atlas.shader using Guid(48bb5f55d8670e349b6e614913f9d910) Importer(2089858483,192608db42251d675da83286b1cce702) (ScriptedImporter) -> (artifact id: '49da69c1c005815bf5687f5fbeb89a87') in 0.0391679 seconds
Number of updated asset objects reloaded before import = 0Number of asset objects unloaded after import = 1

========================================================================
Received Import Request.
  Time since last request: 0.000147 seconds.
  path: Assets/TextMesh Pro/Shaders/TMP_SDF-URP Unlit.shadergraph
  artifactKey: Guid(124c112a6e8f1a54e8b0870e881b56d8) Importer(2089858483,192608db42251d675da83286b1cce702)
Start importing Assets/TextMesh Pro/Shaders/TMP_SDF-URP Unlit.shadergraph using Guid(124c112a6e8f1a54e8b0870e881b56d8) Importer(2089858483,192608db42251d675da83286b1cce702) (ScriptedImporter) -> (artifact id: 'bca23bf6b3798bb89f51c121271f1494') in 0.0328329 seconds
Number of updated asset objects reloaded before import = 0Number of asset objects unloaded after import = 1

========================================================================
Received Import Request.
  Time since last request: 0.000156 seconds.
  path: Assets/Sprites/bg1.png
  artifactKey: Guid(b3a31203ba4ad0242a562056bdda58f7) Importer(2089858483,192608db42251d675da83286b1cce702)
Start importing Assets/Sprites/bg1.png using Guid(b3a31203ba4ad0242a562056bdda58f7) Importer(2089858483,192608db42251d675da83286b1cce702) (ScriptedImporter) -> (artifact id: '8ee5002f4b63823f97f944d34ed5e2b4') in 0.1056063 seconds
Number of updated asset objects reloaded before import = 0Number of asset objects unloaded after import = 3

========================================================================
Received Import Request.
  Time since last request: 0.000025 seconds.
  path: Assets/TextMesh Pro/Shaders/TMP_Bitmap-Mobile.shader
  artifactKey: Guid(1e3b057af24249748ff873be7fafee47) Importer(2089858483,192608db42251d675da83286b1cce702)
Start importing Assets/TextMesh Pro/Shaders/TMP_Bitmap-Mobile.shader using Guid(1e3b057af24249748ff873be7fafee47) Importer(2089858483,192608db42251d675da83286b1cce702) (ScriptedImporter) -> (artifact id: '6cc929310e7c8b27bb7bd49dc750c669') in 0.0534732 seconds
Number of updated asset objects reloaded before import = 0Number of asset objects unloaded after import = 1

========================================================================
Received Import Request.
  Time since last request: 0.000148 seconds.
  path: Assets/Fontes/Conero.otf
  artifactKey: Guid(fc07c0cc55997ee4794dc27bc709e6ce) Importer(2089858483,192608db42251d675da83286b1cce702)
Start importing Assets/Fontes/Conero.otf using Guid(fc07c0cc55997ee4794dc27bc709e6ce) Importer(2089858483,192608db42251d675da83286b1cce702) (ScriptedImporter) -> (artifact id: '3083b0227c20d53773e4f64d9dbbb5a0') in 0.0599164 seconds
Number of updated asset objects reloaded before import = 0Number of asset objects unloaded after import = 3

========================================================================
Received Import Request.
  Time since last request: 0.000036 seconds.
  path: Assets/Scenes/Loader.unity
  artifactKey: Guid(0d4f00ca14f2814478d71726daef2e79) Importer(2089858483,192608db42251d675da83286b1cce702)
Start importing Assets/Scenes/Loader.unity using Guid(0d4f00ca14f2814478d71726daef2e79) Importer(2089858483,192608db42251d675da83286b1cce702) (ScriptedImporter) -> (artifact id: 'e6236fc24491743a11a60605d435ff7e') in 0.202232 seconds
Number of updated asset objects reloaded before import = 0Number of asset objects unloaded after import = 1

========================================================================
Received Import Request.
  Time since last request: 0.000180 seconds.
  path: Assets/Scripts/NgioAppConnector.cs
  artifactKey: Guid(1dc0f021d9227544db1dd73b95652cb6) Importer(2089858483,192608db42251d675da83286b1cce702)
Start importing Assets/Scripts/NgioAppConnector.cs using Guid(1dc0f021d9227544db1dd73b95652cb6) Importer(2089858483,192608db42251d675da83286b1cce702) (ScriptedImporter) -> (artifact id: 'd688e9db75e9134cd9262ae58a24d3c1') in 0.0249285 seconds
Number of updated asset objects reloaded before import = 0Number of asset objects unloaded after import = 0

========================================================================
Received Import Request.
  Time since last request: 0.000221 seconds.
  path: Assets/Plugins/WebGL/newgroundsioPlugin.jslib
  artifactKey: Guid(b32c902181b8b2d4d93e3d5850c606e4) Importer(2089858483,192608db42251d675da83286b1cce702)
Start importing Assets/Plugins/WebGL/newgroundsioPlugin.jslib using Guid(b32c902181b8b2d4d93e3d5850c606e4) Importer(2089858483,192608db42251d675da83286b1cce702) (ScriptedImporter) -> (artifact id: '72a8324b75d6c6873931f11efea16201') in 0.0783912 seconds
Number of updated asset objects reloaded before import = 0Number of asset objects unloaded after import = 0

========================================================================
Received Import Request.
  Time since last request: 0.000150 seconds.
  path: Assets/TextMesh Pro/Shaders/TMP_SDF-URP Lit.shadergraph
  artifactKey: Guid(a3d800b099a06e0478fb790c5e79057a) Importer(2089858483,192608db42251d675da83286b1cce702)
Start importing Assets/TextMesh Pro/Shaders/TMP_SDF-URP Lit.shadergraph using Guid(a3d800b099a06e0478fb790c5e79057a) Importer(2089858483,192608db42251d675da83286b1cce702) (ScriptedImporter) -> (artifact id: '16ab18924950db8620fecf0ebe97e545') in 0.0392932 seconds
Number of updated asset objects reloaded before import = 0Number of asset objects unloaded after import = 1

========================================================================
Received Import Request.
  Time since last request: 0.000124 seconds.
  path: Assets/TextMesh Pro/Resources/Sprite Assets/EmojiOne.asset
  artifactKey: Guid(c41005c129ba4d66911b75229fd70b45) Importer(2089858483,192608db42251d675da83286b1cce702)
Start importing Assets/TextMesh Pro/Resources/Sprite Assets/EmojiOne.asset using Guid(c41005c129ba4d66911b75229fd70b45) Importer(2089858483,192608db42251d675da83286b1cce702) (ScriptedImporter) -> (artifact id: '1fcb100f78c9eb3679495db858646eae') in 0.1171489 seconds
Number of updated asset objects reloaded before import = 0Number of asset objects unloaded after import = 3

========================================================================
Received Import Request.
  Time since last request: 0.000035 seconds.
  path: Assets/Scripts/GameManager.cs
  artifactKey: Guid(5405d43e8d2d0be498cbd9ef8c4939f3) Importer(2089858483,192608db42251d675da83286b1cce702)
Start importing Assets/Scripts/GameManager.cs using Guid(5405d43e8d2d0be498cbd9ef8c4939f3) Importer(2089858483,192608db42251d675da83286b1cce702) (ScriptedImporter) -> (artifact id: '148aa180597210d43da1573fc70177ba') in 0.0380246 seconds
Number of updated asset objects reloaded before import = 0Number of asset objects unloaded after import = 0

========================================================================
Received Import Request.
  Time since last request: 0.000137 seconds.
  path: Assets/Prefabs/DestruirCone.prefab
  artifactKey: Guid(379f1d6b468f7ee4583a06177612f5b1) Importer(2089858483,192608db42251d675da83286b1cce702)
Start importing Assets/Prefabs/DestruirCone.prefab using Guid(379f1d6b468f7ee4583a06177612f5b1) Importer(2089858483,192608db42251d675da83286b1cce702) (ScriptedImporter) -> (artifact id: '66577f38a7da30f120f3a0eb895f5234') in 0.0877469 seconds
Number of updated asset objects reloaded before import = 0Number of asset objects unloaded after import = 7

========================================================================
Received Import Request.
  Time since last request: 0.000028 seconds.
  path: Assets/SimpleJSON/JSONEncoder.cs
  artifactKey: Guid(de653bf18300b704891343f1494ecec8) Importer(2089858483,192608db42251d675da83286b1cce702)
Start importing Assets/SimpleJSON/JSONEncoder.cs using Guid(de653bf18300b704891343f1494ecec8) Importer(2089858483,192608db42251d675da83286b1cce702) (ScriptedImporter) -> (artifact id: 'b181a7f9b6e4b7dcf21351aa339ec813') in 0.041517 seconds
Number of updated asset objects reloaded before import = 0Number of asset objects unloaded after import = 0

========================================================================
Received Import Request.
  Time since last request: 0.000157 seconds.
  path: Assets/SimpleJSON/JSONStreamEncoder.cs
  artifactKey: Guid(e9b0e855363eccf4fa2bd818e6e9c5c9) Importer(2089858483,192608db42251d675da83286b1cce702)
Start importing Assets/SimpleJSON/JSONStreamEncoder.cs using Guid(e9b0e855363eccf4fa2bd818e6e9c5c9) Importer(2089858483,192608db42251d675da83286b1cce702) (ScriptedImporter) -> (artifact id: '2624b5b0953f355025a363b69bce1e18') in 0.0336604 seconds
Number of updated asset objects reloaded before import = 0Number of asset objects unloaded after import = 0

========================================================================
Received Import Request.
  Time since last request: 0.000178 seconds.
  path: Assets/Sprites/close.png
  artifactKey: Guid(6e568046fbbd1734180959c79baf4f74) Importer(2089858483,192608db42251d675da83286b1cce702)
Start importing Assets/Sprites/close.png using Guid(6e568046fbbd1734180959c79baf4f74) Importer(2089858483,192608db42251d675da83286b1cce702) (ScriptedImporter) -> (artifact id: 'a7a90efd99547dcb5c99a8d31bb5ce02') in 0.0489608 seconds
Number of updated asset objects reloaded before import = 0Number of asset objects unloaded after import = 3

========================================================================
Received Import Request.
  Time since last request: 0.000023 seconds.
  path: Assets/Sprites/ButtonLeft.png
  artifactKey: Guid(abcdf28263a9b314593a5a10b795f0e7) Importer(2089858483,192608db42251d675da83286b1cce702)
Start importing Assets/Sprites/ButtonLeft.png using Guid(abcdf28263a9b314593a5a10b795f0e7) Importer(2089858483,192608db42251d675da83286b1cce702) (ScriptedImporter) -> (artifact id: 'd04607a45be4a2fbc982457574427fe0') in 0.2661467 seconds
Number of updated asset objects reloaded before import = 0Number of asset objects unloaded after import = 3

========================================================================
Received Import Request.
  Time since last request: 0.000040 seconds.
  path: Assets/TextMesh Pro/Shaders/TMP_SDF-Mobile-2-Pass.shader
  artifactKey: Guid(0178fcb869bafef4690d177d31d17db8) Importer(2089858483,192608db42251d675da83286b1cce702)
Start importing Assets/TextMesh Pro/Shaders/TMP_SDF-Mobile-2-Pass.shader using Guid(0178fcb869bafef4690d177d31d17db8) Importer(2089858483,192608db42251d675da83286b1cce702) (ScriptedImporter) -> (artifact id: 'aa24683b9b7c00f6270898378c1419a0') in 0.0249538 seconds
Number of updated asset objects reloaded before import = 0Number of asset objects unloaded after import = 1

========================================================================
Received Import Request.
  Time since last request: 0.000082 seconds.
  path: Assets/Scripts/Pontuacao.cs
  artifactKey: Guid(c15c58e10a88fbe49970169499f9a2a4) Importer(2089858483,192608db42251d675da83286b1cce702)
Start importing Assets/Scripts/Pontuacao.cs using Guid(c15c58e10a88fbe49970169499f9a2a4) Importer(2089858483,192608db42251d675da83286b1cce702) (ScriptedImporter) -> (artifact id: 'd68b3f241448e0c650bdf9c347dc61fa') in 0.0167256 seconds
Number of updated asset objects reloaded before import = 0Number of asset objects unloaded after import = 0

========================================================================
Received Import Request.
  Time since last request: 0.000136 seconds.
  path: Assets/TextMesh Pro/Shaders/TMP_SDF-HDRP LIT.shadergraph
  artifactKey: Guid(ca2ed216f98028c4dae6c5224a952b3c) Importer(2089858483,192608db42251d675da83286b1cce702)
Start importing Assets/TextMesh Pro/Shaders/TMP_SDF-HDRP LIT.shadergraph using Guid(ca2ed216f98028c4dae6c5224a952b3c) Importer(2089858483,192608db42251d675da83286b1cce702) (ScriptedImporter) -> (artifact id: '9f057d76f681e7fe1d85113be7adcf98') in 0.0531671 seconds
Number of updated asset objects reloaded before import = 0Number of asset objects unloaded after import = 1

========================================================================
Received Import Request.
  Time since last request: 0.000180 seconds.
  path: Assets/TextMesh Pro/Shaders/TMP_SDF-Surface.shader
  artifactKey: Guid(f7ada0af4f174f0694ca6a487b8f543d) Importer(2089858483,192608db42251d675da83286b1cce702)
Start importing Assets/TextMesh Pro/Shaders/TMP_SDF-Surface.shader using Guid(f7ada0af4f174f0694ca6a487b8f543d) Importer(2089858483,192608db42251d675da83286b1cce702) (ScriptedImporter) -> (artifact id: '85c7023fcf4d8173c231950c00c7d60d') in 0.0341552 seconds
Number of updated asset objects reloaded before import = 0Number of asset objects unloaded after import = 1

========================================================================
Received Import Request.
  Time since last request: 0.000140 seconds.
  path: Assets/Scripts/MenuScript.cs
  artifactKey: Guid(eaabfa4d6b5bc314186a1ec77fc75113) Importer(2089858483,192608db42251d675da83286b1cce702)
Start importing Assets/Scripts/MenuScript.cs using Guid(eaabfa4d6b5bc314186a1ec77fc75113) Importer(2089858483,192608db42251d675da83286b1cce702) (ScriptedImporter) -> (artifact id: 'd9c150ef9c06ab214649c2d85cdfc030') in 0.0234701 seconds
Number of updated asset objects reloaded before import = 0Number of asset objects unloaded after import = 0

========================================================================
Received Import Request.
  Time since last request: 0.000086 seconds.
  path: Assets/Sprites/escapedosconeslogo.png
  artifactKey: Guid(0e4d322302d11614a96443741181b352) Importer(2089858483,192608db42251d675da83286b1cce702)
Start importing Assets/Sprites/escapedosconeslogo.png using Guid(0e4d322302d11614a96443741181b352) Importer(2089858483,192608db42251d675da83286b1cce702) (ScriptedImporter) -> (artifact id: 'e75d0527d8a8d3ab789834d75dc3e0c3') in 0.169729 seconds
Number of updated asset objects reloaded before import = 0Number of asset objects unloaded after import = 3

========================================================================
Received Import Request.
  Time since last request: 0.000058 seconds.
  path: Assets/Audio/ding.mp3
  artifactKey: Guid(8de10315dd200634e899a2825c683d99) Importer(2089858483,192608db42251d675da83286b1cce702)
Start importing Assets/Audio/ding.mp3 using Guid(8de10315dd200634e899a2825c683d99) Importer(2089858483,192608db42251d675da83286b1cce702) (ScriptedImporter) -> (artifact id: '6204f7c2c8db6c703b52ae8283f1fd05') in 0.0964939 seconds
Number of updated asset objects reloaded before import = 0Number of asset objects unloaded after import = 1

========================================================================
Received Import Request.
  Time since last request: 0.000038 seconds.
  path: Assets/TextMesh Pro/Shaders/TMPro_Properties.cginc
  artifactKey: Guid(3997e2241185407d80309a82f9148466) Importer(2089858483,192608db42251d675da83286b1cce702)
Start importing Assets/TextMesh Pro/Shaders/TMPro_Properties.cginc using Guid(3997e2241185407d80309a82f9148466) Importer(2089858483,192608db42251d675da83286b1cce702) (ScriptedImporter) -> (artifact id: 'e6977d535ecf92a4455dd9f411cdb86c') in 0.1501111 seconds
Number of updated asset objects reloaded before import = 0Number of asset objects unloaded after import = 1

========================================================================
Received Import Request.
  Time since last request: 0.000138 seconds.
  path: Assets/TextMesh Pro/Fonts/LiberationSans - OFL.txt
  artifactKey: Guid(6e59c59b81ab47f9b6ec5781fa725d2c) Importer(2089858483,192608db42251d675da83286b1cce702)
Start importing Assets/TextMesh Pro/Fonts/LiberationSans - OFL.txt using Guid(6e59c59b81ab47f9b6ec5781fa725d2c) Importer(2089858483,192608db42251d675da83286b1cce702) (ScriptedImporter) -> (artifact id: '4b3f5094b5445cd66bd6ff908bf994bd') in 0.0434635 seconds
Number of updated asset objects reloaded before import = 0Number of asset objects unloaded after import = 1

========================================================================
Received Import Request.
  Time since last request: 0.000117 seconds.
  path: Assets/TextMesh Pro/Shaders/TMP_SDF-HDRP UNLIT.shadergraph
  artifactKey: Guid(f63d574838ccfb44f84acc05fed0af48) Importer(2089858483,192608db42251d675da83286b1cce702)
Start importing Assets/TextMesh Pro/Shaders/TMP_SDF-HDRP UNLIT.shadergraph using Guid(f63d574838ccfb44f84acc05fed0af48) Importer(2089858483,192608db42251d675da83286b1cce702) (ScriptedImporter) -> (artifact id: '45620f696af82f43cb75fe3216ca462d') in 0.0461275 seconds
Number of updated asset objects reloaded before import = 0Number of asset objects unloaded after import = 1

========================================================================
Received Import Request.
  Time since last request: 0.000183 seconds.
  path: Assets/TextMesh Pro/Shaders/TMP_SDF-Mobile Masking.shader
  artifactKey: Guid(bc1ede39bf3643ee8e493720e4259791) Importer(2089858483,192608db42251d675da83286b1cce702)
Start importing Assets/TextMesh Pro/Shaders/TMP_SDF-Mobile Masking.shader using Guid(bc1ede39bf3643ee8e493720e4259791) Importer(2089858483,192608db42251d675da83286b1cce702) (ScriptedImporter) -> (artifact id: 'fafb8afcafeafd4b6e9d03de7a919075') in 0.1189069 seconds
Number of updated asset objects reloaded before import = 0Number of asset objects unloaded after import = 1

========================================================================
Received Import Request.
  Time since last request: 0.000164 seconds.
  path: Assets/TextMesh Pro/Shaders/TMP_Sprite.shader
  artifactKey: Guid(cf81c85f95fe47e1a27f6ae460cf182c) Importer(2089858483,192608db42251d675da83286b1cce702)
Start importing Assets/TextMesh Pro/Shaders/TMP_Sprite.shader using Guid(cf81c85f95fe47e1a27f6ae460cf182c) Importer(2089858483,192608db42251d675da83286b1cce702) (ScriptedImporter) -> (artifact id: 'f48793b7bd6e59b16fdad481f9dfd6c7') in 0.1117719 seconds
Number of updated asset objects reloaded before import = 0Number of asset objects unloaded after import = 1

========================================================================
Received Import Request.
  Time since last request: 0.000228 seconds.
  path: Assets/Sprites/cone.png
  artifactKey: Guid(fc75884ff1a2775449d389d58f2aaf4f) Importer(2089858483,192608db42251d675da83286b1cce702)
Start importing Assets/Sprites/cone.png using Guid(fc75884ff1a2775449d389d58f2aaf4f) Importer(2089858483,192608db42251d675da83286b1cce702) (ScriptedImporter) -> (artifact id: '807bdb8e462d176d3bf38402a496436e') in 0.0712265 seconds
Number of updated asset objects reloaded before import = 0Number of asset objects unloaded after import = 2

========================================================================
Received Import Request.
  Time since last request: 0.000223 seconds.
  path: Assets/TextMesh Pro/Shaders/TMP_SDF.shader
  artifactKey: Guid(68e6db2ebdc24f95958faec2be5558d6) Importer(2089858483,192608db42251d675da83286b1cce702)
Start importing Assets/TextMesh Pro/Shaders/TMP_SDF.shader using Guid(68e6db2ebdc24f95958faec2be5558d6) Importer(2089858483,192608db42251d675da83286b1cce702) (ScriptedImporter) -> (artifact id: '63a939bdc620bb8f1e85a50df910c2fd') in 0.1546905 seconds
Number of updated asset objects reloaded before import = 0Number of asset objects unloaded after import = 1

========================================================================
Received Import Request.
  Time since last request: 0.000348 seconds.
  path: Assets/Prefabs/Cone.prefab
  artifactKey: Guid(e368c7c4c26a61b45850539e5dd472d1) Importer(2089858483,192608db42251d675da83286b1cce702)
Start importing Assets/Prefabs/Cone.prefab using Guid(e368c7c4c26a61b45850539e5dd472d1) Importer(2089858483,192608db42251d675da83286b1cce702) (ScriptedImporter) -> (artifact id: '1f28fcf786288e039d01136f90a0c973') in 0.0761093 seconds
Number of updated asset objects reloaded before import = 0Number of asset objects unloaded after import = 9

========================================================================
Received Import Request.
  Time since last request: 0.000033 seconds.
  path: Assets/Audio/603518_No-Escape.mp3
  artifactKey: Guid(64a4cf483083efb4690d262c3c5f438c) Importer(2089858483,192608db42251d675da83286b1cce702)
Start importing Assets/Audio/603518_No-Escape.mp3 using Guid(64a4cf483083efb4690d262c3c5f438c) Importer(2089858483,192608db42251d675da83286b1cce702) (ScriptedImporter) -> (artifact id: 'cbc196c2888eb1d427414c3a3def05c6') in 1.2417583 seconds
Number of updated asset objects reloaded before import = 0Number of asset objects unloaded after import = 1

========================================================================
Received Import Request.
  Time since last request: 0.000194 seconds.
  path: Assets/Sprites/Carro.png
  artifactKey: Guid(57956630b84488749ab5a7a7bae8acff) Importer(2089858483,192608db42251d675da83286b1cce702)
Start importing Assets/Sprites/Carro.png using Guid(57956630b84488749ab5a7a7bae8acff) Importer(2089858483,192608db42251d675da83286b1cce702) (ScriptedImporter) -> (artifact id: '87ea8da949321f4e24f754db4b345556') in 0.0651565 seconds
Number of updated asset objects reloaded before import = 0Number of asset objects unloaded after import = 3

========================================================================
Received Import Request.
  Time since last request: 0.000038 seconds.
  path: Assets/TextMesh Pro/Shaders/TMP_SDF-Surface-Mobile.shader
  artifactKey: Guid(85187c2149c549c5b33f0cdb02836b17) Importer(2089858483,192608db42251d675da83286b1cce702)
Start importing Assets/TextMesh Pro/Shaders/TMP_SDF-Surface-Mobile.shader using Guid(85187c2149c549c5b33f0cdb02836b17) Importer(2089858483,192608db42251d675da83286b1cce702) (ScriptedImporter) -> (artifact id: '17e8906948d12e12af8f77c5cc6c3cf3') in 0.0685408 seconds
Number of updated asset objects reloaded before import = 0Number of asset objects unloaded after import = 1

========================================================================
Received Import Request.
  Time since last request: 0.000213 seconds.
  path: Assets/TextMesh Pro/Sprites/EmojiOne Attribution.txt
  artifactKey: Guid(381dcb09d5029d14897e55f98031fca5) Importer(2089858483,192608db42251d675da83286b1cce702)
Start importing Assets/TextMesh Pro/Sprites/EmojiOne Attribution.txt using Guid(381dcb09d5029d14897e55f98031fca5) Importer(2089858483,192608db42251d675da83286b1cce702) (ScriptedImporter) -> (artifact id: '7022902ec1f6f86e7c2f995ce3741b28') in 0.2014027 seconds
Number of updated asset objects reloaded before import = 0Number of asset objects unloaded after import = 1

========================================================================
Received Import Request.
  Time since last request: 0.000126 seconds.
  path: Assets/TextMesh Pro/Fonts/LiberationSans.ttf
  artifactKey: Guid(e3265ab4bf004d28a9537516768c1c75) Importer(2089858483,192608db42251d675da83286b1cce702)
Start importing Assets/TextMesh Pro/Fonts/LiberationSans.ttf using Guid(e3265ab4bf004d28a9537516768c1c75) Importer(2089858483,192608db42251d675da83286b1cce702) (ScriptedImporter) -> (artifact id: '11f4c633a61217169dd5e8fc1d717080') in 0.0205245 seconds
Number of updated asset objects reloaded before import = 0Number of asset objects unloaded after import = 3

========================================================================
Received Import Request.
  Time since last request: 0.000021 seconds.
  path: Assets/TextMesh Pro/Resources/Fonts & Materials/LiberationSans SDF - Outline.mat
  artifactKey: Guid(79459efec17a4d00a321bdcc27bbc385) Importer(2089858483,192608db42251d675da83286b1cce702)
Start importing Assets/TextMesh Pro/Resources/Fonts & Materials/LiberationSans SDF - Outline.mat using Guid(79459efec17a4d00a321bdcc27bbc385) Importer(2089858483,192608db42251d675da83286b1cce702) (ScriptedImporter) -> (artifact id: 'ba25b1ac4766e57414ed318685bdda90') in 0.1168853 seconds
Number of updated asset objects reloaded before import = 0Number of asset objects unloaded after import = 2

========================================================================
Received Import Request.
  Time since last request: 0.000042 seconds.
  path: Assets/TextMesh Pro/Shaders/TMPro_Surface.cginc
  artifactKey: Guid(d930090c0cd643c7b55f19a38538c162) Importer(2089858483,192608db42251d675da83286b1cce702)
Start importing Assets/TextMesh Pro/Shaders/TMPro_Surface.cginc using Guid(d930090c0cd643c7b55f19a38538c162) Importer(2089858483,192608db42251d675da83286b1cce702) (ScriptedImporter) -> (artifact id: 'aa0b01da767bc2ca7009168b015228df') in 0.0755469 seconds
Number of updated asset objects reloaded before import = 0Number of asset objects unloaded after import = 1

========================================================================
Received Import Request.
  Time since last request: 18.635095 seconds.
  path: Assets/Scenes/Loader.unity
  artifactKey: Guid(0d4f00ca14f2814478d71726daef2e79) Importer(815301076,1909f56bfc062723c751e8b465ee728b)
Start importing Assets/Scenes/Loader.unity using Guid(0d4f00ca14f2814478d71726daef2e79) Importer(815301076,1909f56bfc062723c751e8b465ee728b) (PreviewImporter) -> (artifact id: 'c01a9770b80ef50cb172770438df70e0') in 0.1070294 seconds
Number of updated asset objects reloaded before import = 0Number of asset objects unloaded after import = 0

========================================================================
Received Import Request.
  Time since last request: 6.414879 seconds.
  path: Assets/Scripts/NgioAppConnector.cs
  artifactKey: Guid(1dc0f021d9227544db1dd73b95652cb6) Importer(815301076,1909f56bfc062723c751e8b465ee728b)
Start importing Assets/Scripts/NgioAppConnector.cs using Guid(1dc0f021d9227544db1dd73b95652cb6) Importer(815301076,1909f56bfc062723c751e8b465ee728b) (PreviewImporter) -> (artifact id: '98c3b7e4d44df03e0fa3f88b40e78a03') in 0.0009047 seconds
Number of updated asset objects reloaded before import = 0Number of asset objects unloaded after import = 0

========================================================================
Received Prepare
Refreshing native plugins compatible for Editor in 3.28 ms, found 3 plugins.
Preloading 0 native plugins for Editor in 0.00 ms.
Unloading 0 Unused Serialized files (Serialized files now loaded: 0)
Unloading 2899 unused Assets / (0.7 MB). Loaded Objects now: 3423.
Memory consumption went from 82.2 MB to 81.5 MB.
Total: 12.200900 ms (FindLiveObjects: 0.604500 ms CreateObjectMapping: 0.716200 ms MarkObjects: 9.546300 ms  DeleteObjects: 1.331600 ms)

Prepare: number of updated asset objects reloaded= 0
========================================================================
Received Import Request.
  Time since last request: 31.257343 seconds.
  path: Assets/Scripts/NgioAppConnector.cs
  artifactKey: Guid(1dc0f021d9227544db1dd73b95652cb6) Importer(815301076,1909f56bfc062723c751e8b465ee728b)
Start importing Assets/Scripts/NgioAppConnector.cs using Guid(1dc0f021d9227544db1dd73b95652cb6) Importer(815301076,1909f56bfc062723c751e8b465ee728b) (PreviewImporter) -> (artifact id: '31c2524d1d9168684cff6ebc0d94d525') in 0.0009371 seconds
Number of updated asset objects reloaded before import = 0Number of asset objects unloaded after import = 0

========================================================================
Received Import Request.
  Time since last request: 0.725589 seconds.
  path: Assets/Scripts/NgioAppConnector.cs
  artifactKey: Guid(1dc0f021d9227544db1dd73b95652cb6) Importer(2089858483,192608db42251d675da83286b1cce702)
Start importing Assets/Scripts/NgioAppConnector.cs using Guid(1dc0f021d9227544db1dd73b95652cb6) Importer(2089858483,192608db42251d675da83286b1cce702) (ScriptedImporter) -> (artifact id: '2995f0996c9ac9358c0dc29e7cd49ee8') in 0.0155123 seconds
Number of updated asset objects reloaded before import = 0Number of asset objects unloaded after import = 0

========================================================================
Received Prepare
Refreshing native plugins compatible for Editor in 1.39 ms, found 3 plugins.
Preloading 0 native plugins for Editor in 0.00 ms.
Unloading 0 Unused Serialized files (Serialized files now loaded: 0)
Unloading 2899 unused Assets / (276.1 KB). Loaded Objects now: 3423.
Memory consumption went from 82.2 MB to 81.9 MB.
Total: 9.397000 ms (FindLiveObjects: 0.424700 ms CreateObjectMapping: 0.160700 ms MarkObjects: 7.487900 ms  DeleteObjects: 1.321800 ms)

Prepare: number of updated asset objects reloaded= 0
========================================================================
Received Import Request.
  Time since last request: 42.173469 seconds.
  path: Assets/Scripts/NgioAppConnector.cs
  artifactKey: Guid(1dc0f021d9227544db1dd73b95652cb6) Importer(815301076,1909f56bfc062723c751e8b465ee728b)
Start importing Assets/Scripts/NgioAppConnector.cs using Guid(1dc0f021d9227544db1dd73b95652cb6) Importer(815301076,1909f56bfc062723c751e8b465ee728b) (PreviewImporter) -> (artifact id: '476e01be2caa26fe585a69869c76a21b') in 0.001088 seconds
Number of updated asset objects reloaded before import = 0Number of asset objects unloaded after import = 0

========================================================================
Received Import Request.
  Time since last request: 0.832392 seconds.
  path: Assets/Scripts/NgioAppConnector.cs
  artifactKey: Guid(1dc0f021d9227544db1dd73b95652cb6) Importer(2089858483,192608db42251d675da83286b1cce702)
Start importing Assets/Scripts/NgioAppConnector.cs using Guid(1dc0f021d9227544db1dd73b95652cb6) Importer(2089858483,192608db42251d675da83286b1cce702) (ScriptedImporter) -> (artifact id: '20850c3087c75048f0a2cc72e720e7f7') in 0.0475789 seconds
Number of updated asset objects reloaded before import = 0Number of asset objects unloaded after import = 0

========================================================================
Received Prepare
Refreshing native plugins compatible for Editor in 3.57 ms, found 3 plugins.
Preloading 0 native plugins for Editor in 0.00 ms.
Unloading 0 Unused Serialized files (Serialized files now loaded: 0)
Unloading 2899 unused Assets / (0.5 MB). Loaded Objects now: 3423.
Memory consumption went from 82.2 MB to 81.6 MB.
Total: 13.195200 ms (FindLiveObjects: 1.000900 ms CreateObjectMapping: 0.862700 ms MarkObjects: 9.970800 ms  DeleteObjects: 1.358000 ms)

Prepare: number of updated asset objects reloaded= 0
========================================================================
Received Prepare
Refreshing native plugins compatible for Editor in 1.72 ms, found 3 plugins.
Preloading 0 native plugins for Editor in 0.00 ms.
Unloading 0 Unused Serialized files (Serialized files now loaded: 0)
Unloading 2899 unused Assets / (503.1 KB). Loaded Objects now: 3423.
Memory consumption went from 82.2 MB to 81.7 MB.
Total: 327.923300 ms (FindLiveObjects: 0.631800 ms CreateObjectMapping: 0.176500 ms MarkObjects: 172.079000 ms  DeleteObjects: 155.032500 ms)

Prepare: number of updated asset objects reloaded= 0
========================================================================
Received Import Request.
  Time since last request: 126.140142 seconds.
  path: Assets/Scripts/NgioAppConnector.cs
  artifactKey: Guid(1dc0f021d9227544db1dd73b95652cb6) Importer(2089858483,192608db42251d675da83286b1cce702)
Start importing Assets/Scripts/NgioAppConnector.cs using Guid(1dc0f021d9227544db1dd73b95652cb6) Importer(2089858483,192608db42251d675da83286b1cce702) (ScriptedImporter) -> (artifact id: 'd2f3f9704c1b1486c636543aa12d4e76') in 1.3621527 seconds
Number of updated asset objects reloaded before import = 0Number of asset objects unloaded after import = 0

========================================================================
Received Import Request.
  Time since last request: 0.000037 seconds.
  path: Assets/Scripts/NgioAppConnector.cs
  artifactKey: Guid(1dc0f021d9227544db1dd73b95652cb6) Importer(815301076,1909f56bfc062723c751e8b465ee728b)
Start importing Assets/Scripts/NgioAppConnector.cs using Guid(1dc0f021d9227544db1dd73b95652cb6) Importer(815301076,1909f56bfc062723c751e8b465ee728b) (PreviewImporter) -> (artifact id: '5760c7490c4e3cbfe604746317be4f6d') in 0.01062 seconds
Number of updated asset objects reloaded before import = 0Number of asset objects unloaded after import = 0

========================================================================
Received Import Request.
  Time since last request: 12.707722 seconds.
  path: Assets/Scripts/GameManager.cs
  artifactKey: Guid(5405d43e8d2d0be498cbd9ef8c4939f3) Importer(815301076,1909f56bfc062723c751e8b465ee728b)
Start importing Assets/Scripts/GameManager.cs using Guid(5405d43e8d2d0be498cbd9ef8c4939f3) Importer(815301076,1909f56bfc062723c751e8b465ee728b) (PreviewImporter) -> (artifact id: 'f1d215bac9a514ade7db9131b8df06c3') in 0.0008372 seconds
Number of updated asset objects reloaded before import = 0Number of asset objects unloaded after import = 0

========================================================================
Received Import Request.
  Time since last request: 0.355742 seconds.
  path: Assets/Scripts/PlayerScript.cs
  artifactKey: Guid(9c433b91e2c9c0f4eac14868e502af68) Importer(815301076,1909f56bfc062723c751e8b465ee728b)
Start importing Assets/Scripts/PlayerScript.cs using Guid(9c433b91e2c9c0f4eac14868e502af68) Importer(815301076,1909f56bfc062723c751e8b465ee728b) (PreviewImporter) -> (artifact id: 'e69cb4caa127a572e587c068dc3170d1') in 0.0008249 seconds
Number of updated asset objects reloaded before import = 0Number of asset objects unloaded after import = 0

========================================================================
Received Prepare
Refreshing native plugins compatible for Editor in 3.27 ms, found 3 plugins.
Preloading 0 native plugins for Editor in 0.00 ms.
Unloading 0 Unused Serialized files (Serialized files now loaded: 0)
Unloading 2899 unused Assets / (318.9 KB). Loaded Objects now: 3423.
Memory consumption went from 82.2 MB to 81.9 MB.
Total: 752.393700 ms (FindLiveObjects: 0.979400 ms CreateObjectMapping: 0.203700 ms MarkObjects: 682.559100 ms  DeleteObjects: 46.942700 ms)

Prepare: number of updated asset objects reloaded= 0
========================================================================
Received Import Request.
  Time since last request: 227.062072 seconds.
  path: Assets/Scripts/GameManager.cs
  artifactKey: Guid(5405d43e8d2d0be498cbd9ef8c4939f3) Importer(2089858483,192608db42251d675da83286b1cce702)
Start importing Assets/Scripts/GameManager.cs using Guid(5405d43e8d2d0be498cbd9ef8c4939f3) Importer(2089858483,192608db42251d675da83286b1cce702) (ScriptedImporter) -> (artifact id: '66ad5ebcb65ebf02c16bb83cc8a908e7') in 2.014622 seconds
Number of updated asset objects reloaded before import = 0Number of asset objects unloaded after import = 0

========================================================================
Received Import Request.
  Time since last request: 0.020430 seconds.
  path: Assets/Scripts/PlayerScript.cs
  artifactKey: Guid(9c433b91e2c9c0f4eac14868e502af68) Importer(2089858483,192608db42251d675da83286b1cce702)
Start importing Assets/Scripts/PlayerScript.cs using Guid(9c433b91e2c9c0f4eac14868e502af68) Importer(2089858483,192608db42251d675da83286b1cce702) (ScriptedImporter) -> (artifact id: '2690b2164ab3a454f7f7c39aca2c7315') in 0.1129089 seconds
Number of updated asset objects reloaded before import = 0Number of asset objects unloaded after import = 0

========================================================================
Received Import Request.
  Time since last request: 0.000248 seconds.
  path: Assets/Scripts/PlayerScript.cs
  artifactKey: Guid(9c433b91e2c9c0f4eac14868e502af68) Importer(815301076,1909f56bfc062723c751e8b465ee728b)
Start importing Assets/Scripts/PlayerScript.cs using Guid(9c433b91e2c9c0f4eac14868e502af68) Importer(815301076,1909f56bfc062723c751e8b465ee728b) (PreviewImporter) -> (artifact id: '3065f16b31254427cd7fd7d0e7926618') in 0.0996577 seconds
Number of updated asset objects reloaded before import = 0Number of asset objects unloaded after import = 0

========================================================================
Received Prepare
Refreshing native plugins compatible for Editor in 1.73 ms, found 3 plugins.
Preloading 0 native plugins for Editor in 0.00 ms.
Unloading 0 Unused Serialized files (Serialized files now loaded: 0)
Unloading 2899 unused Assets / (0.7 MB). Loaded Objects now: 3423.
Memory consumption went from 82.2 MB to 81.4 MB.
Total: 8.048600 ms (FindLiveObjects: 0.403900 ms CreateObjectMapping: 0.163600 ms MarkObjects: 6.281200 ms  DeleteObjects: 1.198300 ms)

Prepare: number of updated asset objects reloaded= 0
========================================================================
Received Import Request.
  Time since last request: 35.739374 seconds.
  path: Assets/Scripts/MenuScript.cs
  artifactKey: Guid(eaabfa4d6b5bc314186a1ec77fc75113) Importer(2089858483,192608db42251d675da83286b1cce702)
Start importing Assets/Scripts/MenuScript.cs using Guid(eaabfa4d6b5bc314186a1ec77fc75113) Importer(2089858483,192608db42251d675da83286b1cce702) (ScriptedImporter) -> (artifact id: '41bd5abb8d58c290281a8338e2ae1bfe') in 0.2164687 seconds
Number of updated asset objects reloaded before import = 0Number of asset objects unloaded after import = 0

========================================================================
Received Prepare
[Licensing::Client] Successfully resolved entitlement details
[Licensing::Module] License group:
  Id: F4-UWWC-HDTS-C65R-DKNB-XXXX
  Product: Unity Personal
  Type: ULF
  Expiration: Unlimited
[Licensing::Module] License group:
  Id: 4672995795270-UnityPersXXXX
  Product: Unity Personal
  Type: Assigned
  Expiration: Unlimited
Begin MonoManager ReloadAssembly
[Licensing::Client] Successfully resolved entitlement details
[Licensing::Module] License group:
  Id: F4-UWWC-HDTS-C65R-DKNB-XXXX
  Product: Unity Personal
  Type: ULF
  Expiration: Unlimited
[Licensing::Module] License group:
  Id: 4672995795270-UnityPersXXXX
  Product: Unity Personal
  Type: Assigned
  Expiration: Unlimited
Symbol file LoadedFromMemory is not a mono symbol file
- Loaded All Assemblies, in 16.278 seconds
Refreshing native plugins compatible for Editor in 38.58 ms, found 3 plugins.
Native extension for Android target not found
Native extension for WindowsStandalone target not found
Native extension for WebGL target not found
[Package Manager] Failed to launch server process. Reason: Unity was launched with the -noUpm command-line argument
[Package Manager] Unable to send message (not connected to server process).
[Package Manager] Cannot connect to Unity Package Manager local server
Mono: successfully reloaded assembly
- Finished resetting the current domain, in  0.863 seconds
Domain Reload Profiling: 17144ms
	BeginReloadAssembly (3949ms)
		ExecutionOrderSort (0ms)
		DisableScriptedObjects (123ms)
		BackupInstance (0ms)
		ReleaseScriptingObjects (1ms)
		CreateAndSetChildDomain (359ms)
	RebuildCommonClasses (56ms)
	RebuildNativeTypeToScriptingClass (17ms)
	initialDomainReloadingComplete (280ms)
	LoadAllAssembliesAndSetupDomain (11978ms)
		LoadAssemblies (14930ms)
		RebuildTransferFunctionScriptingTraits (0ms)
		AnalyzeDomain (316ms)
			TypeCache.Refresh (36ms)
				TypeCache.ScanAssembly (1ms)
			BuildScriptInfoCaches (263ms)
			ResolveRequiredComponents (4ms)
	FinalizeReload (863ms)
		ReleaseScriptCaches (0ms)
		RebuildScriptCaches (0ms)
		SetupLoadedEditorAssemblies (713ms)
			LogAssemblyErrors (0ms)
			InitializePlatformSupportModulesInManaged (50ms)
			SetLoadedEditorAssemblies (8ms)
			BeforeProcessingInitializeOnLoad (146ms)
			ProcessInitializeOnLoadAttributes (459ms)
			ProcessInitializeOnLoadMethodAttributes (46ms)
			AfterProcessingInitializeOnLoad (2ms)
			EditorAssembliesLoaded (2ms)
		ExecutionOrderSort2 (0ms)
		AwakeInstancesAfterBackupRestoration (10ms)
Refreshing native plugins compatible for Editor in 2.02 ms, found 3 plugins.
Preloading 0 native plugins for Editor in 0.00 ms.
Unloading 0 Unused Serialized files (Serialized files now loaded: 0)
Unloading 2908 unused Assets / (1.3 MB). Loaded Objects now: 3426.
Memory consumption went from 82.0 MB to 80.7 MB.
Total: 200.125700 ms (FindLiveObjects: 0.469100 ms CreateObjectMapping: 0.297600 ms MarkObjects: 195.856900 ms  DeleteObjects: 3.497100 ms)

Prepare: number of updated asset objects reloaded= 0
========================================================================
Received Import Request.
  Time since last request: 163.048198 seconds.
  path: Assets/Scenes/MainMenu.unity
  artifactKey: Guid(36acf26b322484148aec9f58ebfe5792) Importer(2089858483,192608db42251d675da83286b1cce702)
Start importing Assets/Scenes/MainMenu.unity using Guid(36acf26b322484148aec9f58ebfe5792) Importer(2089858483,192608db42251d675da83286b1cce702) (ScriptedImporter) -> (artifact id: '326bcb0b2fea8c0606f36b106651f1fa') in 0.4208488 seconds
Number of updated asset objects reloaded before import = 0Number of asset objects unloaded after import = 1

========================================================================
Received Prepare
[Licensing::Client] Successfully resolved entitlement details
[Licensing::Module] License group:
  Id: F4-UWWC-HDTS-C65R-DKNB-XXXX
  Product: Unity Personal
  Type: ULF
  Expiration: Unlimited
[Licensing::Module] License group:
  Id: 4672995795270-UnityPersXXXX
  Product: Unity Personal
  Type: Assigned
  Expiration: Unlimited
Begin MonoManager ReloadAssembly
[Licensing::Client] Successfully resolved entitlement details
[Licensing::Module] License group:
  Id: F4-UWWC-HDTS-C65R-DKNB-XXXX
  Product: Unity Personal
  Type: ULF
  Expiration: Unlimited
[Licensing::Module] License group:
  Id: 4672995795270-UnityPersXXXX
  Product: Unity Personal
  Type: Assigned
  Expiration: Unlimited
Symbol file LoadedFromMemory is not a mono symbol file
- Loaded All Assemblies, in  2.467 seconds
Refreshing native plugins compatible for Editor in 1.49 ms, found 3 plugins.
Native extension for Android target not found
Native extension for WindowsStandalone target not found
Native extension for WebGL target not found
GPGSUpgrader start
UnityEngine.Debug:ExtractStackTraceNoAlloc (byte*,int,string)
UnityEngine.StackTraceUtility:ExtractStackTrace ()
UnityEngine.DebugLogHandler:Internal_Log (UnityEngine.LogType,UnityEngine.LogOption,string,UnityEngine.Object)
UnityEngine.DebugLogHandler:LogFormat (UnityEngine.LogType,UnityEngine.Object,string,object[])
UnityEngine.Logger:Log (UnityEngine.LogType,object)
UnityEngine.Debug:Log (object)
GooglePlayGames.Editor.GPGSUpgrader:.cctor () (at Assets/GooglePlayGames/com.google.play.games/Editor/GPGSUpgrader.cs:38)
System.Runtime.CompilerServices.RuntimeHelpers:RunClassConstructor (System.RuntimeTypeHandle)
UnityEditor.EditorAssemblies:ProcessInitializeOnLoadAttributes (System.Type[])

(Filename: Assets/GooglePlayGames/com.google.play.games/Editor/GPGSUpgrader.cs Line: 38)

GPGSUpgrader done
UnityEngine.Debug:ExtractStackTraceNoAlloc (byte*,int,string)
UnityEngine.StackTraceUtility:ExtractStackTrace ()
UnityEngine.DebugLogHandler:Internal_Log (UnityEngine.LogType,UnityEngine.LogOption,string,UnityEngine.Object)
UnityEngine.DebugLogHandler:LogFormat (UnityEngine.LogType,UnityEngine.Object,string,object[])
UnityEngine.Logger:Log (UnityEngine.LogType,object)
UnityEngine.Debug:Log (object)
GooglePlayGames.Editor.GPGSUpgrader:.cctor () (at Assets/GooglePlayGames/com.google.play.games/Editor/GPGSUpgrader.cs:57)
System.Runtime.CompilerServices.RuntimeHelpers:RunClassConstructor (System.RuntimeTypeHandle)
UnityEditor.EditorAssemblies:ProcessInitializeOnLoadAttributes (System.Type[])

(Filename: Assets/GooglePlayGames/com.google.play.games/Editor/GPGSUpgrader.cs Line: 57)

[Package Manager] Failed to launch server process. Reason: Unity was launched with the -noUpm command-line argument
[Package Manager] Unable to send message (not connected to server process).
[Package Manager] Cannot connect to Unity Package Manager local server
Mono: successfully reloaded assembly
- Finished resetting the current domain, in  1.553 seconds
Domain Reload Profiling: 4026ms
	BeginReloadAssembly (807ms)
		ExecutionOrderSort (0ms)
		DisableScriptedObjects (110ms)
		BackupInstance (0ms)
		ReleaseScriptingObjects (1ms)
		CreateAndSetChildDomain (224ms)
	RebuildCommonClasses (140ms)
	RebuildNativeTypeToScriptingClass (16ms)
	initialDomainReloadingComplete (59ms)
	LoadAllAssembliesAndSetupDomain (1449ms)
		LoadAssemblies (1223ms)
		RebuildTransferFunctionScriptingTraits (0ms)
		AnalyzeDomain (524ms)
			TypeCache.Refresh (198ms)
				TypeCache.ScanAssembly (135ms)
			BuildScriptInfoCaches (316ms)
			ResolveRequiredComponents (3ms)
	FinalizeReload (1554ms)
		ReleaseScriptCaches (0ms)
		RebuildScriptCaches (0ms)
		SetupLoadedEditorAssemblies (1421ms)
			LogAssemblyErrors (0ms)
			InitializePlatformSupportModulesInManaged (14ms)
			SetLoadedEditorAssemblies (7ms)
			BeforeProcessingInitializeOnLoad (115ms)
			ProcessInitializeOnLoadAttributes (1233ms)
			ProcessInitializeOnLoadMethodAttributes (48ms)
			AfterProcessingInitializeOnLoad (2ms)
			EditorAssembliesLoaded (1ms)
		ExecutionOrderSort2 (0ms)
		AwakeInstancesAfterBackupRestoration (8ms)
Refreshing native plugins compatible for Editor in 2.14 ms, found 3 plugins.
Preloading 0 native plugins for Editor in 0.00 ms.
Unloading 0 Unused Serialized files (Serialized files now loaded: 0)
Unloading 2972 unused Assets / (0.7 MB). Loaded Objects now: 3492.
Memory consumption went from 82.3 MB to 81.6 MB.
Total: 830.410000 ms (FindLiveObjects: 1.033100 ms CreateObjectMapping: 0.216100 ms MarkObjects: 828.109500 ms  DeleteObjects: 1.044600 ms)

Prepare: number of updated asset objects reloaded= 0
========================================================================
Received Prepare
Refreshing native plugins compatible for Editor in 1449.47 ms, found 3 plugins.
Preloading 0 native plugins for Editor in 0.00 ms.
Unloading 0 Unused Serialized files (Serialized files now loaded: 0)
Unloading 2962 unused Assets / (345.2 KB). Loaded Objects now: 3492.
Memory consumption went from 82.5 MB to 82.1 MB.
Total: 1707.438800 ms (FindLiveObjects: 108.730900 ms CreateObjectMapping: 13.233000 ms MarkObjects: 1392.067900 ms  DeleteObjects: 105.836400 ms)

Prepare: number of updated asset objects reloaded= 0
========================================================================
Received Prepare
Refreshing native plugins compatible for Editor in 1.51 ms, found 3 plugins.
Preloading 0 native plugins for Editor in 0.00 ms.
Unloading 0 Unused Serialized files (Serialized files now loaded: 0)
Unloading 2962 unused Assets / (0.6 MB). Loaded Objects now: 3492.
Memory consumption went from 82.5 MB to 81.9 MB.
Total: 6.812100 ms (FindLiveObjects: 0.418300 ms CreateObjectMapping: 0.164400 ms MarkObjects: 5.285700 ms  DeleteObjects: 0.941900 ms)

Prepare: number of updated asset objects reloaded= 0
========================================================================
Received Prepare
Refreshing native plugins compatible for Editor in 1.63 ms, found 3 plugins.
Preloading 0 native plugins for Editor in 0.00 ms.
Unloading 0 Unused Serialized files (Serialized files now loaded: 0)
Unloading 2962 unused Assets / (0.7 MB). Loaded Objects now: 3492.
Memory consumption went from 82.5 MB to 81.8 MB.
Total: 6.957000 ms (FindLiveObjects: 0.443600 ms CreateObjectMapping: 0.219700 ms MarkObjects: 5.313700 ms  DeleteObjects: 0.978400 ms)

Prepare: number of updated asset objects reloaded= 0
========================================================================
Received Prepare
Refreshing native plugins compatible for Editor in 1.69 ms, found 3 plugins.
Preloading 0 native plugins for Editor in 0.00 ms.
Unloading 0 Unused Serialized files (Serialized files now loaded: 0)
Unloading 2962 unused Assets / (0.8 MB). Loaded Objects now: 3492.
Memory consumption went from 82.5 MB to 81.7 MB.
Total: 7.502500 ms (FindLiveObjects: 0.552200 ms CreateObjectMapping: 0.252000 ms MarkObjects: 5.623200 ms  DeleteObjects: 1.072700 ms)

Prepare: number of updated asset objects reloaded= 0
========================================================================
Received Prepare
Refreshing native plugins compatible for Editor in 2.11 ms, found 3 plugins.
Preloading 0 native plugins for Editor in 0.00 ms.
Unloading 0 Unused Serialized files (Serialized files now loaded: 0)
Unloading 2962 unused Assets / (0.9 MB). Loaded Objects now: 3492.
Memory consumption went from 82.5 MB to 81.6 MB.
Total: 6.685200 ms (FindLiveObjects: 0.435000 ms CreateObjectMapping: 0.200500 ms MarkObjects: 5.035000 ms  DeleteObjects: 1.012600 ms)

Prepare: number of updated asset objects reloaded= 0
========================================================================
Received Prepare
Refreshing native plugins compatible for Editor in 1.94 ms, found 3 plugins.
Preloading 0 native plugins for Editor in 0.00 ms.
Unloading 0 Unused Serialized files (Serialized files now loaded: 0)
Unloading 2962 unused Assets / (0.8 MB). Loaded Objects now: 3492.
Memory consumption went from 82.5 MB to 81.7 MB.
Total: 7.757400 ms (FindLiveObjects: 0.431900 ms CreateObjectMapping: 0.174400 ms MarkObjects: 6.129500 ms  DeleteObjects: 1.020100 ms)

Prepare: number of updated asset objects reloaded= 0
========================================================================
Received Prepare
Refreshing native plugins compatible for Editor in 1.46 ms, found 3 plugins.
Preloading 0 native plugins for Editor in 0.00 ms.
Unloading 0 Unused Serialized files (Serialized files now loaded: 0)
Unloading 2962 unused Assets / (0.5 MB). Loaded Objects now: 3492.
Memory consumption went from 82.5 MB to 81.9 MB.
Total: 6.111700 ms (FindLiveObjects: 0.421200 ms CreateObjectMapping: 0.168200 ms MarkObjects: 4.665800 ms  DeleteObjects: 0.854600 ms)

Prepare: number of updated asset objects reloaded= 0
========================================================================
Received Prepare
Refreshing native plugins compatible for Editor in 1.50 ms, found 3 plugins.
Preloading 0 native plugins for Editor in 0.00 ms.
Unloading 0 Unused Serialized files (Serialized files now loaded: 0)
Unloading 2962 unused Assets / (0.7 MB). Loaded Objects now: 3492.
Memory consumption went from 82.5 MB to 81.7 MB.
Total: 6.804500 ms (FindLiveObjects: 0.439500 ms CreateObjectMapping: 0.193900 ms MarkObjects: 5.137300 ms  DeleteObjects: 1.032500 ms)

Prepare: number of updated asset objects reloaded= 0
========================================================================
Received Prepare
Refreshing native plugins compatible for Editor in 1.51 ms, found 3 plugins.
Preloading 0 native plugins for Editor in 0.00 ms.
Unloading 0 Unused Serialized files (Serialized files now loaded: 0)
Unloading 2962 unused Assets / (0.8 MB). Loaded Objects now: 3492.
Memory consumption went from 82.5 MB to 81.7 MB.
Total: 6.739400 ms (FindLiveObjects: 0.441200 ms CreateObjectMapping: 0.190300 ms MarkObjects: 5.131400 ms  DeleteObjects: 0.975000 ms)

Prepare: number of updated asset objects reloaded= 0
========================================================================
Received Prepare
Refreshing native plugins compatible for Editor in 1.46 ms, found 3 plugins.
Preloading 0 native plugins for Editor in 0.00 ms.
Unloading 0 Unused Serialized files (Serialized files now loaded: 0)
Unloading 2962 unused Assets / (0.8 MB). Loaded Objects now: 3492.
Memory consumption went from 82.5 MB to 81.7 MB.
Total: 7.098300 ms (FindLiveObjects: 0.467100 ms CreateObjectMapping: 0.166300 ms MarkObjects: 5.315000 ms  DeleteObjects: 1.148200 ms)

Prepare: number of updated asset objects reloaded= 0
========================================================================
Received Prepare
Refreshing native plugins compatible for Editor in 1.53 ms, found 3 plugins.
Preloading 0 native plugins for Editor in 0.00 ms.
Unloading 0 Unused Serialized files (Serialized files now loaded: 0)
Unloading 2962 unused Assets / (503.2 KB). Loaded Objects now: 3492.
Memory consumption went from 82.5 MB to 82.0 MB.
Total: 6.530800 ms (FindLiveObjects: 0.452400 ms CreateObjectMapping: 0.189400 ms MarkObjects: 5.048400 ms  DeleteObjects: 0.839300 ms)

Prepare: number of updated asset objects reloaded= 0
========================================================================
Received Prepare
Refreshing native plugins compatible for Editor in 1.41 ms, found 3 plugins.
Preloading 0 native plugins for Editor in 0.00 ms.
Unloading 0 Unused Serialized files (Serialized files now loaded: 0)
Unloading 2962 unused Assets / (0.5 MB). Loaded Objects now: 3492.
Memory consumption went from 82.5 MB to 81.9 MB.
Total: 6.317600 ms (FindLiveObjects: 0.425100 ms CreateObjectMapping: 0.172500 ms MarkObjects: 4.905200 ms  DeleteObjects: 0.813500 ms)

Prepare: number of updated asset objects reloaded= 0
========================================================================
Received Prepare
Refreshing native plugins compatible for Editor in 1.49 ms, found 3 plugins.
Preloading 0 native plugins for Editor in 0.00 ms.
Unloading 0 Unused Serialized files (Serialized files now loaded: 0)
Unloading 2962 unused Assets / (0.8 MB). Loaded Objects now: 3492.
Memory consumption went from 82.5 MB to 81.7 MB.
Total: 7.162900 ms (FindLiveObjects: 0.459200 ms CreateObjectMapping: 0.221800 ms MarkObjects: 5.536200 ms  DeleteObjects: 0.944000 ms)

Prepare: number of updated asset objects reloaded= 0
========================================================================
Received Prepare
Refreshing native plugins compatible for Editor in 1.56 ms, found 3 plugins.
Preloading 0 native plugins for Editor in 0.00 ms.
Unloading 0 Unused Serialized files (Serialized files now loaded: 0)
Unloading 2962 unused Assets / (0.8 MB). Loaded Objects now: 3492.
Memory consumption went from 82.5 MB to 81.7 MB.
Total: 6.858800 ms (FindLiveObjects: 0.465200 ms CreateObjectMapping: 0.197100 ms MarkObjects: 5.216200 ms  DeleteObjects: 0.978600 ms)

Prepare: number of updated asset objects reloaded= 0
========================================================================
Received Prepare
Refreshing native plugins compatible for Editor in 1.84 ms, found 3 plugins.
Preloading 0 native plugins for Editor in 0.00 ms.
Unloading 0 Unused Serialized files (Serialized files now loaded: 0)
Unloading 2962 unused Assets / (0.5 MB). Loaded Objects now: 3492.
Memory consumption went from 82.5 MB to 81.9 MB.
Total: 7.223900 ms (FindLiveObjects: 0.546000 ms CreateObjectMapping: 0.199900 ms MarkObjects: 5.550200 ms  DeleteObjects: 0.925800 ms)

Prepare: number of updated asset objects reloaded= 0
========================================================================
Received Prepare
Refreshing native plugins compatible for Editor in 1.75 ms, found 3 plugins.
Preloading 0 native plugins for Editor in 0.00 ms.
Unloading 0 Unused Serialized files (Serialized files now loaded: 0)
Unloading 2962 unused Assets / (0.8 MB). Loaded Objects now: 3492.
Memory consumption went from 82.5 MB to 81.7 MB.
Total: 8.163800 ms (FindLiveObjects: 0.556700 ms CreateObjectMapping: 0.418800 ms MarkObjects: 6.011000 ms  DeleteObjects: 1.175500 ms)

Prepare: number of updated asset objects reloaded= 0
========================================================================
Received Prepare
Refreshing native plugins compatible for Editor in 1.42 ms, found 3 plugins.
Preloading 0 native plugins for Editor in 0.00 ms.
Unloading 0 Unused Serialized files (Serialized files now loaded: 0)
Unloading 2962 unused Assets / (0.7 MB). Loaded Objects now: 3492.
Memory consumption went from 82.5 MB to 81.8 MB.
Total: 6.503500 ms (FindLiveObjects: 0.440900 ms CreateObjectMapping: 0.300100 ms MarkObjects: 4.800600 ms  DeleteObjects: 0.960200 ms)

Prepare: number of updated asset objects reloaded= 0
========================================================================
Received Prepare
Refreshing native plugins compatible for Editor in 1.96 ms, found 3 plugins.
Preloading 0 native plugins for Editor in 0.00 ms.
Unloading 0 Unused Serialized files (Serialized files now loaded: 0)
Unloading 2962 unused Assets / (0.6 MB). Loaded Objects now: 3492.
Memory consumption went from 82.5 MB to 81.9 MB.
Total: 7.002500 ms (FindLiveObjects: 0.460600 ms CreateObjectMapping: 0.278800 ms MarkObjects: 5.353200 ms  DeleteObjects: 0.907700 ms)

Prepare: number of updated asset objects reloaded= 0
========================================================================
Received Prepare
Refreshing native plugins compatible for Editor in 2.17 ms, found 3 plugins.
Preloading 0 native plugins for Editor in 0.00 ms.
Unloading 0 Unused Serialized files (Serialized files now loaded: 0)
Unloading 2962 unused Assets / (0.8 MB). Loaded Objects now: 3492.
Memory consumption went from 82.5 MB to 81.7 MB.
Total: 6.917100 ms (FindLiveObjects: 0.433700 ms CreateObjectMapping: 0.191500 ms MarkObjects: 4.999300 ms  DeleteObjects: 1.290400 ms)

Prepare: number of updated asset objects reloaded= 0
========================================================================
Received Prepare
Refreshing native plugins compatible for Editor in 1.44 ms, found 3 plugins.
Preloading 0 native plugins for Editor in 0.00 ms.
Unloading 0 Unused Serialized files (Serialized files now loaded: 0)
Unloading 2962 unused Assets / (0.7 MB). Loaded Objects now: 3492.
Memory consumption went from 82.5 MB to 81.8 MB.
Total: 6.748300 ms (FindLiveObjects: 0.429300 ms CreateObjectMapping: 0.186900 ms MarkObjects: 5.104800 ms  DeleteObjects: 1.025700 ms)

Prepare: number of updated asset objects reloaded= 0
========================================================================
Received Prepare
Refreshing native plugins compatible for Editor in 1.81 ms, found 3 plugins.
Preloading 0 native plugins for Editor in 0.00 ms.
Unloading 0 Unused Serialized files (Serialized files now loaded: 0)
Unloading 2962 unused Assets / (0.6 MB). Loaded Objects now: 3492.
Memory consumption went from 82.5 MB to 81.9 MB.
Total: 6.372600 ms (FindLiveObjects: 0.477900 ms CreateObjectMapping: 0.179400 ms MarkObjects: 4.872600 ms  DeleteObjects: 0.840900 ms)

Prepare: number of updated asset objects reloaded= 0
========================================================================
Received Prepare
Refreshing native plugins compatible for Editor in 1.73 ms, found 3 plugins.
Preloading 0 native plugins for Editor in 0.00 ms.
Unloading 0 Unused Serialized files (Serialized files now loaded: 0)
Unloading 2962 unused Assets / (0.5 MB). Loaded Objects now: 3492.
Memory consumption went from 82.5 MB to 81.9 MB.
Total: 6.806700 ms (FindLiveObjects: 0.444600 ms CreateObjectMapping: 0.235600 ms MarkObjects: 5.253000 ms  DeleteObjects: 0.871400 ms)

Prepare: number of updated asset objects reloaded= 0
========================================================================
Received Prepare
Refreshing native plugins compatible for Editor in 1.44 ms, found 3 plugins.
Preloading 0 native plugins for Editor in 0.00 ms.
Unloading 0 Unused Serialized files (Serialized files now loaded: 0)
Unloading 2962 unused Assets / (0.5 MB). Loaded Objects now: 3492.
Memory consumption went from 82.5 MB to 81.9 MB.
Total: 6.206700 ms (FindLiveObjects: 0.478600 ms CreateObjectMapping: 0.191200 ms MarkObjects: 4.734200 ms  DeleteObjects: 0.801000 ms)

Prepare: number of updated asset objects reloaded= 0
========================================================================
Received Prepare
Refreshing native plugins compatible for Editor in 1.36 ms, found 3 plugins.
Preloading 0 native plugins for Editor in 0.00 ms.
Unloading 0 Unused Serialized files (Serialized files now loaded: 0)
Unloading 2962 unused Assets / (0.8 MB). Loaded Objects now: 3492.
Memory consumption went from 82.5 MB to 81.7 MB.
Total: 6.216600 ms (FindLiveObjects: 0.425700 ms CreateObjectMapping: 0.168900 ms MarkObjects: 4.695500 ms  DeleteObjects: 0.925300 ms)

Prepare: number of updated asset objects reloaded= 0
========================================================================
Received Prepare
Refreshing native plugins compatible for Editor in 1.52 ms, found 3 plugins.
Preloading 0 native plugins for Editor in 0.00 ms.
Unloading 0 Unused Serialized files (Serialized files now loaded: 0)
Unloading 2962 unused Assets / (0.8 MB). Loaded Objects now: 3492.
Memory consumption went from 82.5 MB to 81.7 MB.
Total: 6.681900 ms (FindLiveObjects: 0.452200 ms CreateObjectMapping: 0.203200 ms MarkObjects: 5.175900 ms  DeleteObjects: 0.848800 ms)

Prepare: number of updated asset objects reloaded= 0
========================================================================
Received Prepare
Refreshing native plugins compatible for Editor in 1.44 ms, found 3 plugins.
Preloading 0 native plugins for Editor in 0.00 ms.
Unloading 0 Unused Serialized files (Serialized files now loaded: 0)
Unloading 2962 unused Assets / (0.8 MB). Loaded Objects now: 3492.
Memory consumption went from 82.5 MB to 81.6 MB.
Total: 6.492900 ms (FindLiveObjects: 0.428700 ms CreateObjectMapping: 0.172200 ms MarkObjects: 4.795200 ms  DeleteObjects: 1.095100 ms)

Prepare: number of updated asset objects reloaded= 0
========================================================================
Received Prepare
Refreshing native plugins compatible for Editor in 1.53 ms, found 3 plugins.
Preloading 0 native plugins for Editor in 0.00 ms.
Unloading 0 Unused Serialized files (Serialized files now loaded: 0)
Unloading 2962 unused Assets / (0.6 MB). Loaded Objects now: 3492.
Memory consumption went from 82.5 MB to 81.8 MB.
Total: 6.699600 ms (FindLiveObjects: 0.429600 ms CreateObjectMapping: 0.180900 ms MarkObjects: 5.125800 ms  DeleteObjects: 0.961000 ms)

Prepare: number of updated asset objects reloaded= 0
========================================================================
Received Prepare
Refreshing native plugins compatible for Editor in 1.44 ms, found 3 plugins.
Preloading 0 native plugins for Editor in 0.00 ms.
Unloading 0 Unused Serialized files (Serialized files now loaded: 0)
Unloading 2962 unused Assets / (0.7 MB). Loaded Objects now: 3492.
Memory consumption went from 82.5 MB to 81.7 MB.
Total: 7.097000 ms (FindLiveObjects: 0.444600 ms CreateObjectMapping: 0.194900 ms MarkObjects: 5.330300 ms  DeleteObjects: 1.125800 ms)

Prepare: number of updated asset objects reloaded= 0
========================================================================
Received Prepare
Refreshing native plugins compatible for Editor in 1.31 ms, found 3 plugins.
Preloading 0 native plugins for Editor in 0.00 ms.
Unloading 0 Unused Serialized files (Serialized files now loaded: 0)
Unloading 2962 unused Assets / (0.8 MB). Loaded Objects now: 3492.
Memory consumption went from 82.5 MB to 81.7 MB.
Total: 6.795300 ms (FindLiveObjects: 0.435300 ms CreateObjectMapping: 0.256500 ms MarkObjects: 5.126100 ms  DeleteObjects: 0.975400 ms)

Prepare: number of updated asset objects reloaded= 0
========================================================================
Received Prepare
Refreshing native plugins compatible for Editor in 1.43 ms, found 3 plugins.
Preloading 0 native plugins for Editor in 0.00 ms.
Unloading 0 Unused Serialized files (Serialized files now loaded: 0)
Unloading 2962 unused Assets / (0.8 MB). Loaded Objects now: 3492.
Memory consumption went from 82.5 MB to 81.7 MB.
Total: 7.102700 ms (FindLiveObjects: 0.481100 ms CreateObjectMapping: 0.424400 ms MarkObjects: 5.228500 ms  DeleteObjects: 0.966900 ms)

Prepare: number of updated asset objects reloaded= 0
========================================================================
Received Prepare
Refreshing native plugins compatible for Editor in 1.45 ms, found 3 plugins.
Preloading 0 native plugins for Editor in 0.00 ms.
Unloading 0 Unused Serialized files (Serialized files now loaded: 0)
Unloading 2962 unused Assets / (1.2 MB). Loaded Objects now: 3492.
Memory consumption went from 82.5 MB to 81.3 MB.
Total: 8.024700 ms (FindLiveObjects: 0.519000 ms CreateObjectMapping: 0.384700 ms MarkObjects: 5.559600 ms  DeleteObjects: 1.559100 ms)

Prepare: number of updated asset objects reloaded= 0
========================================================================
Received Prepare
Refreshing native plugins compatible for Editor in 1.43 ms, found 3 plugins.
Preloading 0 native plugins for Editor in 0.00 ms.
Unloading 0 Unused Serialized files (Serialized files now loaded: 0)
Unloading 2962 unused Assets / (0.7 MB). Loaded Objects now: 3492.
Memory consumption went from 82.5 MB to 81.8 MB.
Total: 6.475300 ms (FindLiveObjects: 0.439400 ms CreateObjectMapping: 0.233400 ms MarkObjects: 4.817400 ms  DeleteObjects: 0.983600 ms)

Prepare: number of updated asset objects reloaded= 0
========================================================================
Received Prepare
Refreshing native plugins compatible for Editor in 1.69 ms, found 3 plugins.
Preloading 0 native plugins for Editor in 0.00 ms.
Unloading 0 Unused Serialized files (Serialized files now loaded: 0)
Unloading 2962 unused Assets / (0.7 MB). Loaded Objects now: 3492.
Memory consumption went from 82.5 MB to 81.8 MB.
Total: 7.590700 ms (FindLiveObjects: 0.542800 ms CreateObjectMapping: 0.231900 ms MarkObjects: 5.505800 ms  DeleteObjects: 1.307800 ms)

Prepare: number of updated asset objects reloaded= 0
========================================================================
Received Prepare
Refreshing native plugins compatible for Editor in 1.44 ms, found 3 plugins.
Preloading 0 native plugins for Editor in 0.00 ms.
Unloading 0 Unused Serialized files (Serialized files now loaded: 0)
Unloading 2962 unused Assets / (0.9 MB). Loaded Objects now: 3492.
Memory consumption went from 82.5 MB to 81.5 MB.
Total: 7.239000 ms (FindLiveObjects: 0.436500 ms CreateObjectMapping: 0.276400 ms MarkObjects: 5.161900 ms  DeleteObjects: 1.362000 ms)

Prepare: number of updated asset objects reloaded= 0
========================================================================
Received Prepare
Refreshing native plugins compatible for Editor in 1.49 ms, found 3 plugins.
Preloading 0 native plugins for Editor in 0.00 ms.
Unloading 0 Unused Serialized files (Serialized files now loaded: 0)
Unloading 2962 unused Assets / (1.2 MB). Loaded Objects now: 3492.
Memory consumption went from 82.5 MB to 81.3 MB.
Total: 9.017500 ms (FindLiveObjects: 0.442700 ms CreateObjectMapping: 0.250600 ms MarkObjects: 6.529400 ms  DeleteObjects: 1.793000 ms)

Prepare: number of updated asset objects reloaded= 0
========================================================================
Received Prepare
Refreshing native plugins compatible for Editor in 1.61 ms, found 3 plugins.
Preloading 0 native plugins for Editor in 0.00 ms.
Unloading 0 Unused Serialized files (Serialized files now loaded: 0)
Unloading 2962 unused Assets / (1.0 MB). Loaded Objects now: 3492.
Memory consumption went from 82.5 MB to 81.5 MB.
Total: 7.551500 ms (FindLiveObjects: 0.515000 ms CreateObjectMapping: 0.398700 ms MarkObjects: 5.099800 ms  DeleteObjects: 1.536500 ms)

Prepare: number of updated asset objects reloaded= 0
========================================================================
Received Prepare
Refreshing native plugins compatible for Editor in 1.34 ms, found 3 plugins.
Preloading 0 native plugins for Editor in 0.00 ms.
Unloading 0 Unused Serialized files (Serialized files now loaded: 0)
Unloading 2962 unused Assets / (2.9 MB). Loaded Objects now: 3492.
Memory consumption went from 82.5 MB to 79.6 MB.
Total: 68.284600 ms (FindLiveObjects: 0.447600 ms CreateObjectMapping: 0.251800 ms MarkObjects: 4.826700 ms  DeleteObjects: 62.756800 ms)

Prepare: number of updated asset objects reloaded= 0
========================================================================
Received Prepare
Refreshing native plugins compatible for Editor in 1.34 ms, found 3 plugins.
Preloading 0 native plugins for Editor in 0.00 ms.
Unloading 0 Unused Serialized files (Serialized files now loaded: 0)
Unloading 2962 unused Assets / (0.7 MB). Loaded Objects now: 3492.
Memory consumption went from 82.5 MB to 81.8 MB.
Total: 6.845000 ms (FindLiveObjects: 0.452700 ms CreateObjectMapping: 0.215600 ms MarkObjects: 5.182500 ms  DeleteObjects: 0.992600 ms)

Prepare: number of updated asset objects reloaded= 0
========================================================================
Received Prepare
Refreshing native plugins compatible for Editor in 1.71 ms, found 3 plugins.
Preloading 0 native plugins for Editor in 0.00 ms.
Unloading 0 Unused Serialized files (Serialized files now loaded: 0)
Unloading 2962 unused Assets / (0.6 MB). Loaded Objects now: 3492.
Memory consumption went from 82.5 MB to 81.9 MB.
Total: 7.911600 ms (FindLiveObjects: 0.487500 ms CreateObjectMapping: 0.376000 ms MarkObjects: 6.041500 ms  DeleteObjects: 1.005100 ms)

Prepare: number of updated asset objects reloaded= 0
========================================================================
Received Prepare
Refreshing native plugins compatible for Editor in 1.36 ms, found 3 plugins.
Preloading 0 native plugins for Editor in 0.00 ms.
Unloading 0 Unused Serialized files (Serialized files now loaded: 0)
Unloading 2962 unused Assets / (0.7 MB). Loaded Objects now: 3492.
Memory consumption went from 82.5 MB to 81.8 MB.
Total: 6.468400 ms (FindLiveObjects: 0.429500 ms CreateObjectMapping: 0.171900 ms MarkObjects: 4.953200 ms  DeleteObjects: 0.912400 ms)

Prepare: number of updated asset objects reloaded= 0
========================================================================
Received Prepare
Refreshing native plugins compatible for Editor in 2.00 ms, found 3 plugins.
Preloading 0 native plugins for Editor in 0.00 ms.
Unloading 0 Unused Serialized files (Serialized files now loaded: 0)
Unloading 2962 unused Assets / (1.5 MB). Loaded Objects now: 3492.
Memory consumption went from 82.5 MB to 81.0 MB.
Total: 8.198800 ms (FindLiveObjects: 0.472300 ms CreateObjectMapping: 0.182700 ms MarkObjects: 5.262600 ms  DeleteObjects: 2.278700 ms)

Prepare: number of updated asset objects reloaded= 0
========================================================================
Received Prepare
Refreshing native plugins compatible for Editor in 1.41 ms, found 3 plugins.
Preloading 0 native plugins for Editor in 0.00 ms.
Unloading 0 Unused Serialized files (Serialized files now loaded: 0)
Unloading 2962 unused Assets / (1.2 MB). Loaded Objects now: 3492.
Memory consumption went from 82.5 MB to 81.3 MB.
Total: 7.785000 ms (FindLiveObjects: 0.464900 ms CreateObjectMapping: 0.206400 ms MarkObjects: 5.516300 ms  DeleteObjects: 1.595600 ms)

Prepare: number of updated asset objects reloaded= 0
========================================================================
Received Prepare
Refreshing native plugins compatible for Editor in 1.57 ms, found 3 plugins.
Preloading 0 native plugins for Editor in 0.00 ms.
Unloading 0 Unused Serialized files (Serialized files now loaded: 0)
Unloading 2962 unused Assets / (0.6 MB). Loaded Objects now: 3492.
Memory consumption went from 82.5 MB to 81.9 MB.
Total: 6.854700 ms (FindLiveObjects: 0.499700 ms CreateObjectMapping: 0.255300 ms MarkObjects: 5.151500 ms  DeleteObjects: 0.945300 ms)

Prepare: number of updated asset objects reloaded= 0
========================================================================
Received Prepare
Refreshing native plugins compatible for Editor in 2.43 ms, found 3 plugins.
Preloading 0 native plugins for Editor in 0.00 ms.
Unloading 0 Unused Serialized files (Serialized files now loaded: 0)
Unloading 2962 unused Assets / (0.9 MB). Loaded Objects now: 3492.
Memory consumption went from 82.5 MB to 81.6 MB.
Total: 8.013300 ms (FindLiveObjects: 0.449000 ms CreateObjectMapping: 0.234200 ms MarkObjects: 6.217600 ms  DeleteObjects: 1.110300 ms)

Prepare: number of updated asset objects reloaded= 0
========================================================================
Received Prepare
Refreshing native plugins compatible for Editor in 1.40 ms, found 3 plugins.
Preloading 0 native plugins for Editor in 0.00 ms.
Unloading 0 Unused Serialized files (Serialized files now loaded: 0)
Unloading 2962 unused Assets / (0.5 MB). Loaded Objects now: 3492.
Memory consumption went from 82.5 MB to 81.9 MB.
Total: 6.368600 ms (FindLiveObjects: 0.449400 ms CreateObjectMapping: 0.174500 ms MarkObjects: 4.903000 ms  DeleteObjects: 0.840400 ms)

Prepare: number of updated asset objects reloaded= 0
========================================================================
Received Prepare
Refreshing native plugins compatible for Editor in 1.35 ms, found 3 plugins.
Preloading 0 native plugins for Editor in 0.00 ms.
Unloading 0 Unused Serialized files (Serialized files now loaded: 0)
Unloading 2962 unused Assets / (0.7 MB). Loaded Objects now: 3492.
Memory consumption went from 82.5 MB to 81.8 MB.
Total: 6.317000 ms (FindLiveObjects: 0.431300 ms CreateObjectMapping: 0.162300 ms MarkObjects: 4.582600 ms  DeleteObjects: 1.138600 ms)

Prepare: number of updated asset objects reloaded= 0
========================================================================
Received Prepare
Refreshing native plugins compatible for Editor in 1.85 ms, found 3 plugins.
Preloading 0 native plugins for Editor in 0.00 ms.
Unloading 0 Unused Serialized files (Serialized files now loaded: 0)
Unloading 2962 unused Assets / (0.7 MB). Loaded Objects now: 3492.
Memory consumption went from 82.5 MB to 81.8 MB.
Total: 6.968700 ms (FindLiveObjects: 0.441200 ms CreateObjectMapping: 0.228400 ms MarkObjects: 5.367200 ms  DeleteObjects: 0.930400 ms)

Prepare: number of updated asset objects reloaded= 0
========================================================================
Received Prepare
Refreshing native plugins compatible for Editor in 1.47 ms, found 3 plugins.
Preloading 0 native plugins for Editor in 0.00 ms.
Unloading 0 Unused Serialized files (Serialized files now loaded: 0)
Unloading 2962 unused Assets / (0.6 MB). Loaded Objects now: 3492.
Memory consumption went from 82.5 MB to 81.8 MB.
Total: 6.228300 ms (FindLiveObjects: 0.424000 ms CreateObjectMapping: 0.171100 ms MarkObjects: 4.809000 ms  DeleteObjects: 0.822700 ms)

Prepare: number of updated asset objects reloaded= 0
========================================================================
Received Prepare
Refreshing native plugins compatible for Editor in 1.58 ms, found 3 plugins.
Preloading 0 native plugins for Editor in 0.00 ms.
Unloading 0 Unused Serialized files (Serialized files now loaded: 0)
Unloading 2962 unused Assets / (0.5 MB). Loaded Objects now: 3492.
Memory consumption went from 82.5 MB to 81.9 MB.
Total: 6.789100 ms (FindLiveObjects: 0.448000 ms CreateObjectMapping: 0.281100 ms MarkObjects: 5.166000 ms  DeleteObjects: 0.892500 ms)

Prepare: number of updated asset objects reloaded= 0
========================================================================
Received Prepare
Refreshing native plugins compatible for Editor in 1.59 ms, found 3 plugins.
Preloading 0 native plugins for Editor in 0.00 ms.
Unloading 0 Unused Serialized files (Serialized files now loaded: 0)
Unloading 2962 unused Assets / (0.8 MB). Loaded Objects now: 3492.
Memory consumption went from 82.5 MB to 81.6 MB.
Total: 6.930800 ms (FindLiveObjects: 0.461700 ms CreateObjectMapping: 0.168000 ms MarkObjects: 5.311100 ms  DeleteObjects: 0.988400 ms)

Prepare: number of updated asset objects reloaded= 0
========================================================================
Received Prepare
Refreshing native plugins compatible for Editor in 1.84 ms, found 3 plugins.
Preloading 0 native plugins for Editor in 0.00 ms.
Unloading 0 Unused Serialized files (Serialized files now loaded: 0)
Unloading 2962 unused Assets / (0.5 MB). Loaded Objects now: 3492.
Memory consumption went from 82.5 MB to 81.9 MB.
Total: 6.701900 ms (FindLiveObjects: 0.548200 ms CreateObjectMapping: 0.287700 ms MarkObjects: 5.059100 ms  DeleteObjects: 0.805000 ms)

Prepare: number of updated asset objects reloaded= 0
========================================================================
Received Prepare
Refreshing native plugins compatible for Editor in 1.50 ms, found 3 plugins.
Preloading 0 native plugins for Editor in 0.00 ms.
Unloading 0 Unused Serialized files (Serialized files now loaded: 0)
Unloading 2962 unused Assets / (0.5 MB). Loaded Objects now: 3492.
Memory consumption went from 82.5 MB to 81.9 MB.
Total: 6.708600 ms (FindLiveObjects: 0.447800 ms CreateObjectMapping: 0.171000 ms MarkObjects: 5.212500 ms  DeleteObjects: 0.875300 ms)

Prepare: number of updated asset objects reloaded= 0
========================================================================
Received Prepare
Refreshing native plugins compatible for Editor in 2.20 ms, found 3 plugins.
Preloading 0 native plugins for Editor in 0.00 ms.
Unloading 0 Unused Serialized files (Serialized files now loaded: 0)
Unloading 2962 unused Assets / (0.7 MB). Loaded Objects now: 3492.
Memory consumption went from 82.5 MB to 81.7 MB.
Total: 7.060600 ms (FindLiveObjects: 0.602300 ms CreateObjectMapping: 0.356300 ms MarkObjects: 5.223200 ms  DeleteObjects: 0.877000 ms)

Prepare: number of updated asset objects reloaded= 0
========================================================================
Received Prepare
[Licensing::Client] Successfully resolved entitlement details
[Licensing::Module] License group:
  Id: F4-UWWC-HDTS-C65R-DKNB-XXXX
  Product: Unity Personal
  Type: ULF
  Expiration: Unlimited
[Licensing::Module] License group:
  Id: 4672995795270-UnityPersXXXX
  Product: Unity Personal
  Type: Assigned
  Expiration: Unlimited
Begin MonoManager ReloadAssembly
[Licensing::Client] Successfully resolved entitlement details
[Licensing::Module] License group:
  Id: F4-UWWC-HDTS-C65R-DKNB-XXXX
  Product: Unity Personal
  Type: ULF
  Expiration: Unlimited
[Licensing::Module] License group:
  Id: 4672995795270-UnityPersXXXX
  Product: Unity Personal
  Type: Assigned
  Expiration: Unlimited
Symbol file LoadedFromMemory is not a mono symbol file
- Loaded All Assemblies, in  3.464 seconds
Refreshing native plugins compatible for Editor in 2.21 ms, found 3 plugins.
Native extension for Android target not found
Native extension for WindowsStandalone target not found
Native extension for WebGL target not found
GPGSUpgrader start
UnityEngine.Debug:ExtractStackTraceNoAlloc (byte*,int,string)
UnityEngine.StackTraceUtility:ExtractStackTrace ()
UnityEngine.DebugLogHandler:Internal_Log (UnityEngine.LogType,UnityEngine.LogOption,string,UnityEngine.Object)
UnityEngine.DebugLogHandler:LogFormat (UnityEngine.LogType,UnityEngine.Object,string,object[])
UnityEngine.Logger:Log (UnityEngine.LogType,object)
UnityEngine.Debug:Log (object)
GooglePlayGames.Editor.GPGSUpgrader:.cctor () (at Assets/GooglePlayGames/com.google.play.games/Editor/GPGSUpgrader.cs:38)
System.Runtime.CompilerServices.RuntimeHelpers:RunClassConstructor (System.RuntimeTypeHandle)
UnityEditor.EditorAssemblies:ProcessInitializeOnLoadAttributes (System.Type[])

(Filename: Assets/GooglePlayGames/com.google.play.games/Editor/GPGSUpgrader.cs Line: 38)

GPGSUpgrader done
UnityEngine.Debug:ExtractStackTraceNoAlloc (byte*,int,string)
UnityEngine.StackTraceUtility:ExtractStackTrace ()
UnityEngine.DebugLogHandler:Internal_Log (UnityEngine.LogType,UnityEngine.LogOption,string,UnityEngine.Object)
UnityEngine.DebugLogHandler:LogFormat (UnityEngine.LogType,UnityEngine.Object,string,object[])
UnityEngine.Logger:Log (UnityEngine.LogType,object)
UnityEngine.Debug:Log (object)
GooglePlayGames.Editor.GPGSUpgrader:.cctor () (at Assets/GooglePlayGames/com.google.play.games/Editor/GPGSUpgrader.cs:57)
System.Runtime.CompilerServices.RuntimeHelpers:RunClassConstructor (System.RuntimeTypeHandle)
UnityEditor.EditorAssemblies:ProcessInitializeOnLoadAttributes (System.Type[])

(Filename: Assets/GooglePlayGames/com.google.play.games/Editor/GPGSUpgrader.cs Line: 57)

[Package Manager] Failed to launch server process. Reason: Unity was launched with the -noUpm command-line argument
[Package Manager] Unable to send message (not connected to server process).
[Package Manager] Cannot connect to Unity Package Manager local server
Mono: successfully reloaded assembly
- Finished resetting the current domain, in  0.763 seconds
Domain Reload Profiling: 4229ms
	BeginReloadAssembly (1216ms)
		ExecutionOrderSort (0ms)
		DisableScriptedObjects (198ms)
		BackupInstance (0ms)
		ReleaseScriptingObjects (1ms)
		CreateAndSetChildDomain (442ms)
	RebuildCommonClasses (71ms)
	RebuildNativeTypeToScriptingClass (15ms)
	initialDomainReloadingComplete (48ms)
	LoadAllAssembliesAndSetupDomain (2116ms)
		LoadAssemblies (2111ms)
		RebuildTransferFunctionScriptingTraits (0ms)
		AnalyzeDomain (342ms)
			TypeCache.Refresh (97ms)
				TypeCache.ScanAssembly (62ms)
			BuildScriptInfoCaches (234ms)
			ResolveRequiredComponents (3ms)
	FinalizeReload (764ms)
		ReleaseScriptCaches (0ms)
		RebuildScriptCaches (0ms)
		SetupLoadedEditorAssemblies (625ms)
			LogAssemblyErrors (0ms)
			InitializePlatformSupportModulesInManaged (14ms)
			SetLoadedEditorAssemblies (6ms)
			BeforeProcessingInitializeOnLoad (120ms)
			ProcessInitializeOnLoadAttributes (439ms)
			ProcessInitializeOnLoadMethodAttributes (43ms)
			AfterProcessingInitializeOnLoad (2ms)
			EditorAssembliesLoaded (0ms)
		ExecutionOrderSort2 (0ms)
		AwakeInstancesAfterBackupRestoration (7ms)
Refreshing native plugins compatible for Editor in 1.54 ms, found 3 plugins.
Preloading 0 native plugins for Editor in 0.00 ms.
Unloading 0 Unused Serialized files (Serialized files now loaded: 0)
Unloading 2972 unused Assets / (1.0 MB). Loaded Objects now: 3500.
Memory consumption went from 82.5 MB to 81.5 MB.
Total: 253.519600 ms (FindLiveObjects: 0.513600 ms CreateObjectMapping: 0.324900 ms MarkObjects: 241.650900 ms  DeleteObjects: 1.577200 ms)

Prepare: number of updated asset objects reloaded= 0
========================================================================
Received Prepare
Refreshing native plugins compatible for Editor in 2.00 ms, found 3 plugins.
Preloading 0 native plugins for Editor in 0.00 ms.
Unloading 0 Unused Serialized files (Serialized files now loaded: 0)
Unloading 2962 unused Assets / (0.7 MB). Loaded Objects now: 3500.
Memory consumption went from 82.6 MB to 81.9 MB.
Total: 7.019000 ms (FindLiveObjects: 0.433000 ms CreateObjectMapping: 0.172100 ms MarkObjects: 5.349500 ms  DeleteObjects: 1.062800 ms)

Prepare: number of updated asset objects reloaded= 0
========================================================================
Received Prepare
Refreshing native plugins compatible for Editor in 1.48 ms, found 3 plugins.
Preloading 0 native plugins for Editor in 0.00 ms.
Unloading 0 Unused Serialized files (Serialized files now loaded: 0)
Unloading 2962 unused Assets / (0.8 MB). Loaded Objects now: 3500.
Memory consumption went from 82.6 MB to 81.8 MB.
Total: 7.072300 ms (FindLiveObjects: 0.432200 ms CreateObjectMapping: 0.169100 ms MarkObjects: 5.120000 ms  DeleteObjects: 1.349700 ms)

Prepare: number of updated asset objects reloaded= 0
========================================================================
Received Prepare
Refreshing native plugins compatible for Editor in 1.59 ms, found 3 plugins.
Preloading 0 native plugins for Editor in 0.00 ms.
Unloading 0 Unused Serialized files (Serialized files now loaded: 0)
Unloading 2962 unused Assets / (0.9 MB). Loaded Objects now: 3500.
Memory consumption went from 82.6 MB to 81.7 MB.
Total: 8.099800 ms (FindLiveObjects: 0.440500 ms CreateObjectMapping: 0.192000 ms MarkObjects: 5.864500 ms  DeleteObjects: 1.600600 ms)

Prepare: number of updated asset objects reloaded= 0
========================================================================
Received Prepare
Refreshing native plugins compatible for Editor in 35.71 ms, found 3 plugins.
Preloading 0 native plugins for Editor in 0.00 ms.
Unloading 0 Unused Serialized files (Serialized files now loaded: 0)
Unloading 2966 unused Assets / (1.8 MB). Loaded Objects now: 3504.
Memory consumption went from 82.6 MB to 80.8 MB.
Total: 11.201700 ms (FindLiveObjects: 0.677700 ms CreateObjectMapping: 0.591800 ms MarkObjects: 7.138600 ms  DeleteObjects: 2.790900 ms)

Prepare: number of updated asset objects reloaded= 0
========================================================================
Received Prepare
Refreshing native plugins compatible for Editor in 19.33 ms, found 3 plugins.
Preloading 0 native plugins for Editor in 0.00 ms.
Unloading 0 Unused Serialized files (Serialized files now loaded: 0)
Unloading 2966 unused Assets / (168.9 KB). Loaded Objects now: 3504.
Memory consumption went from 82.6 MB to 82.5 MB.
Total: 206.273300 ms (FindLiveObjects: 4.786000 ms CreateObjectMapping: 0.389800 ms MarkObjects: 199.387200 ms  DeleteObjects: 1.705100 ms)

Prepare: number of updated asset objects reloaded= 0
========================================================================
Received Prepare
[Licensing::Client] Successfully resolved entitlement details
[Licensing::Module] License group:
  Id: F4-UWWC-HDTS-C65R-DKNB-XXXX
  Product: Unity Personal
  Type: ULF
  Expiration: Unlimited
[Licensing::Module] License group:
  Id: 4672995795270-UnityPersXXXX
  Product: Unity Personal
  Type: Assigned
  Expiration: Unlimited
Begin MonoManager ReloadAssembly
[Licensing::Client] Successfully resolved entitlement details
[Licensing::Module] License group:
  Id: F4-UWWC-HDTS-C65R-DKNB-XXXX
  Product: Unity Personal
  Type: ULF
  Expiration: Unlimited
[Licensing::Module] License group:
  Id: 4672995795270-UnityPersXXXX
  Product: Unity Personal
  Type: Assigned
  Expiration: Unlimited
Symbol file LoadedFromMemory is not a mono symbol file
- Loaded All Assemblies, in 12.549 seconds
Refreshing native plugins compatible for Editor in 2.36 ms, found 3 plugins.
Native extension for Android target not found
Native extension for WindowsStandalone target not found
Native extension for WebGL target not found
GPGSUpgrader start
UnityEngine.Debug:ExtractStackTraceNoAlloc (byte*,int,string)
UnityEngine.StackTraceUtility:ExtractStackTrace ()
UnityEngine.DebugLogHandler:Internal_Log (UnityEngine.LogType,UnityEngine.LogOption,string,UnityEngine.Object)
UnityEngine.DebugLogHandler:LogFormat (UnityEngine.LogType,UnityEngine.Object,string,object[])
UnityEngine.Logger:Log (UnityEngine.LogType,object)
UnityEngine.Debug:Log (object)
GooglePlayGames.Editor.GPGSUpgrader:.cctor () (at Assets/GooglePlayGames/com.google.play.games/Editor/GPGSUpgrader.cs:38)
System.Runtime.CompilerServices.RuntimeHelpers:RunClassConstructor (System.RuntimeTypeHandle)
UnityEditor.EditorAssemblies:ProcessInitializeOnLoadAttributes (System.Type[])

(Filename: Assets/GooglePlayGames/com.google.play.games/Editor/GPGSUpgrader.cs Line: 38)

GPGSUpgrader done
UnityEngine.Debug:ExtractStackTraceNoAlloc (byte*,int,string)
UnityEngine.StackTraceUtility:ExtractStackTrace ()
UnityEngine.DebugLogHandler:Internal_Log (UnityEngine.LogType,UnityEngine.LogOption,string,UnityEngine.Object)
UnityEngine.DebugLogHandler:LogFormat (UnityEngine.LogType,UnityEngine.Object,string,object[])
UnityEngine.Logger:Log (UnityEngine.LogType,object)
UnityEngine.Debug:Log (object)
GooglePlayGames.Editor.GPGSUpgrader:.cctor () (at Assets/GooglePlayGames/com.google.play.games/Editor/GPGSUpgrader.cs:57)
System.Runtime.CompilerServices.RuntimeHelpers:RunClassConstructor (System.RuntimeTypeHandle)
UnityEditor.EditorAssemblies:ProcessInitializeOnLoadAttributes (System.Type[])

(Filename: Assets/GooglePlayGames/com.google.play.games/Editor/GPGSUpgrader.cs Line: 57)

[Package Manager] Failed to launch server process. Reason: Unity was launched with the -noUpm command-line argument
[Package Manager] Unable to send message (not connected to server process).
[Package Manager] Cannot connect to Unity Package Manager local server
Mono: successfully reloaded assembly
- Finished resetting the current domain, in  0.692 seconds
Domain Reload Profiling: 13243ms
	BeginReloadAssembly (5014ms)
		ExecutionOrderSort (0ms)
		DisableScriptedObjects (224ms)
		BackupInstance (0ms)
		ReleaseScriptingObjects (1ms)
		CreateAndSetChildDomain (326ms)
	RebuildCommonClasses (309ms)
	RebuildNativeTypeToScriptingClass (14ms)
	initialDomainReloadingComplete (43ms)
	LoadAllAssembliesAndSetupDomain (7170ms)
		LoadAssemblies (10797ms)
		RebuildTransferFunctionScriptingTraits (0ms)
		AnalyzeDomain (371ms)
			TypeCache.Refresh (34ms)
				TypeCache.ScanAssembly (1ms)
			BuildScriptInfoCaches (326ms)
			ResolveRequiredComponents (4ms)
	FinalizeReload (693ms)
		ReleaseScriptCaches (0ms)
		RebuildScriptCaches (0ms)
		SetupLoadedEditorAssemblies (552ms)
			LogAssemblyErrors (0ms)
			InitializePlatformSupportModulesInManaged (14ms)
			SetLoadedEditorAssemblies (7ms)
			BeforeProcessingInitializeOnLoad (123ms)
			ProcessInitializeOnLoadAttributes (360ms)
			ProcessInitializeOnLoadMethodAttributes (45ms)
			AfterProcessingInitializeOnLoad (2ms)
			EditorAssembliesLoaded (0ms)
		ExecutionOrderSort2 (0ms)
		AwakeInstancesAfterBackupRestoration (7ms)
Refreshing native plugins compatible for Editor in 2.11 ms, found 3 plugins.
Preloading 0 native plugins for Editor in 0.00 ms.
Unloading 0 Unused Serialized files (Serialized files now loaded: 0)
Unloading 2977 unused Assets / (1.1 MB). Loaded Objects now: 3506.
Memory consumption went from 82.5 MB to 81.4 MB.
Total: 8.925500 ms (FindLiveObjects: 0.596900 ms CreateObjectMapping: 0.177700 ms MarkObjects: 6.592600 ms  DeleteObjects: 1.554600 ms)

Prepare: number of updated asset objects reloaded= 0
========================================================================
Received Import Request.
  Time since last request: 892.399724 seconds.
  path: Assets/Sprites
  artifactKey: Guid(63c8938bb9ae01542850b2f555fb8bf6) Importer(815301076,1909f56bfc062723c751e8b465ee728b)
Start importing Assets/Sprites using Guid(63c8938bb9ae01542850b2f555fb8bf6) Importer(815301076,1909f56bfc062723c751e8b465ee728b) (PreviewImporter) -> (artifact id: 'b2bde20c833eaf1ee3867a5d6f66dc49') in 0.0864493 seconds
Number of updated asset objects reloaded before import = 0Number of asset objects unloaded after import = 0

========================================================================
Received Import Request.
  Time since last request: 1.781541 seconds.
  path: Assets/ExternalDependencyManager/Editor/external-dependency-manager_version-1.2.182_manifest.txt
  artifactKey: Guid(d602686ba68d4bfea020d161c28431a9) Importer(2089858483,192608db42251d675da83286b1cce702)
Start importing Assets/ExternalDependencyManager/Editor/external-dependency-manager_version-1.2.182_manifest.txt using Guid(d602686ba68d4bfea020d161c28431a9) Importer(2089858483,192608db42251d675da83286b1cce702) (ScriptedImporter) -> (artifact id: '2ebdff77f848bf079fa9d4dd8fc79bde') in 0.298652 seconds
Number of updated asset objects reloaded before import = 0Number of asset objects unloaded after import = 1

========================================================================
Received Import Request.
  Time since last request: 0.000180 seconds.
  path: Assets/GooglePlayGames/com.google.play.games/Runtime/Scripts/BasicApi/AuthScope.cs
  artifactKey: Guid(46024b30df48146d9a58760a6b9e188e) Importer(2089858483,192608db42251d675da83286b1cce702)
Start importing Assets/GooglePlayGames/com.google.play.games/Runtime/Scripts/BasicApi/AuthScope.cs using Guid(46024b30df48146d9a58760a6b9e188e) Importer(2089858483,192608db42251d675da83286b1cce702) (ScriptedImporter) -> (artifact id: '7a511d7ff5d5c9dbd3b23495f73b8ef5') in 0.1421999 seconds
Number of updated asset objects reloaded before import = 0Number of asset objects unloaded after import = 0

========================================================================
Received Import Request.
  Time since last request: 0.000164 seconds.
  path: Assets/GooglePlayGames/com.google.play.games/Editor/m2repository
  artifactKey: Guid(a1aac54589c4640cd89900056af3a094) Importer(2089858483,192608db42251d675da83286b1cce702)
Start importing Assets/GooglePlayGames/com.google.play.games/Editor/m2repository using Guid(a1aac54589c4640cd89900056af3a094) Importer(2089858483,192608db42251d675da83286b1cce702) (ScriptedImporter) -> (artifact id: 'd167ff0d074c3fb6e025bd155bc26818') in 0.0571779 seconds
Number of updated asset objects reloaded before import = 0Number of asset objects unloaded after import = 1

========================================================================
Received Import Request.
  Time since last request: 0.000170 seconds.
  path: Assets/GooglePlayGames/com.google.play.games/Runtime/Scripts/Platforms/NearbyConnectionClientFactory.cs
  artifactKey: Guid(ff1201bd0205943ba9c881e50e38156b) Importer(2089858483,192608db42251d675da83286b1cce702)
Start importing Assets/GooglePlayGames/com.google.play.games/Runtime/Scripts/Platforms/NearbyConnectionClientFactory.cs using Guid(ff1201bd0205943ba9c881e50e38156b) Importer(2089858483,192608db42251d675da83286b1cce702) (ScriptedImporter) -> (artifact id: 'ee356e7219e9a5909ad4bb5ffbedeb93') in 0.0516199 seconds
Number of updated asset objects reloaded before import = 0Number of asset objects unloaded after import = 0

========================================================================
Received Import Request.
  Time since last request: 0.000129 seconds.
  path: Assets/GooglePlayGames/com.google.play.games/Editor/m2repository/com/google/games/gpgs-plugin-support/maven-metadata.xml
  artifactKey: Guid(5e7cbb11d2cd04f6380a65c16715e9a4) Importer(2089858483,192608db42251d675da83286b1cce702)
Start importing Assets/GooglePlayGames/com.google.play.games/Editor/m2repository/com/google/games/gpgs-plugin-support/maven-metadata.xml using Guid(5e7cbb11d2cd04f6380a65c16715e9a4) Importer(2089858483,192608db42251d675da83286b1cce702) (ScriptedImporter) -> (artifact id: 'd02efa9fd1aca67cc9741244ba386f46') in 0.0652816 seconds
Number of updated asset objects reloaded before import = 0Number of asset objects unloaded after import = 1

========================================================================
Received Import Request.
  Time since last request: 0.000185 seconds.
  path: Assets/ExternalDependencyManager/Editor/LICENSE
  artifactKey: Guid(b91d7551a5d9453e914e5295af46195e) Importer(2089858483,192608db42251d675da83286b1cce702)
Start importing Assets/ExternalDependencyManager/Editor/LICENSE using Guid(b91d7551a5d9453e914e5295af46195e) Importer(2089858483,192608db42251d675da83286b1cce702) (ScriptedImporter) -> (artifact id: '9f57bd4e44d043692b96aebc2c8efad7') in 0.0371506 seconds
Number of updated asset objects reloaded before import = 0Number of asset objects unloaded after import = 1

========================================================================
Received Import Request.
  Time since last request: 0.000151 seconds.
  path: Assets/GooglePlayGames/com.google.play.games/Editor/m2repository/com/google/games/gpgs-plugin-support/2.1.0/gpgs-plugin-support-2.1.0.srcaar.sha1
  artifactKey: Guid(7fad262fe84ae4755bb1e5992d0bb0fe) Importer(2089858483,192608db42251d675da83286b1cce702)
Start importing Assets/GooglePlayGames/com.google.play.games/Editor/m2repository/com/google/games/gpgs-plugin-support/2.1.0/gpgs-plugin-support-2.1.0.srcaar.sha1 using Guid(7fad262fe84ae4755bb1e5992d0bb0fe) Importer(2089858483,192608db42251d675da83286b1cce702) (ScriptedImporter) -> (artifact id: '82933598462676616cbe98f108ae1e82') in 0.0471705 seconds
Number of updated asset objects reloaded before import = 0Number of asset objects unloaded after import = 1

========================================================================
Received Import Request.
  Time since last request: 0.000060 seconds.
  path: Assets/GooglePlayGames/com.google.play.games/Editor/GooglePlayGamesPluginDependencies.xml
  artifactKey: Guid(23be7d2a8d0784f2195988f3ee220ea2) Importer(2089858483,192608db42251d675da83286b1cce702)
Start importing Assets/GooglePlayGames/com.google.play.games/Editor/GooglePlayGamesPluginDependencies.xml using Guid(23be7d2a8d0784f2195988f3ee220ea2) Importer(2089858483,192608db42251d675da83286b1cce702) (ScriptedImporter) -> (artifact id: '3e3d98baac2ebc2b4b5aa656cf04f5f9') in 0.069686 seconds
Number of updated asset objects reloaded before import = 0Number of asset objects unloaded after import = 1

========================================================================
Received Import Request.
  Time since last request: 0.000172 seconds.
  path: Assets/GooglePlayGames/com.google.play.games/Editor/GPGSPostBuild.cs
  artifactKey: Guid(1a7b050a8e8214613893df7d81dcc13c) Importer(2089858483,192608db42251d675da83286b1cce702)
Start importing Assets/GooglePlayGames/com.google.play.games/Editor/GPGSPostBuild.cs using Guid(1a7b050a8e8214613893df7d81dcc13c) Importer(2089858483,192608db42251d675da83286b1cce702) (ScriptedImporter) -> (artifact id: 'bb95e789a675a9631545e353bdd2ea50') in 0.0481747 seconds
Number of updated asset objects reloaded before import = 0Number of asset objects unloaded after import = 0

========================================================================
Received Import Request.
  Time since last request: 0.000195 seconds.
  path: Assets/GooglePlayGames/com.google.play.games/Editor/m2repository/com/google/games/gpgs-plugin-support/2.1.0/gpgs-plugin-support-2.1.0.srcaar.md5
  artifactKey: Guid(be12aa927c7cf4436b9e41baec85bc56) Importer(2089858483,192608db42251d675da83286b1cce702)
Start importing Assets/GooglePlayGames/com.google.play.games/Editor/m2repository/com/google/games/gpgs-plugin-support/2.1.0/gpgs-plugin-support-2.1.0.srcaar.md5 using Guid(be12aa927c7cf4436b9e41baec85bc56) Importer(2089858483,192608db42251d675da83286b1cce702) (ScriptedImporter) -> (artifact id: 'b5d44d6d7b6548f31c3df95a19a178ad') in 0.0391451 seconds
Number of updated asset objects reloaded before import = 0Number of asset objects unloaded after import = 1

========================================================================
Received Import Request.
  Time since last request: 0.000148 seconds.
  path: Assets/GooglePlayGames/com.google.play.games/Proguard
  artifactKey: Guid(34de77d5a35fb46aeae90de4ad11647b) Importer(2089858483,192608db42251d675da83286b1cce702)
Start importing Assets/GooglePlayGames/com.google.play.games/Proguard using Guid(34de77d5a35fb46aeae90de4ad11647b) Importer(2089858483,192608db42251d675da83286b1cce702) (ScriptedImporter) -> (artifact id: '8dc3c155ecf6c85850ddcdb25a747d2f') in 0.081366 seconds
Number of updated asset objects reloaded before import = 0Number of asset objects unloaded after import = 1

========================================================================
Received Import Request.
  Time since last request: 0.000234 seconds.
  path: Assets/ExternalDependencyManager/Editor/1.2.182/Google.VersionHandlerImpl.pdb
  artifactKey: Guid(5f7e0d6d612a4e18be5161653a63d2f0) Importer(2089858483,192608db42251d675da83286b1cce702)
Start importing Assets/ExternalDependencyManager/Editor/1.2.182/Google.VersionHandlerImpl.pdb using Guid(5f7e0d6d612a4e18be5161653a63d2f0) Importer(2089858483,192608db42251d675da83286b1cce702) (ScriptedImporter) -> (artifact id: 'ade4abbb6110f4bc257d0b69d8c38cbb') in 0.0637329 seconds
Number of updated asset objects reloaded before import = 0Number of asset objects unloaded after import = 1

========================================================================
Received Import Request.
  Time since last request: 0.000464 seconds.
  path: Assets/GooglePlayGames/com.google.play.games/Runtime/Scripts/BasicApi/Nearby
  artifactKey: Guid(c980790a380df4850b17a208e544d062) Importer(2089858483,192608db42251d675da83286b1cce702)
Start importing Assets/GooglePlayGames/com.google.play.games/Runtime/Scripts/BasicApi/Nearby using Guid(c980790a380df4850b17a208e544d062) Importer(2089858483,192608db42251d675da83286b1cce702) (ScriptedImporter) -> (artifact id: '92cae93ecb274d4ad38d4e5f6acb1913') in 0.0649255 seconds
Number of updated asset objects reloaded before import = 0Number of asset objects unloaded after import = 1

========================================================================
Received Import Request.
  Time since last request: 0.000181 seconds.
  path: Assets/GooglePlayGames/com.google.play.games/Editor/GPGSUpgrader.cs
  artifactKey: Guid(357a64420a0c44b61a0ed7ca22c7f10f) Importer(2089858483,192608db42251d675da83286b1cce702)
Start importing Assets/GooglePlayGames/com.google.play.games/Editor/GPGSUpgrader.cs using Guid(357a64420a0c44b61a0ed7ca22c7f10f) Importer(2089858483,192608db42251d675da83286b1cce702) (ScriptedImporter) -> (artifact id: '77b51113b0bb31c76a4f806be623accc') in 0.0771713 seconds
Number of updated asset objects reloaded before import = 0Number of asset objects unloaded after import = 0

========================================================================
Received Import Request.
  Time since last request: 0.000135 seconds.
  path: Assets/GooglePlayGames/com.google.play.games/Editor/m2repository/com
  artifactKey: Guid(76a0a965afaf3450c92e9b41b493bbeb) Importer(2089858483,192608db42251d675da83286b1cce702)
Start importing Assets/GooglePlayGames/com.google.play.games/Editor/m2repository/com using Guid(76a0a965afaf3450c92e9b41b493bbeb) Importer(2089858483,192608db42251d675da83286b1cce702) (ScriptedImporter) -> (artifact id: '73c856dc3dc3c544264f267a3753cd2b') in 0.045846 seconds
Number of updated asset objects reloaded before import = 0Number of asset objects unloaded after import = 1

========================================================================
Received Import Request.
  Time since last request: 0.000102 seconds.
  path: Assets/GooglePlayGames/com.google.play.games/Editor/m2repository/com/google/games/gpgs-plugin-support/2.1.0/gpgs-plugin-support-2.1.0.srcaar.sha512
  artifactKey: Guid(7c8d8706ef3f5409d86d34690d62e5a7) Importer(2089858483,192608db42251d675da83286b1cce702)
Start importing Assets/GooglePlayGames/com.google.play.games/Editor/m2repository/com/google/games/gpgs-plugin-support/2.1.0/gpgs-plugin-support-2.1.0.srcaar.sha512 using Guid(7c8d8706ef3f5409d86d34690d62e5a7) Importer(2089858483,192608db42251d675da83286b1cce702) (ScriptedImporter) -> (artifact id: 'de34a3d14c65df3f85adbb6658817f83') in 0.0391933 seconds
Number of updated asset objects reloaded before import = 0Number of asset objects unloaded after import = 1

========================================================================
Received Import Request.
  Time since last request: 0.000187 seconds.
  path: Assets/GooglePlayGames/com.google.play.games/Runtime/Scripts/OurUtils/PlatformUtils.cs
  artifactKey: Guid(053811e778f3d4e3e98065f5db5bd005) Importer(2089858483,192608db42251d675da83286b1cce702)
Start importing Assets/GooglePlayGames/com.google.play.games/Runtime/Scripts/OurUtils/PlatformUtils.cs using Guid(053811e778f3d4e3e98065f5db5bd005) Importer(2089858483,192608db42251d675da83286b1cce702) (ScriptedImporter) -> (artifact id: 'f485e04e1f99add2f0087f60b5841042') in 0.044189 seconds
Number of updated asset objects reloaded before import = 0Number of asset objects unloaded after import = 0

========================================================================
Received Import Request.
  Time since last request: 0.000153 seconds.
  path: Assets/GooglePlayGames/com.google.play.games/Editor/GPGSUtil.cs
  artifactKey: Guid(fd01714f9ee99447996b878b1ac67540) Importer(2089858483,192608db42251d675da83286b1cce702)
Start importing Assets/GooglePlayGames/com.google.play.games/Editor/GPGSUtil.cs using Guid(fd01714f9ee99447996b878b1ac67540) Importer(2089858483,192608db42251d675da83286b1cce702) (ScriptedImporter) -> (artifact id: 'd4b69a72f17ab08654e6660f10623d4a') in 0.0410058 seconds
Number of updated asset objects reloaded before import = 0Number of asset objects unloaded after import = 0

========================================================================
Received Import Request.
  Time since last request: 0.000198 seconds.
  path: Assets/GooglePlayGames/com.google.play.games/Editor/m2repository/com/google
  artifactKey: Guid(6cb1e99a036f54817b99eeef873b6466) Importer(2089858483,192608db42251d675da83286b1cce702)
Start importing Assets/GooglePlayGames/com.google.play.games/Editor/m2repository/com/google using Guid(6cb1e99a036f54817b99eeef873b6466) Importer(2089858483,192608db42251d675da83286b1cce702) (ScriptedImporter) -> (artifact id: 'f327bf20a338ce79c7e67f8aed889e42') in 0.0676345 seconds
Number of updated asset objects reloaded before import = 0Number of asset objects unloaded after import = 1

========================================================================
Received Import Request.
  Time since last request: 0.000138 seconds.
  path: Assets/GooglePlayGames/com.google.play.games/Runtime/Scripts/ISocialPlatform/PlayGamesLocalUser.cs
  artifactKey: Guid(3b5f03fe051cb4a41a3b5489bd63c24c) Importer(2089858483,192608db42251d675da83286b1cce702)
Start importing Assets/GooglePlayGames/com.google.play.games/Runtime/Scripts/ISocialPlatform/PlayGamesLocalUser.cs using Guid(3b5f03fe051cb4a41a3b5489bd63c24c) Importer(2089858483,192608db42251d675da83286b1cce702) (ScriptedImporter) -> (artifact id: '37523dafbaa67722f967e4a192be7afa') in 0.0538921 seconds
Number of updated asset objects reloaded before import = 0Number of asset objects unloaded after import = 0

========================================================================
Received Import Request.
  Time since last request: 0.000139 seconds.
  path: Assets/GooglePlayGames/com.google.play.games/Editor/template-AndroidManifest.txt
  artifactKey: Guid(0e1f3c150256848b1ba98702cfb71220) Importer(2089858483,192608db42251d675da83286b1cce702)
Start importing Assets/GooglePlayGames/com.google.play.games/Editor/template-AndroidManifest.txt using Guid(0e1f3c150256848b1ba98702cfb71220) Importer(2089858483,192608db42251d675da83286b1cce702) (ScriptedImporter) -> (artifact id: '0f5e7ab2fdeb1bbe000b706d134788f0') in 0.0516709 seconds
Number of updated asset objects reloaded before import = 0Number of asset objects unloaded after import = 1

========================================================================
Received Import Request.
  Time since last request: 0.000181 seconds.
  path: Assets/GooglePlayGames/com.google.play.games
  artifactKey: Guid(24d9eb3a0c4fc49e9b5e5b3600becdef) Importer(2089858483,192608db42251d675da83286b1cce702)
Start importing Assets/GooglePlayGames/com.google.play.games using Guid(24d9eb3a0c4fc49e9b5e5b3600becdef) Importer(2089858483,192608db42251d675da83286b1cce702) (ScriptedImporter) -> (artifact id: '59b39cf2636484f2c950111e979c76a1') in 0.0453324 seconds
Number of updated asset objects reloaded before import = 0Number of asset objects unloaded after import = 1

========================================================================
Received Import Request.
  Time since last request: 0.000129 seconds.
  path: Assets/ExternalDependencyManager/Editor/1.2.182/Google.JarResolver.dll
  artifactKey: Guid(5b1a2b9a8d0748609fa3195265844d21) Importer(2089858483,192608db42251d675da83286b1cce702)
Start importing Assets/ExternalDependencyManager/Editor/1.2.182/Google.JarResolver.dll using Guid(5b1a2b9a8d0748609fa3195265844d21) Importer(2089858483,192608db42251d675da83286b1cce702) (ScriptedImporter) -> (artifact id: 'faf06a95ed9ac44a87f763a00fb0018c') in 0.0871666 seconds
Number of updated asset objects reloaded before import = 0Number of asset objects unloaded after import = 0

========================================================================
Received Import Request.
  Time since last request: 0.000230 seconds.
  path: Assets/GooglePlayGames/com.google.play.games/Runtime/Scripts/BasicApi/Achievement.cs
  artifactKey: Guid(b20fc2fda369044ba962d1d9115c4c63) Importer(2089858483,192608db42251d675da83286b1cce702)
Start importing Assets/GooglePlayGames/com.google.play.games/Runtime/Scripts/BasicApi/Achievement.cs using Guid(b20fc2fda369044ba962d1d9115c4c63) Importer(2089858483,192608db42251d675da83286b1cce702) (ScriptedImporter) -> (artifact id: 'a388e93aa76ccfe979840e87d64d2e95') in 0.0657987 seconds
Number of updated asset objects reloaded before import = 0Number of asset objects unloaded after import = 0

========================================================================
Received Import Request.
  Time since last request: 0.000144 seconds.
  path: Assets/GooglePlayGames/com.google.play.games/Runtime/Scripts/BasicApi/SignInStatus.cs
  artifactKey: Guid(0992bc2597d741e59dc3f8c963a3ca25) Importer(2089858483,192608db42251d675da83286b1cce702)
Start importing Assets/GooglePlayGames/com.google.play.games/Runtime/Scripts/BasicApi/SignInStatus.cs using Guid(0992bc2597d741e59dc3f8c963a3ca25) Importer(2089858483,192608db42251d675da83286b1cce702) (ScriptedImporter) -> (artifact id: 'f651bf3d23037a72a23185749d2fe9f7') in 0.041011 seconds
Number of updated asset objects reloaded before import = 0Number of asset objects unloaded after import = 0

========================================================================
Received Import Request.
  Time since last request: 0.000158 seconds.
  path: Assets/GooglePlayGames/com.google.play.games/Editor/GPGSDocsUI.cs
  artifactKey: Guid(73cbcab28a27446ff9e06e06a040814f) Importer(2089858483,192608db42251d675da83286b1cce702)
Start importing Assets/GooglePlayGames/com.google.play.games/Editor/GPGSDocsUI.cs using Guid(73cbcab28a27446ff9e06e06a040814f) Importer(2089858483,192608db42251d675da83286b1cce702) (ScriptedImporter) -> (artifact id: 'd943e1f32de14ca3603c16b5c63ba816') in 0.0469243 seconds
Number of updated asset objects reloaded before import = 0Number of asset objects unloaded after import = 0

========================================================================
Received Import Request.
  Time since last request: 0.000195 seconds.
  path: Assets/GooglePlayGames/com.google.play.games/Runtime/Scripts/BasicApi/ScorePageToken.cs
  artifactKey: Guid(3eade9d49f3e341ddb2ba8209e7ddf42) Importer(2089858483,192608db42251d675da83286b1cce702)
Start importing Assets/GooglePlayGames/com.google.play.games/Runtime/Scripts/BasicApi/ScorePageToken.cs using Guid(3eade9d49f3e341ddb2ba8209e7ddf42) Importer(2089858483,192608db42251d675da83286b1cce702) (ScriptedImporter) -> (artifact id: '349c3136d13d3849bbe1b950add244eb') in 0.0596562 seconds
Number of updated asset objects reloaded before import = 0Number of asset objects unloaded after import = 0

========================================================================
Received Import Request.
  Time since last request: 0.000153 seconds.
  path: Assets/GooglePlayGames/com.google.play.games/Editor/m2repository/com/google/games
  artifactKey: Guid(e98998ec335bb4358bc79e29457320ae) Importer(2089858483,192608db42251d675da83286b1cce702)
Start importing Assets/GooglePlayGames/com.google.play.games/Editor/m2repository/com/google/games using Guid(e98998ec335bb4358bc79e29457320ae) Importer(2089858483,192608db42251d675da83286b1cce702) (ScriptedImporter) -> (artifact id: '6017c0d0373c471145160102cc047118') in 0.0996552 seconds
Number of updated asset objects reloaded before import = 0Number of asset objects unloaded after import = 1

========================================================================
Received Import Request.
  Time since last request: 0.000101 seconds.
  path: Assets/GeneratedLocalRepo/GooglePlayGames/com.google.play.games
  artifactKey: Guid(795ff54216f68c44da1a501143102868) Importer(2089858483,192608db42251d675da83286b1cce702)
Start importing Assets/GeneratedLocalRepo/GooglePlayGames/com.google.play.games using Guid(795ff54216f68c44da1a501143102868) Importer(2089858483,192608db42251d675da83286b1cce702) (ScriptedImporter) -> (artifact id: '3a78e80900093117541a84b942e9ab18') in 0.0402553 seconds
Number of updated asset objects reloaded before import = 0Number of asset objects unloaded after import = 1

========================================================================
Received Import Request.
  Time since last request: 0.000174 seconds.
  path: Assets/GooglePlayGames/com.google.play.games/Runtime/Scripts/OurUtils/PlayGamesHelperObject.cs
  artifactKey: Guid(7dd6f93ee6cb54945aea72a87542f720) Importer(2089858483,192608db42251d675da83286b1cce702)
Start importing Assets/GooglePlayGames/com.google.play.games/Runtime/Scripts/OurUtils/PlayGamesHelperObject.cs using Guid(7dd6f93ee6cb54945aea72a87542f720) Importer(2089858483,192608db42251d675da83286b1cce702) (ScriptedImporter) -> (artifact id: 'e37689a2a62f7e346c4adc512aa955c3') in 0.0965672 seconds
Number of updated asset objects reloaded before import = 0Number of asset objects unloaded after import = 0

========================================================================
Received Import Request.
  Time since last request: 0.000171 seconds.
  path: Assets/GooglePlayGames/com.google.play.games/Runtime/Scripts/BasicApi/SavedGame
  artifactKey: Guid(1bc47bd5631b849f88f2785c2d44019b) Importer(2089858483,192608db42251d675da83286b1cce702)
Start importing Assets/GooglePlayGames/com.google.play.games/Runtime/Scripts/BasicApi/SavedGame using Guid(1bc47bd5631b849f88f2785c2d44019b) Importer(2089858483,192608db42251d675da83286b1cce702) (ScriptedImporter) -> (artifact id: '323b268cfcec8c833ddea210449abd3d') in 0.0410112 seconds
Number of updated asset objects reloaded before import = 0Number of asset objects unloaded after import = 1

========================================================================
Received Import Request.
  Time since last request: 0.000088 seconds.
  path: Assets/GooglePlayGames/com.google.play.games/Runtime/Scripts/Platforms/PlayGamesClientFactory.cs
  artifactKey: Guid(435fc2d0dc0ba475e9c8b0796303d6dd) Importer(2089858483,192608db42251d675da83286b1cce702)
Start importing Assets/GooglePlayGames/com.google.play.games/Runtime/Scripts/Platforms/PlayGamesClientFactory.cs using Guid(435fc2d0dc0ba475e9c8b0796303d6dd) Importer(2089858483,192608db42251d675da83286b1cce702) (ScriptedImporter) -> (artifact id: '0d4edc3a5c058f6307a738cedc4d6cd4') in 0.0432365 seconds
Number of updated asset objects reloaded before import = 0Number of asset objects unloaded after import = 0

========================================================================
Received Import Request.
  Time since last request: 0.000192 seconds.
  path: Assets/GooglePlayGames/com.google.play.games/Runtime/Scripts/BasicApi/DummyClient.cs
  artifactKey: Guid(2c600182c9892457e92f885549bd838a) Importer(2089858483,192608db42251d675da83286b1cce702)
Start importing Assets/GooglePlayGames/com.google.play.games/Runtime/Scripts/BasicApi/DummyClient.cs using Guid(2c600182c9892457e92f885549bd838a) Importer(2089858483,192608db42251d675da83286b1cce702) (ScriptedImporter) -> (artifact id: '35979fffe5a2795be2abeb1c42668e00') in 0.0396885 seconds
Number of updated asset objects reloaded before import = 0Number of asset objects unloaded after import = 0

========================================================================
Received Import Request.
  Time since last request: 0.000150 seconds.
  path: Assets/GooglePlayGames/com.google.play.games/Runtime/Scripts/BasicApi/PlayerProfile.cs
  artifactKey: Guid(547c7cbe798c749c7b389133ebabc40c) Importer(2089858483,192608db42251d675da83286b1cce702)
Start importing Assets/GooglePlayGames/com.google.play.games/Runtime/Scripts/BasicApi/PlayerProfile.cs using Guid(547c7cbe798c749c7b389133ebabc40c) Importer(2089858483,192608db42251d675da83286b1cce702) (ScriptedImporter) -> (artifact id: '6e122d95bb9cb05ddd632fe3f9ea250d') in 0.0470318 seconds
Number of updated asset objects reloaded before import = 0Number of asset objects unloaded after import = 0

========================================================================
Received Import Request.
  Time since last request: 0.000148 seconds.
  path: Assets/GeneratedLocalRepo/GooglePlayGames/com.google.play.games/Editor/m2repository/com/google
  artifactKey: Guid(a1c6e43ccbb4a9042bdce44697ecd6ea) Importer(2089858483,192608db42251d675da83286b1cce702)
Start importing Assets/GeneratedLocalRepo/GooglePlayGames/com.google.play.games/Editor/m2repository/com/google using Guid(a1c6e43ccbb4a9042bdce44697ecd6ea) Importer(2089858483,192608db42251d675da83286b1cce702) (ScriptedImporter) -> (artifact id: '73f9f628197919ffe741475c06a68418') in 0.0423861 seconds
Number of updated asset objects reloaded before import = 0Number of asset objects unloaded after import = 1

========================================================================
Received Import Request.
  Time since last request: 0.000167 seconds.
  path: Assets/GeneratedLocalRepo/GooglePlayGames/com.google.play.games/Editor/m2repository/com
  artifactKey: Guid(a3667d53b0eeebf45a8018fff27de674) Importer(2089858483,192608db42251d675da83286b1cce702)
Start importing Assets/GeneratedLocalRepo/GooglePlayGames/com.google.play.games/Editor/m2repository/com using Guid(a3667d53b0eeebf45a8018fff27de674) Importer(2089858483,192608db42251d675da83286b1cce702) (ScriptedImporter) -> (artifact id: 'acfd45aa102931902be77e0f12f969f7') in 0.2587367 seconds
Number of updated asset objects reloaded before import = 0Number of asset objects unloaded after import = 1

========================================================================
Received Import Request.
  Time since last request: 0.000209 seconds.
  path: Assets/GooglePlayGames/com.google.play.games/current-build/GooglePlayGamesPlugin-2.0.0.unitypackage
  artifactKey: Guid(0654cffe3e1794d47b2a3b4df2003992) Importer(2089858483,192608db42251d675da83286b1cce702)
Start importing Assets/GooglePlayGames/com.google.play.games/current-build/GooglePlayGamesPlugin-2.0.0.unitypackage using Guid(0654cffe3e1794d47b2a3b4df2003992) Importer(2089858483,192608db42251d675da83286b1cce702) (ScriptedImporter) -> (artifact id: '862ddc71f597abab51197d58bf119e90') in 0.034472 seconds
Number of updated asset objects reloaded before import = 0Number of asset objects unloaded after import = 1

========================================================================
Received Import Request.
  Time since last request: 0.000155 seconds.
  path: Assets/GooglePlayGames/com.google.play.games/Editor/m2repository/com/google/games/gpgs-plugin-support/maven-metadata.xml.md5
  artifactKey: Guid(df1b97918a3cb4607a87f7d357adfee7) Importer(2089858483,192608db42251d675da83286b1cce702)
Start importing Assets/GooglePlayGames/com.google.play.games/Editor/m2repository/com/google/games/gpgs-plugin-support/maven-metadata.xml.md5 using Guid(df1b97918a3cb4607a87f7d357adfee7) Importer(2089858483,192608db42251d675da83286b1cce702) (ScriptedImporter) -> (artifact id: 'a9606e536ab981407dde8236ad07b7d4') in 0.0448565 seconds
Number of updated asset objects reloaded before import = 0Number of asset objects unloaded after import = 1

========================================================================
Received Import Request.
  Time since last request: 0.000198 seconds.
  path: Assets/GeneratedLocalRepo/GooglePlayGames/com.google.play.games/Editor/m2repository/com/google/games/gpgs-plugin-support/2.1.0/gpgs-plugin-support-2.1.0.aar
  artifactKey: Guid(340b4b677c57f754fa97161e625a2f8e) Importer(2089858483,192608db42251d675da83286b1cce702)
Start importing Assets/GeneratedLocalRepo/GooglePlayGames/com.google.play.games/Editor/m2repository/com/google/games/gpgs-plugin-support/2.1.0/gpgs-plugin-support-2.1.0.aar using Guid(340b4b677c57f754fa97161e625a2f8e) Importer(2089858483,192608db42251d675da83286b1cce702) (ScriptedImporter) -> (artifact id: 'be505b2062a4eec930b8fb262dae3189') in 0.0537915 seconds
Number of updated asset objects reloaded before import = 0Number of asset objects unloaded after import = 0

========================================================================
Received Import Request.
  Time since last request: 0.000190 seconds.
  path: Assets/Plugins/Android/mainTemplate.gradle
  artifactKey: Guid(f28b5d2e8ee5b5e4087a2617ad6cb811) Importer(2089858483,192608db42251d675da83286b1cce702)
Start importing Assets/Plugins/Android/mainTemplate.gradle using Guid(f28b5d2e8ee5b5e4087a2617ad6cb811) Importer(2089858483,192608db42251d675da83286b1cce702) (ScriptedImporter) -> (artifact id: '449550e51c39450a0e08c0201bd311e9') in 0.0462205 seconds
Number of updated asset objects reloaded before import = 0Number of asset objects unloaded after import = 1

========================================================================
Received Import Request.
  Time since last request: 0.000104 seconds.
  path: Assets/GooglePlayGames/com.google.play.games/Runtime/Scripts/GameInfo.cs
  artifactKey: Guid(a722d413080904cc1bd07f4db21e1af1) Importer(2089858483,192608db42251d675da83286b1cce702)
Start importing Assets/GooglePlayGames/com.google.play.games/Runtime/Scripts/GameInfo.cs using Guid(a722d413080904cc1bd07f4db21e1af1) Importer(2089858483,192608db42251d675da83286b1cce702) (ScriptedImporter) -> (artifact id: '0c650849da6eb04772b29860cad1ae6b') in 0.0394939 seconds
Number of updated asset objects reloaded before import = 0Number of asset objects unloaded after import = 0

========================================================================
Received Import Request.
  Time since last request: 0.000139 seconds.
  path: Assets/GooglePlayGames/com.google.play.games/Editor/m2repository/com/google/games/gpgs-plugin-support/2.1.0/gpgs-plugin-support-2.1.0.pom.sha256
  artifactKey: Guid(e6b6a3e652c5a492ab2801cd91083291) Importer(2089858483,192608db42251d675da83286b1cce702)
Start importing Assets/GooglePlayGames/com.google.play.games/Editor/m2repository/com/google/games/gpgs-plugin-support/2.1.0/gpgs-plugin-support-2.1.0.pom.sha256 using Guid(e6b6a3e652c5a492ab2801cd91083291) Importer(2089858483,192608db42251d675da83286b1cce702) (ScriptedImporter) -> (artifact id: '7371d24047fac805191cedf07173c8c9') in 0.0375088 seconds
Number of updated asset objects reloaded before import = 0Number of asset objects unloaded after import = 1

========================================================================
Received Import Request.
  Time since last request: 0.000118 seconds.
  path: Assets/GeneratedLocalRepo
  artifactKey: Guid(805499b42797cb940818f7aff9264164) Importer(2089858483,192608db42251d675da83286b1cce702)
Start importing Assets/GeneratedLocalRepo using Guid(805499b42797cb940818f7aff9264164) Importer(2089858483,192608db42251d675da83286b1cce702) (ScriptedImporter) -> (artifact id: '2743da887629135a87f94e558ead6c3f') in 0.0415332 seconds
Number of updated asset objects reloaded before import = 0Number of asset objects unloaded after import = 1

========================================================================
Received Import Request.
  Time since last request: 0.000118 seconds.
  path: Assets/GeneratedLocalRepo/GooglePlayGames/com.google.play.games/Editor/m2repository/com/google/games/gpgs-plugin-support/2.1.0
  artifactKey: Guid(c364f1f2dd77c6f4ebaf689d935b959b) Importer(2089858483,192608db42251d675da83286b1cce702)
Start importing Assets/GeneratedLocalRepo/GooglePlayGames/com.google.play.games/Editor/m2repository/com/google/games/gpgs-plugin-support/2.1.0 using Guid(c364f1f2dd77c6f4ebaf689d935b959b) Importer(2089858483,192608db42251d675da83286b1cce702) (ScriptedImporter) -> (artifact id: '5989e2a72e7f82560bc6a2ddd2cc1ee0') in 0.017039 seconds
Number of updated asset objects reloaded before import = 0Number of asset objects unloaded after import = 1

========================================================================
Received Import Request.
  Time since last request: 0.000038 seconds.
  path: Assets/GooglePlayGames/com.google.play.games/Runtime/Scripts/Platforms/Android/AndroidClient.cs
  artifactKey: Guid(32e99ad5da22248a28a9ca51282b121f) Importer(2089858483,192608db42251d675da83286b1cce702)
Start importing Assets/GooglePlayGames/com.google.play.games/Runtime/Scripts/Platforms/Android/AndroidClient.cs using Guid(32e99ad5da22248a28a9ca51282b121f) Importer(2089858483,192608db42251d675da83286b1cce702) (ScriptedImporter) -> (artifact id: '966772b88c9e6246add456cf4908e07d') in 0.0244156 seconds
Number of updated asset objects reloaded before import = 0Number of asset objects unloaded after import = 0

========================================================================
Received Import Request.
  Time since last request: 0.000169 seconds.
  path: Assets/GooglePlayGames/com.google.play.games/Runtime/Scripts/BasicApi/Nearby/ConnectionRequest.cs
  artifactKey: Guid(c7f9bb6b249224f99ad05a87d3e4ee34) Importer(2089858483,192608db42251d675da83286b1cce702)
Start importing Assets/GooglePlayGames/com.google.play.games/Runtime/Scripts/BasicApi/Nearby/ConnectionRequest.cs using Guid(c7f9bb6b249224f99ad05a87d3e4ee34) Importer(2089858483,192608db42251d675da83286b1cce702) (ScriptedImporter) -> (artifact id: '370929cec58b88799b0ba0b4c0c39d58') in 0.0998905 seconds
Number of updated asset objects reloaded before import = 0Number of asset objects unloaded after import = 0

========================================================================
Received Import Request.
  Time since last request: 0.000181 seconds.
  path: Assets/Scripts/GooglePlayGamesManager.cs
  artifactKey: Guid(07b73160b2cd5a246a1afcaaa8667fe2) Importer(2089858483,192608db42251d675da83286b1cce702)
Start importing Assets/Scripts/GooglePlayGamesManager.cs using Guid(07b73160b2cd5a246a1afcaaa8667fe2) Importer(2089858483,192608db42251d675da83286b1cce702) (ScriptedImporter) -> (artifact id: 'a2c934683a11c629807ab7fa8b14efa9') in 0.0518755 seconds
Number of updated asset objects reloaded before import = 0Number of asset objects unloaded after import = 0

========================================================================
Received Import Request.
  Time since last request: 0.000234 seconds.
  path: Assets/Scenes/MainMenu.unity
  artifactKey: Guid(36acf26b322484148aec9f58ebfe5792) Importer(2089858483,192608db42251d675da83286b1cce702)
Start importing Assets/Scenes/MainMenu.unity using Guid(36acf26b322484148aec9f58ebfe5792) Importer(2089858483,192608db42251d675da83286b1cce702) (ScriptedImporter) -> (artifact id: '0e181ced8627af5f12f7cfeaf4c5d4ff') in 0.0275543 seconds
Number of updated asset objects reloaded before import = 0Number of asset objects unloaded after import = 1

========================================================================
Received Import Request.
  Time since last request: 0.000083 seconds.
  path: Assets/GooglePlayGames/com.google.play.games/Editor/NearbyConnectionUI.cs
  artifactKey: Guid(b64332a502e18436da5652adbf7e24a3) Importer(2089858483,192608db42251d675da83286b1cce702)
Start importing Assets/GooglePlayGames/com.google.play.games/Editor/NearbyConnectionUI.cs using Guid(b64332a502e18436da5652adbf7e24a3) Importer(2089858483,192608db42251d675da83286b1cce702) (ScriptedImporter) -> (artifact id: '9729c26751c65fc21f07f3d9ad955f09') in 0.0378526 seconds
Number of updated asset objects reloaded before import = 0Number of asset objects unloaded after import = 0

========================================================================
Received Import Request.
  Time since last request: 0.000160 seconds.
  path: Assets/GeneratedLocalRepo/GooglePlayGames/com.google.play.games/Editor/m2repository
  artifactKey: Guid(0510b2200b6f1c54c8a9a923b7915b5e) Importer(2089858483,192608db42251d675da83286b1cce702)
Start importing Assets/GeneratedLocalRepo/GooglePlayGames/com.google.play.games/Editor/m2repository using Guid(0510b2200b6f1c54c8a9a923b7915b5e) Importer(2089858483,192608db42251d675da83286b1cce702) (ScriptedImporter) -> (artifact id: 'd9daf2decb41f69a99d518d32becb555') in 0.0456949 seconds
Number of updated asset objects reloaded before import = 0Number of asset objects unloaded after import = 1

========================================================================
Received Import Request.
  Time since last request: 0.000169 seconds.
  path: Assets/GooglePlayGames/com.google.play.games/Runtime/Scripts/BasicApi/RecallAccess.cs
  artifactKey: Guid(218f296754c404d38844833c7742e8c2) Importer(2089858483,192608db42251d675da83286b1cce702)
Start importing Assets/GooglePlayGames/com.google.play.games/Runtime/Scripts/BasicApi/RecallAccess.cs using Guid(218f296754c404d38844833c7742e8c2) Importer(2089858483,192608db42251d675da83286b1cce702) (ScriptedImporter) -> (artifact id: 'cdc72a55acc84184b397013e5ab65b76') in 0.0587752 seconds
Number of updated asset objects reloaded before import = 0Number of asset objects unloaded after import = 0

========================================================================
Received Import Request.
  Time since last request: 0.000222 seconds.
  path: Assets/GooglePlayGames/com.google.play.games/Editor/m2repository/com/google/games/gpgs-plugin-support/2.1.0/gpgs-plugin-support-2.1.0.pom.md5
  artifactKey: Guid(6c7298e4e719d4b4385fdbd461a80e16) Importer(2089858483,192608db42251d675da83286b1cce702)
Start importing Assets/GooglePlayGames/com.google.play.games/Editor/m2repository/com/google/games/gpgs-plugin-support/2.1.0/gpgs-plugin-support-2.1.0.pom.md5 using Guid(6c7298e4e719d4b4385fdbd461a80e16) Importer(2089858483,192608db42251d675da83286b1cce702) (ScriptedImporter) -> (artifact id: '9089270eb3eae6477998579f49bf7b96') in 0.1991925 seconds
Number of updated asset objects reloaded before import = 0Number of asset objects unloaded after import = 1

========================================================================
Received Import Request.
  Time since last request: 0.000163 seconds.
  path: Assets/GooglePlayGames/com.google.play.games/Runtime/Scripts/ISocialPlatform/PlayGamesUserProfile.cs
  artifactKey: Guid(ab1b90315f37e498a849765260dd436c) Importer(2089858483,192608db42251d675da83286b1cce702)
Start importing Assets/GooglePlayGames/com.google.play.games/Runtime/Scripts/ISocialPlatform/PlayGamesUserProfile.cs using Guid(ab1b90315f37e498a849765260dd436c) Importer(2089858483,192608db42251d675da83286b1cce702) (ScriptedImporter) -> (artifact id: '1cae0cfc12ff176eb5e3836535016e8b') in 0.03485 seconds
Number of updated asset objects reloaded before import = 0Number of asset objects unloaded after import = 0

========================================================================
Received Import Request.
  Time since last request: 0.000198 seconds.
  path: Assets/GooglePlayGames/com.google.play.games/Runtime/Scripts/PluginVersion.cs
  artifactKey: Guid(4539142948daf4a26bf9cd6870ffa0b2) Importer(2089858483,192608db42251d675da83286b1cce702)
Start importing Assets/GooglePlayGames/com.google.play.games/Runtime/Scripts/PluginVersion.cs using Guid(4539142948daf4a26bf9cd6870ffa0b2) Importer(2089858483,192608db42251d675da83286b1cce702) (ScriptedImporter) -> (artifact id: '7906dd515e1867433d6e0674c95178b0') in 0.0200425 seconds
Number of updated asset objects reloaded before import = 0Number of asset objects unloaded after import = 0

========================================================================
Received Import Request.
  Time since last request: 0.000184 seconds.
  path: Assets/ExternalDependencyManager/Editor/1.2.182/Google.PackageManagerResolver.dll
  artifactKey: Guid(4026c19ba8ec495f93f5919b5f2934ee) Importer(2089858483,192608db42251d675da83286b1cce702)
Start importing Assets/ExternalDependencyManager/Editor/1.2.182/Google.PackageManagerResolver.dll using Guid(4026c19ba8ec495f93f5919b5f2934ee) Importer(2089858483,192608db42251d675da83286b1cce702) (ScriptedImporter) -> (artifact id: 'e685a3359c9ba517c929eae9e1f51cd2') in 0.0518783 seconds
Number of updated asset objects reloaded before import = 0Number of asset objects unloaded after import = 0

========================================================================
Received Import Request.
  Time since last request: 0.000154 seconds.
  path: Assets/GeneratedLocalRepo/GooglePlayGames/com.google.play.games/Editor/m2repository/com/google/games
  artifactKey: Guid(f0557298842b03e468df5ae14e09eb94) Importer(2089858483,192608db42251d675da83286b1cce702)
Start importing Assets/GeneratedLocalRepo/GooglePlayGames/com.google.play.games/Editor/m2repository/com/google/games using Guid(f0557298842b03e468df5ae14e09eb94) Importer(2089858483,192608db42251d675da83286b1cce702) (ScriptedImporter) -> (artifact id: '40f5029b5a5a971fff947c8278665228') in 0.0287995 seconds
Number of updated asset objects reloaded before import = 0Number of asset objects unloaded after import = 1

========================================================================
Received Import Request.
  Time since last request: 0.000169 seconds.
  path: Assets/ExternalDependencyManager/Editor/CHANGELOG.md
  artifactKey: Guid(b699fc553a294dbcad96ff0365038f6a) Importer(2089858483,192608db42251d675da83286b1cce702)
Start importing Assets/ExternalDependencyManager/Editor/CHANGELOG.md using Guid(b699fc553a294dbcad96ff0365038f6a) Importer(2089858483,192608db42251d675da83286b1cce702) (ScriptedImporter) -> (artifact id: 'dd3e16126e7a04aa1a3f2185f8cbd52d') in 0.04674 seconds
Number of updated asset objects reloaded before import = 0Number of asset objects unloaded after import = 1

========================================================================
Received Import Request.
  Time since last request: 0.000150 seconds.
  path: Assets/GooglePlayGames/com.google.play.games/Editor/GPGSAndroidSetupUI.cs
  artifactKey: Guid(41fe658b93aa24c709c540575965fdff) Importer(2089858483,192608db42251d675da83286b1cce702)
Start importing Assets/GooglePlayGames/com.google.play.games/Editor/GPGSAndroidSetupUI.cs using Guid(41fe658b93aa24c709c540575965fdff) Importer(2089858483,192608db42251d675da83286b1cce702) (ScriptedImporter) -> (artifact id: '8c165ae0a9eb9b3990c1a4de364262c8') in 0.0494089 seconds
Number of updated asset objects reloaded before import = 0Number of asset objects unloaded after import = 0

========================================================================
Received Import Request.
  Time since last request: 0.000143 seconds.
  path: Assets/GooglePlayGames/com.google.play.games/Runtime/Scripts/Platforms/Android/AndroidTaskUtils.cs
  artifactKey: Guid(5d045a29538404b2da664bb55de949de) Importer(2089858483,192608db42251d675da83286b1cce702)
Start importing Assets/GooglePlayGames/com.google.play.games/Runtime/Scripts/Platforms/Android/AndroidTaskUtils.cs using Guid(5d045a29538404b2da664bb55de949de) Importer(2089858483,192608db42251d675da83286b1cce702) (ScriptedImporter) -> (artifact id: '56ee8b562df54ac5ad2c5f057be5f904') in 0.03737 seconds
Number of updated asset objects reloaded before import = 0Number of asset objects unloaded after import = 0

========================================================================
Received Import Request.
  Time since last request: 0.000184 seconds.
  path: Assets/GooglePlayGames/com.google.play.games/Editor/Google.Play.Games.Editor.asmdef
  artifactKey: Guid(9172e27a923a34eb8b02dc3ab88d3dcd) Importer(2089858483,192608db42251d675da83286b1cce702)
Start importing Assets/GooglePlayGames/com.google.play.games/Editor/Google.Play.Games.Editor.asmdef using Guid(9172e27a923a34eb8b02dc3ab88d3dcd) Importer(2089858483,192608db42251d675da83286b1cce702) (ScriptedImporter) -> (artifact id: '6f2a906aeda08f887344f8001157b2bd') in 0.0665746 seconds
Number of updated asset objects reloaded before import = 0Number of asset objects unloaded after import = 1

========================================================================
Received Import Request.
  Time since last request: 0.000167 seconds.
  path: Assets/GooglePlayGames/com.google.play.games/Editor/m2repository/com/google/games/gpgs-plugin-support/2.1.0/gpgs-plugin-support-2.1.0.pom
  artifactKey: Guid(77c5e5feaf1bb418eb5dee0b81092649) Importer(2089858483,192608db42251d675da83286b1cce702)
Start importing Assets/GooglePlayGames/com.google.play.games/Editor/m2repository/com/google/games/gpgs-plugin-support/2.1.0/gpgs-plugin-support-2.1.0.pom using Guid(77c5e5feaf1bb418eb5dee0b81092649) Importer(2089858483,192608db42251d675da83286b1cce702) (ScriptedImporter) -> (artifact id: '00422e45ec92b86727a7f32a1c57a3f6') in 0.0388961 seconds
Number of updated asset objects reloaded before import = 0Number of asset objects unloaded after import = 1

========================================================================
Received Import Request.
  Time since last request: 0.000162 seconds.
  path: Assets/GooglePlayGames/com.google.play.games/Editor
  artifactKey: Guid(11083f74e79584f50ad394be94e2caec) Importer(2089858483,192608db42251d675da83286b1cce702)
Start importing Assets/GooglePlayGames/com.google.play.games/Editor using Guid(11083f74e79584f50ad394be94e2caec) Importer(2089858483,192608db42251d675da83286b1cce702) (ScriptedImporter) -> (artifact id: '7808c2b2544c90049e9575f125ae7465') in 0.0430749 seconds
Number of updated asset objects reloaded before import = 0Number of asset objects unloaded after import = 1

========================================================================
Received Import Request.
  Time since last request: 0.000121 seconds.
  path: Assets/GooglePlayGames/com.google.play.games/Runtime/Scripts/Platforms/Android/AndroidNearbyConnectionClient.cs
  artifactKey: Guid(d69ac0a61e8943ff82b14f7469f0fe97) Importer(2089858483,192608db42251d675da83286b1cce702)
Start importing Assets/GooglePlayGames/com.google.play.games/Runtime/Scripts/Platforms/Android/AndroidNearbyConnectionClient.cs using Guid(d69ac0a61e8943ff82b14f7469f0fe97) Importer(2089858483,192608db42251d675da83286b1cce702) (ScriptedImporter) -> (artifact id: '1ee2be293c08ea67ebfb5a5e48466a48') in 0.1486737 seconds
Number of updated asset objects reloaded before import = 0Number of asset objects unloaded after import = 0

========================================================================
Received Import Request.
  Time since last request: 0.000137 seconds.
  path: Assets/GooglePlayGames/com.google.play.games/Editor/m2repository/com/google/games/gpgs-plugin-support/2.1.0/gpgs-plugin-support-2.1.0.pom.sha1
  artifactKey: Guid(8341b2c3a48474fa1844e4abb5680cb3) Importer(2089858483,192608db42251d675da83286b1cce702)
Start importing Assets/GooglePlayGames/com.google.play.games/Editor/m2repository/com/google/games/gpgs-plugin-support/2.1.0/gpgs-plugin-support-2.1.0.pom.sha1 using Guid(8341b2c3a48474fa1844e4abb5680cb3) Importer(2089858483,192608db42251d675da83286b1cce702) (ScriptedImporter) -> (artifact id: '769aef19571af019024cbefd322e2140') in 0.0198542 seconds
Number of updated asset objects reloaded before import = 0Number of asset objects unloaded after import = 1

========================================================================
Received Import Request.
  Time since last request: 0.000142 seconds.
  path: Assets/Scripts/Leaderboard.cs
  artifactKey: Guid(2ea98b45759b9784bacef10d550db071) Importer(2089858483,192608db42251d675da83286b1cce702)
Start importing Assets/Scripts/Leaderboard.cs using Guid(2ea98b45759b9784bacef10d550db071) Importer(2089858483,192608db42251d675da83286b1cce702) (ScriptedImporter) -> (artifact id: 'ad446138b64df88e3ebd70910d49f6aa') in 0.0206853 seconds
Number of updated asset objects reloaded before import = 0Number of asset objects unloaded after import = 0

========================================================================
Received Import Request.
  Time since last request: 0.000248 seconds.
  path: Assets/GooglePlayGames/com.google.play.games/Editor/GPGSStrings.cs
  artifactKey: Guid(992ecb564cf02408d9c5a1b44d958334) Importer(2089858483,192608db42251d675da83286b1cce702)
Start importing Assets/GooglePlayGames/com.google.play.games/Editor/GPGSStrings.cs using Guid(992ecb564cf02408d9c5a1b44d958334) Importer(2089858483,192608db42251d675da83286b1cce702) (ScriptedImporter) -> (artifact id: '45a6889097d798ede1046c44006ea5a9') in 0.0454034 seconds
Number of updated asset objects reloaded before import = 0Number of asset objects unloaded after import = 0

========================================================================
Received Import Request.
  Time since last request: 0.000153 seconds.
  path: Assets/GooglePlayGames/com.google.play.games/Editor/m2repository/com/google/games/gpgs-plugin-support/maven-metadata.xml.sha256
  artifactKey: Guid(42a80f9d5c82741178cc211096f64370) Importer(2089858483,192608db42251d675da83286b1cce702)
Start importing Assets/GooglePlayGames/com.google.play.games/Editor/m2repository/com/google/games/gpgs-plugin-support/maven-metadata.xml.sha256 using Guid(42a80f9d5c82741178cc211096f64370) Importer(2089858483,192608db42251d675da83286b1cce702) (ScriptedImporter) -> (artifact id: 'c2c077a067854fb7d8468e824aefdfcb') in 0.0194673 seconds
Number of updated asset objects reloaded before import = 0Number of asset objects unloaded after import = 1

========================================================================
Received Import Request.
  Time since last request: 0.000139 seconds.
  path: Assets/GooglePlayGames/com.google.play.games/Runtime/Scripts/OurUtils/NearbyHelperObject.cs
  artifactKey: Guid(b66cca4a5a1f4a5092a280c452185308) Importer(2089858483,192608db42251d675da83286b1cce702)
Start importing Assets/GooglePlayGames/com.google.play.games/Runtime/Scripts/OurUtils/NearbyHelperObject.cs using Guid(b66cca4a5a1f4a5092a280c452185308) Importer(2089858483,192608db42251d675da83286b1cce702) (ScriptedImporter) -> (artifact id: '0b7455ea4d38b38169417d4470b06bc6') in 0.1178714 seconds
Number of updated asset objects reloaded before import = 0Number of asset objects unloaded after import = 0

========================================================================
Received Import Request.
  Time since last request: 0.000257 seconds.
  path: Assets/GooglePlayGames/com.google.play.games/Editor/GooglePlayGamesPlugin_v2.1.0.txt
  artifactKey: Guid(2cab45bef89b247bcb7a494b006fdf9b) Importer(2089858483,192608db42251d675da83286b1cce702)
Start importing Assets/GooglePlayGames/com.google.play.games/Editor/GooglePlayGamesPlugin_v2.1.0.txt using Guid(2cab45bef89b247bcb7a494b006fdf9b) Importer(2089858483,192608db42251d675da83286b1cce702) (ScriptedImporter) -> (artifact id: '0b9bbcbdfd29a42cb6e91aa4c27f01cf') in 0.1195739 seconds
Number of updated asset objects reloaded before import = 0Number of asset objects unloaded after import = 1

========================================================================
Received Import Request.
  Time since last request: 0.000108 seconds.
  path: Assets/GooglePlayGames/com.google.play.games/Runtime/Scripts/BasicApi/SavedGame/ISavedGameClient.cs
  artifactKey: Guid(5d4ff89980bdd4c9780aa3ceee54a51b) Importer(2089858483,192608db42251d675da83286b1cce702)
Start importing Assets/GooglePlayGames/com.google.play.games/Runtime/Scripts/BasicApi/SavedGame/ISavedGameClient.cs using Guid(5d4ff89980bdd4c9780aa3ceee54a51b) Importer(2089858483,192608db42251d675da83286b1cce702) (ScriptedImporter) -> (artifact id: 'b8c42dd378657659f041ec980c68d2be') in 0.0798642 seconds
Number of updated asset objects reloaded before import = 0Number of asset objects unloaded after import = 0

========================================================================
Received Import Request.
  Time since last request: 0.000194 seconds.
  path: Assets/GooglePlayGames/com.google.play.games/Runtime/Scripts/OurUtils/Misc.cs
  artifactKey: Guid(ee52269f55933442fa5ea52e688ebec2) Importer(2089858483,192608db42251d675da83286b1cce702)
Start importing Assets/GooglePlayGames/com.google.play.games/Runtime/Scripts/OurUtils/Misc.cs using Guid(ee52269f55933442fa5ea52e688ebec2) Importer(2089858483,192608db42251d675da83286b1cce702) (ScriptedImporter) -> (artifact id: 'a85ef0310baa90aee9297154b18a4df2') in 0.046109 seconds
Number of updated asset objects reloaded before import = 0Number of asset objects unloaded after import = 0

========================================================================
Received Import Request.
  Time since last request: 0.000168 seconds.
  path: Assets/GooglePlayGames/com.google.play.games/Runtime/Scripts
  artifactKey: Guid(ee74fb8a25a6e4adea15f4675bac5756) Importer(2089858483,192608db42251d675da83286b1cce702)
Start importing Assets/GooglePlayGames/com.google.play.games/Runtime/Scripts using Guid(ee74fb8a25a6e4adea15f4675bac5756) Importer(2089858483,192608db42251d675da83286b1cce702) (ScriptedImporter) -> (artifact id: '6bb08eae38ad7cdbf00bbf0bfb6db65a') in 0.0353947 seconds
Number of updated asset objects reloaded before import = 0Number of asset objects unloaded after import = 1

========================================================================
Received Import Request.
  Time since last request: 0.000111 seconds.
  path: Assets/GooglePlayGames/com.google.play.games/Runtime/Scripts/Platforms/Android/AndroidSavedGameClient.cs
  artifactKey: Guid(a52ca79a06d83464e89d0d052c9af7d9) Importer(2089858483,192608db42251d675da83286b1cce702)
Start importing Assets/GooglePlayGames/com.google.play.games/Runtime/Scripts/Platforms/Android/AndroidSavedGameClient.cs using Guid(a52ca79a06d83464e89d0d052c9af7d9) Importer(2089858483,192608db42251d675da83286b1cce702) (ScriptedImporter) -> (artifact id: '599e750cdd4bdf8c9fcdd5ba4419c481') in 0.0617883 seconds
Number of updated asset objects reloaded before import = 0Number of asset objects unloaded after import = 0

========================================================================
Received Import Request.
  Time since last request: 0.000144 seconds.
  path: Assets/GooglePlayGames/com.google.play.games/Runtime/Scripts/BasicApi/Events/Event.cs
  artifactKey: Guid(ce7f6801baead4bbda584bb96882e78b) Importer(2089858483,192608db42251d675da83286b1cce702)
Start importing Assets/GooglePlayGames/com.google.play.games/Runtime/Scripts/BasicApi/Events/Event.cs using Guid(ce7f6801baead4bbda584bb96882e78b) Importer(2089858483,192608db42251d675da83286b1cce702) (ScriptedImporter) -> (artifact id: 'b2121c87122d1e8a55b9edfc19d1fc4d') in 0.0734371 seconds
Number of updated asset objects reloaded before import = 0Number of asset objects unloaded after import = 0

========================================================================
Received Import Request.
  Time since last request: 0.000130 seconds.
  path: Assets/GooglePlayGames/com.google.play.games/Runtime/Scripts/BasicApi
  artifactKey: Guid(0a565e85253b345878939982a360e0b6) Importer(2089858483,192608db42251d675da83286b1cce702)
Start importing Assets/GooglePlayGames/com.google.play.games/Runtime/Scripts/BasicApi using Guid(0a565e85253b345878939982a360e0b6) Importer(2089858483,192608db42251d675da83286b1cce702) (ScriptedImporter) -> (artifact id: 'ca1c35eeb8d8c3d84543838f12f2366b') in 0.0454002 seconds
Number of updated asset objects reloaded before import = 0Number of asset objects unloaded after import = 1

========================================================================
Received Import Request.
  Time since last request: 0.000036 seconds.
  path: Assets/GooglePlayGames/com.google.play.games/Runtime/Scripts/BasicApi/Nearby/ConnectionResponse.cs
  artifactKey: Guid(ad6611af8d0204d0d8922a327d3d9ec0) Importer(2089858483,192608db42251d675da83286b1cce702)
Start importing Assets/GooglePlayGames/com.google.play.games/Runtime/Scripts/BasicApi/Nearby/ConnectionResponse.cs using Guid(ad6611af8d0204d0d8922a327d3d9ec0) Importer(2089858483,192608db42251d675da83286b1cce702) (ScriptedImporter) -> (artifact id: '7250a70804f361e09b37895f971769a7') in 0.0490997 seconds
Number of updated asset objects reloaded before import = 0Number of asset objects unloaded after import = 0

========================================================================
Received Import Request.
  Time since last request: 0.000203 seconds.
  path: Assets/ExternalDependencyManager/Editor/1.2.182
  artifactKey: Guid(6df2eb9fae478460694d488357bb7852) Importer(2089858483,192608db42251d675da83286b1cce702)
Start importing Assets/ExternalDependencyManager/Editor/1.2.182 using Guid(6df2eb9fae478460694d488357bb7852) Importer(2089858483,192608db42251d675da83286b1cce702) (ScriptedImporter) -> (artifact id: '64767b5218fd204eb7a04b2a83410178') in 0.0368283 seconds
Number of updated asset objects reloaded before import = 0Number of asset objects unloaded after import = 1

========================================================================
Received Import Request.
  Time since last request: 0.000126 seconds.
  path: Assets/Scripts/AchievementManager.cs
  artifactKey: Guid(33b960e063177c840a6ebb3f15696865) Importer(2089858483,192608db42251d675da83286b1cce702)
Start importing Assets/Scripts/AchievementManager.cs using Guid(33b960e063177c840a6ebb3f15696865) Importer(2089858483,192608db42251d675da83286b1cce702) (ScriptedImporter) -> (artifact id: '2a6e0ff4eb16870a442116b46c634c71') in 0.2371124 seconds
Number of updated asset objects reloaded before import = 0Number of asset objects unloaded after import = 0

========================================================================
Received Import Request.
  Time since last request: 0.000185 seconds.
  path: Assets/GooglePlayGames/com.google.play.games/Runtime/Scripts/OurUtils/Logger.cs
  artifactKey: Guid(cde7cfd197b4a47edac2efe305e22e78) Importer(2089858483,192608db42251d675da83286b1cce702)
Start importing Assets/GooglePlayGames/com.google.play.games/Runtime/Scripts/OurUtils/Logger.cs using Guid(cde7cfd197b4a47edac2efe305e22e78) Importer(2089858483,192608db42251d675da83286b1cce702) (ScriptedImporter) -> (artifact id: 'ad12aa8287e4a9fd1eb75da0f778ab48') in 0.0639382 seconds
Number of updated asset objects reloaded before import = 0Number of asset objects unloaded after import = 0

========================================================================
Received Import Request.
  Time since last request: 0.000108 seconds.
  path: Assets/GooglePlayGames/com.google.play.games/package.json
  artifactKey: Guid(51dd7d46faed94b31a71d5f4cec6ce14) Importer(2089858483,192608db42251d675da83286b1cce702)
Start importing Assets/GooglePlayGames/com.google.play.games/package.json using Guid(51dd7d46faed94b31a71d5f4cec6ce14) Importer(2089858483,192608db42251d675da83286b1cce702) (ScriptedImporter) -> (artifact id: '552c0121b46fe8306694642376f66b5b') in 0.0746177 seconds
Number of updated asset objects reloaded before import = 0Number of asset objects unloaded after import = 1

========================================================================
Received Import Request.
  Time since last request: 0.000173 seconds.
  path: Assets/GeneratedLocalRepo/GooglePlayGames/com.google.play.games/Editor/m2repository/com/google/games/gpgs-plugin-support
  artifactKey: Guid(cc15a34d86c198d43b4924d2fc36f634) Importer(2089858483,192608db42251d675da83286b1cce702)
Start importing Assets/GeneratedLocalRepo/GooglePlayGames/com.google.play.games/Editor/m2repository/com/google/games/gpgs-plugin-support using Guid(cc15a34d86c198d43b4924d2fc36f634) Importer(2089858483,192608db42251d675da83286b1cce702) (ScriptedImporter) -> (artifact id: 'e0d59519adab097a03fd2a5e74033dca') in 0.0195725 seconds
Number of updated asset objects reloaded before import = 0Number of asset objects unloaded after import = 1

========================================================================
Received Import Request.
  Time since last request: 0.000160 seconds.
  path: Assets/Plugins/Android/settingsTemplate.gradle
  artifactKey: Guid(460615f01b0da3f4cbb1b0f1339670ad) Importer(2089858483,192608db42251d675da83286b1cce702)
Start importing Assets/Plugins/Android/settingsTemplate.gradle using Guid(460615f01b0da3f4cbb1b0f1339670ad) Importer(2089858483,192608db42251d675da83286b1cce702) (ScriptedImporter) -> (artifact id: 'e29253c26960036d50cf1b8b30b36db5') in 0.0378551 seconds
Number of updated asset objects reloaded before import = 0Number of asset objects unloaded after import = 1

========================================================================
Received Import Request.
  Time since last request: 0.000122 seconds.
  path: Assets/GooglePlayGames/com.google.play.games/Editor/GPGSProjectSettings.cs
  artifactKey: Guid(cf234a050ba25433f9386e20578ccf19) Importer(2089858483,192608db42251d675da83286b1cce702)
Start importing Assets/GooglePlayGames/com.google.play.games/Editor/GPGSProjectSettings.cs using Guid(cf234a050ba25433f9386e20578ccf19) Importer(2089858483,192608db42251d675da83286b1cce702) (ScriptedImporter) -> (artifact id: '798056dbd58d35645771fa3208cff7f1') in 0.0187502 seconds
Number of updated asset objects reloaded before import = 0Number of asset objects unloaded after import = 0

========================================================================
Received Import Request.
  Time since last request: 0.000332 seconds.
  path: Assets/GooglePlayGames/com.google.play.games/Runtime/Scripts/Platforms/Android
  artifactKey: Guid(5c9032ae026414e1bbe872da53708edd) Importer(2089858483,192608db42251d675da83286b1cce702)
Start importing Assets/GooglePlayGames/com.google.play.games/Runtime/Scripts/Platforms/Android using Guid(5c9032ae026414e1bbe872da53708edd) Importer(2089858483,192608db42251d675da83286b1cce702) (ScriptedImporter) -> (artifact id: '5fe11f0496b3cb38ab85459f76b3116d') in 0.0172773 seconds
Number of updated asset objects reloaded before import = 0Number of asset objects unloaded after import = 1

========================================================================
Received Import Request.
  Time since last request: 0.000143 seconds.
  path: Assets/GooglePlayGames/com.google.play.games/Runtime/Scripts/ISocialPlatform/PlayGamesLeaderboard.cs
  artifactKey: Guid(a027e4767bd0f41509b9ef6bd2f6080e) Importer(2089858483,192608db42251d675da83286b1cce702)
Start importing Assets/GooglePlayGames/com.google.play.games/Runtime/Scripts/ISocialPlatform/PlayGamesLeaderboard.cs using Guid(a027e4767bd0f41509b9ef6bd2f6080e) Importer(2089858483,192608db42251d675da83286b1cce702) (ScriptedImporter) -> (artifact id: '442c94c0d4fdb63929bff5b5d09ebd18') in 0.0689571 seconds
Number of updated asset objects reloaded before import = 0Number of asset objects unloaded after import = 0

========================================================================
Received Import Request.
  Time since last request: 0.000174 seconds.
  path: Assets/GooglePlayGames/com.google.play.games/Editor/template-Constants.txt
  artifactKey: Guid(7f2719cb8be514661b7b6aa9986bfe5f) Importer(2089858483,192608db42251d675da83286b1cce702)
Start importing Assets/GooglePlayGames/com.google.play.games/Editor/template-Constants.txt using Guid(7f2719cb8be514661b7b6aa9986bfe5f) Importer(2089858483,192608db42251d675da83286b1cce702) (ScriptedImporter) -> (artifact id: '9facd95ee7ed822e46075ec30f7f04b6') in 0.0478779 seconds
Number of updated asset objects reloaded before import = 0Number of asset objects unloaded after import = 1

========================================================================
Received Import Request.
  Time since last request: 0.000080 seconds.
  path: Assets/GooglePlayGames/com.google.play.games/Runtime/Scripts/Platforms/Android/AndroidJavaConverter.cs
  artifactKey: Guid(d498c17d61b504b4f984a99b4542d02f) Importer(2089858483,192608db42251d675da83286b1cce702)
Start importing Assets/GooglePlayGames/com.google.play.games/Runtime/Scripts/Platforms/Android/AndroidJavaConverter.cs using Guid(d498c17d61b504b4f984a99b4542d02f) Importer(2089858483,192608db42251d675da83286b1cce702) (ScriptedImporter) -> (artifact id: '4b72c251e64790697edfb5049e973aea') in 0.0488123 seconds
Number of updated asset objects reloaded before import = 0Number of asset objects unloaded after import = 0

========================================================================
Received Import Request.
  Time since last request: 0.000179 seconds.
  path: Assets/GooglePlayGames/com.google.play.games/Runtime/Scripts/BasicApi/CommonStatusCodes.cs
  artifactKey: Guid(cd54f7a2763f74ce191bdd3efa0a44d5) Importer(2089858483,192608db42251d675da83286b1cce702)
Start importing Assets/GooglePlayGames/com.google.play.games/Runtime/Scripts/BasicApi/CommonStatusCodes.cs using Guid(cd54f7a2763f74ce191bdd3efa0a44d5) Importer(2089858483,192608db42251d675da83286b1cce702) (ScriptedImporter) -> (artifact id: '170fe39485f94586cc2bc0f2b2713279') in 0.0391773 seconds
Number of updated asset objects reloaded before import = 0Number of asset objects unloaded after import = 0

========================================================================
Received Import Request.
  Time since last request: 0.000089 seconds.
  path: Assets/Scripts/Achievements.cs
  artifactKey: Guid(470a89a7b6bc61a48b81025c496edbe0) Importer(2089858483,192608db42251d675da83286b1cce702)
Start importing Assets/Scripts/Achievements.cs using Guid(470a89a7b6bc61a48b81025c496edbe0) Importer(2089858483,192608db42251d675da83286b1cce702) (ScriptedImporter) -> (artifact id: '034a6860c0ee12de9bea850831f69e95') in 0.0308231 seconds
Number of updated asset objects reloaded before import = 0Number of asset objects unloaded after import = 0

========================================================================
Received Import Request.
  Time since last request: 0.000180 seconds.
  path: Assets/GooglePlayGames/com.google.play.games/Runtime
  artifactKey: Guid(cdb02382f873f45598f111dc70b3b47e) Importer(2089858483,192608db42251d675da83286b1cce702)
Start importing Assets/GooglePlayGames/com.google.play.games/Runtime using Guid(cdb02382f873f45598f111dc70b3b47e) Importer(2089858483,192608db42251d675da83286b1cce702) (ScriptedImporter) -> (artifact id: 'ae67f34e8ec1f0a40ea69158d1a9d30f') in 0.0551043 seconds
Number of updated asset objects reloaded before import = 0Number of asset objects unloaded after import = 1

========================================================================
Received Import Request.
  Time since last request: 0.000156 seconds.
  path: Assets/ExternalDependencyManager/Editor/1.2.182/Google.PackageManagerResolver.pdb
  artifactKey: Guid(fda6a96d9a064226b6cea47e6eef3d16) Importer(2089858483,192608db42251d675da83286b1cce702)
Start importing Assets/ExternalDependencyManager/Editor/1.2.182/Google.PackageManagerResolver.pdb using Guid(fda6a96d9a064226b6cea47e6eef3d16) Importer(2089858483,192608db42251d675da83286b1cce702) (ScriptedImporter) -> (artifact id: '685ef223f3890c3e9a11fe19794e0251') in 0.0455767 seconds
Number of updated asset objects reloaded before import = 0Number of asset objects unloaded after import = 1

========================================================================
Received Import Request.
  Time since last request: 0.000105 seconds.
  path: Assets/GooglePlayGames/com.google.play.games/Runtime/Scripts/BasicApi/AuthResponse.cs
  artifactKey: Guid(d31e1b3df27554441b81c35d645a008a) Importer(2089858483,192608db42251d675da83286b1cce702)
Start importing Assets/GooglePlayGames/com.google.play.games/Runtime/Scripts/BasicApi/AuthResponse.cs using Guid(d31e1b3df27554441b81c35d645a008a) Importer(2089858483,192608db42251d675da83286b1cce702) (ScriptedImporter) -> (artifact id: '2272ec8bf48c8c0da233955a655e493a') in 0.0201338 seconds
Number of updated asset objects reloaded before import = 0Number of asset objects unloaded after import = 0

========================================================================
Received Import Request.
  Time since last request: 0.000112 seconds.
  path: Assets/GooglePlayGames/com.google.play.games/Runtime/Scripts/BasicApi/Nearby/EndpointDetails.cs
  artifactKey: Guid(9d9a087b0e20d4752b24f33a4a2bf977) Importer(2089858483,192608db42251d675da83286b1cce702)
Start importing Assets/GooglePlayGames/com.google.play.games/Runtime/Scripts/BasicApi/Nearby/EndpointDetails.cs using Guid(9d9a087b0e20d4752b24f33a4a2bf977) Importer(2089858483,192608db42251d675da83286b1cce702) (ScriptedImporter) -> (artifact id: '82c7f61e0892e09d351394e7c38b17d2') in 0.0227793 seconds
Number of updated asset objects reloaded before import = 0Number of asset objects unloaded after import = 0

========================================================================
Received Import Request.
  Time since last request: 0.000218 seconds.
  path: Assets/Scripts/PlayerScript.cs
  artifactKey: Guid(9c433b91e2c9c0f4eac14868e502af68) Importer(2089858483,192608db42251d675da83286b1cce702)
Start importing Assets/Scripts/PlayerScript.cs using Guid(9c433b91e2c9c0f4eac14868e502af68) Importer(2089858483,192608db42251d675da83286b1cce702) (ScriptedImporter) -> (artifact id: '54b05c5fed220b7ee087685d0314ef11') in 0.0197413 seconds
Number of updated asset objects reloaded before import = 0Number of asset objects unloaded after import = 0

========================================================================
Received Import Request.
  Time since last request: 0.000144 seconds.
  path: Assets/ExternalDependencyManager/Editor/Google.VersionHandler.pdb
  artifactKey: Guid(ef0c2c4976ca4593860e7d5871a226bf) Importer(2089858483,192608db42251d675da83286b1cce702)
Start importing Assets/ExternalDependencyManager/Editor/Google.VersionHandler.pdb using Guid(ef0c2c4976ca4593860e7d5871a226bf) Importer(2089858483,192608db42251d675da83286b1cce702) (ScriptedImporter) -> (artifact id: 'f159f72a6bea4d0d227760f80d6fe6ff') in 0.0221155 seconds
Number of updated asset objects reloaded before import = 0Number of asset objects unloaded after import = 1

========================================================================
Received Import Request.
  Time since last request: 0.000070 seconds.
  path: Assets/GooglePlayGames/com.google.play.games/Editor/m2repository/com/google/games/gpgs-plugin-support/2.1.0/gpgs-plugin-support-2.1.0.srcaar.sha256
  artifactKey: Guid(b355faca70a7f4859836cfd5bb5107db) Importer(2089858483,192608db42251d675da83286b1cce702)
Start importing Assets/GooglePlayGames/com.google.play.games/Editor/m2repository/com/google/games/gpgs-plugin-support/2.1.0/gpgs-plugin-support-2.1.0.srcaar.sha256 using Guid(b355faca70a7f4859836cfd5bb5107db) Importer(2089858483,192608db42251d675da83286b1cce702) (ScriptedImporter) -> (artifact id: '04011a5b482f61e17610c9804903119a') in 0.0507357 seconds
Number of updated asset objects reloaded before import = 0Number of asset objects unloaded after import = 1

========================================================================
Received Import Request.
  Time since last request: 0.000173 seconds.
  path: Assets/GooglePlayGames/com.google.play.games/Runtime/Scripts/ISocialPlatform/PlayGamesPlatform.cs
  artifactKey: Guid(c1de7754a6e7f4fb08b76780a184b3ca) Importer(2089858483,192608db42251d675da83286b1cce702)
Start importing Assets/GooglePlayGames/com.google.play.games/Runtime/Scripts/ISocialPlatform/PlayGamesPlatform.cs using Guid(c1de7754a6e7f4fb08b76780a184b3ca) Importer(2089858483,192608db42251d675da83286b1cce702) (ScriptedImporter) -> (artifact id: '24de83787d0397f650797f2e6dae5611') in 0.0494373 seconds
Number of updated asset objects reloaded before import = 0Number of asset objects unloaded after import = 0

========================================================================
Received Import Request.
  Time since last request: 0.000196 seconds.
  path: Assets/GooglePlayGames/com.google.play.games/Editor/m2repository/com/google/games/gpgs-plugin-support/2.1.0
  artifactKey: Guid(097e60ab202a04d96b15903958e8d21f) Importer(2089858483,192608db42251d675da83286b1cce702)
Start importing Assets/GooglePlayGames/com.google.play.games/Editor/m2repository/com/google/games/gpgs-plugin-support/2.1.0 using Guid(097e60ab202a04d96b15903958e8d21f) Importer(2089858483,192608db42251d675da83286b1cce702) (ScriptedImporter) -> (artifact id: '185543147fc7f354bab106034a083d45') in 0.0380001 seconds
Number of updated asset objects reloaded before import = 0Number of asset objects unloaded after import = 1

========================================================================
Received Import Request.
  Time since last request: 0.000097 seconds.
  path: Assets/GooglePlayGames/com.google.play.games/Runtime/Scripts/BasicApi/IPlayGamesClient.cs
  artifactKey: Guid(9138e04e4459148c680055b40ad324c0) Importer(2089858483,192608db42251d675da83286b1cce702)
Start importing Assets/GooglePlayGames/com.google.play.games/Runtime/Scripts/BasicApi/IPlayGamesClient.cs using Guid(9138e04e4459148c680055b40ad324c0) Importer(2089858483,192608db42251d675da83286b1cce702) (ScriptedImporter) -> (artifact id: 'c853027b81b26b10b17b4174d069ee47') in 0.2361807 seconds
Number of updated asset objects reloaded before import = 0Number of asset objects unloaded after import = 0

========================================================================
Received Import Request.
  Time since last request: 0.000137 seconds.
  path: Assets/GooglePlayGames/com.google.play.games/Runtime/Scripts/Platforms/Android/AndroidEventsClient.cs
  artifactKey: Guid(311e1761661a341bebebd422a144b5e8) Importer(2089858483,192608db42251d675da83286b1cce702)
Start importing Assets/GooglePlayGames/com.google.play.games/Runtime/Scripts/Platforms/Android/AndroidEventsClient.cs using Guid(311e1761661a341bebebd422a144b5e8) Importer(2089858483,192608db42251d675da83286b1cce702) (ScriptedImporter) -> (artifact id: '759a4524dd940b66091bf8fe5995730f') in 0.0560715 seconds
Number of updated asset objects reloaded before import = 0Number of asset objects unloaded after import = 0

========================================================================
Received Import Request.
  Time since last request: 0.000197 seconds.
  path: Assets/GooglePlayGames/com.google.play.games/Runtime/Scripts/Platforms/Android/AndroidSnapshotMetadata.cs
  artifactKey: Guid(330ac7fa11d9a4bc099f0db5a3c26ad7) Importer(2089858483,192608db42251d675da83286b1cce702)
Start importing Assets/GooglePlayGames/com.google.play.games/Runtime/Scripts/Platforms/Android/AndroidSnapshotMetadata.cs using Guid(330ac7fa11d9a4bc099f0db5a3c26ad7) Importer(2089858483,192608db42251d675da83286b1cce702) (ScriptedImporter) -> (artifact id: 'dfc9e246cd4cb10bd6061f16cf9f83a8') in 0.0684053 seconds
Number of updated asset objects reloaded before import = 0Number of asset objects unloaded after import = 0

========================================================================
Received Import Request.
  Time since last request: 0.000197 seconds.
  path: Assets/ExternalDependencyManager/Editor
  artifactKey: Guid(a7a13b14d6166476dbe24ca370b83a60) Importer(2089858483,192608db42251d675da83286b1cce702)
Start importing Assets/ExternalDependencyManager/Editor using Guid(a7a13b14d6166476dbe24ca370b83a60) Importer(2089858483,192608db42251d675da83286b1cce702) (ScriptedImporter) -> (artifact id: '9c27fd2ae768520da7725e6a217543f7') in 0.0694736 seconds
Number of updated asset objects reloaded before import = 0Number of asset objects unloaded after import = 1

========================================================================
Received Import Request.
  Time since last request: 0.000192 seconds.
  path: Assets/GooglePlayGames/com.google.play.games/Editor/m2repository/com/google/games/gpgs-plugin-support/maven-metadata.xml.sha1
  artifactKey: Guid(a43cf6ce24a034a94bed8334f57647a7) Importer(2089858483,192608db42251d675da83286b1cce702)
Start importing Assets/GooglePlayGames/com.google.play.games/Editor/m2repository/com/google/games/gpgs-plugin-support/maven-metadata.xml.sha1 using Guid(a43cf6ce24a034a94bed8334f57647a7) Importer(2089858483,192608db42251d675da83286b1cce702) (ScriptedImporter) -> (artifact id: '94b66c93444df60e6e4e47985ec7584d') in 0.0390923 seconds
Number of updated asset objects reloaded before import = 0Number of asset objects unloaded after import = 1

========================================================================
Received Import Request.
  Time since last request: 0.000156 seconds.
  path: Assets/GooglePlayGames/com.google.play.games/Runtime/Scripts/BasicApi/Events
  artifactKey: Guid(672ea858ca3b74efb9d0981849563065) Importer(2089858483,192608db42251d675da83286b1cce702)
Start importing Assets/GooglePlayGames/com.google.play.games/Runtime/Scripts/BasicApi/Events using Guid(672ea858ca3b74efb9d0981849563065) Importer(2089858483,192608db42251d675da83286b1cce702) (ScriptedImporter) -> (artifact id: '258db55bc4b4315969c5b27ab96e9309') in 0.0498664 seconds
Number of updated asset objects reloaded before import = 0Number of asset objects unloaded after import = 1

========================================================================
Received Import Request.
  Time since last request: 0.000080 seconds.
  path: Assets/GooglePlayGames/com.google.play.games/Runtime/Scripts/BasicApi/Player.cs
  artifactKey: Guid(4e1630bdd0c7b490e8f006f9a24ef758) Importer(2089858483,192608db42251d675da83286b1cce702)
Start importing Assets/GooglePlayGames/com.google.play.games/Runtime/Scripts/BasicApi/Player.cs using Guid(4e1630bdd0c7b490e8f006f9a24ef758) Importer(2089858483,192608db42251d675da83286b1cce702) (ScriptedImporter) -> (artifact id: '00e8a527806826e3f6d007f29ee553b1') in 0.0455674 seconds
Number of updated asset objects reloaded before import = 0Number of asset objects unloaded after import = 0

========================================================================
Received Import Request.
  Time since last request: 0.000158 seconds.
  path: Assets/GooglePlayGames/com.google.play.games/Editor/m2repository/com/google/games/gpgs-plugin-support/maven-metadata.xml.sha512
  artifactKey: Guid(22b2c04f6a22f4165aab5a886ce75b1e) Importer(2089858483,192608db42251d675da83286b1cce702)
Start importing Assets/GooglePlayGames/com.google.play.games/Editor/m2repository/com/google/games/gpgs-plugin-support/maven-metadata.xml.sha512 using Guid(22b2c04f6a22f4165aab5a886ce75b1e) Importer(2089858483,192608db42251d675da83286b1cce702) (ScriptedImporter) -> (artifact id: '6dcaf22657cc9e145fe6cd9e13add72a') in 0.0469983 seconds
Number of updated asset objects reloaded before import = 0Number of asset objects unloaded after import = 1

========================================================================
Received Import Request.
  Time since last request: 0.000155 seconds.
  path: Assets/GooglePlayGames/com.google.play.games/Runtime/Scripts/BasicApi/Nearby/AdvertisingResult.cs
  artifactKey: Guid(941324a6338664af6a9faf5b88cad408) Importer(2089858483,192608db42251d675da83286b1cce702)
Start importing Assets/GooglePlayGames/com.google.play.games/Runtime/Scripts/BasicApi/Nearby/AdvertisingResult.cs using Guid(941324a6338664af6a9faf5b88cad408) Importer(2089858483,192608db42251d675da83286b1cce702) (ScriptedImporter) -> (artifact id: '3158c15af0fbb950cda8613169450bc6') in 0.0537116 seconds
Number of updated asset objects reloaded before import = 0Number of asset objects unloaded after import = 0

========================================================================
Received Import Request.
  Time since last request: 0.000041 seconds.
  path: Assets/ExternalDependencyManager/Editor/Google.VersionHandler.dll
  artifactKey: Guid(61128ff4560e43ddb606dc203efe7799) Importer(2089858483,192608db42251d675da83286b1cce702)
Start importing Assets/ExternalDependencyManager/Editor/Google.VersionHandler.dll using Guid(61128ff4560e43ddb606dc203efe7799) Importer(2089858483,192608db42251d675da83286b1cce702) (ScriptedImporter) -> (artifact id: '000c1649d492c1749f4c06d74ef8363d') in 0.0661128 seconds
Number of updated asset objects reloaded before import = 0Number of asset objects unloaded after import = 0

========================================================================
Received Import Request.
  Time since last request: 0.000117 seconds.
  path: Assets/GooglePlayGames/com.google.play.games/Runtime/Scripts/BasicApi/Nearby/NearbyConnectionConfiguration.cs
  artifactKey: Guid(968ac90e4a9094a4a92df9da1ee1f884) Importer(2089858483,192608db42251d675da83286b1cce702)
Start importing Assets/GooglePlayGames/com.google.play.games/Runtime/Scripts/BasicApi/Nearby/NearbyConnectionConfiguration.cs using Guid(968ac90e4a9094a4a92df9da1ee1f884) Importer(2089858483,192608db42251d675da83286b1cce702) (ScriptedImporter) -> (artifact id: '093c9d7803546aa2af4275f93110fb72') in 0.0431255 seconds
Number of updated asset objects reloaded before import = 0Number of asset objects unloaded after import = 0

========================================================================
Received Import Request.
  Time since last request: 2.400927 seconds.
  path: Assets/GooglePlayGames/com.google.play.games/Runtime/Scripts/BasicApi/LeaderboardScoreData.cs
  artifactKey: Guid(8e369c64e8c9f4571a8847f37848c37e) Importer(2089858483,192608db42251d675da83286b1cce702)
Start importing Assets/GooglePlayGames/com.google.play.games/Runtime/Scripts/BasicApi/LeaderboardScoreData.cs using Guid(8e369c64e8c9f4571a8847f37848c37e) Importer(2089858483,192608db42251d675da83286b1cce702) (ScriptedImporter) -> (artifact id: '733504984b2c03a1ad59e6e183c34403') in 0.040062 seconds
Number of updated asset objects reloaded before import = 0Number of asset objects unloaded after import = 0

========================================================================
Received Import Request.
  Time since last request: 0.000223 seconds.
  path: Assets/GooglePlayGames/com.google.play.games/Runtime/Scripts/BasicApi/SavedGame/ISavedGameMetadata.cs
  artifactKey: Guid(a94650f478358403ea166d374b2a950c) Importer(2089858483,192608db42251d675da83286b1cce702)
Start importing Assets/GooglePlayGames/com.google.play.games/Runtime/Scripts/BasicApi/SavedGame/ISavedGameMetadata.cs using Guid(a94650f478358403ea166d374b2a950c) Importer(2089858483,192608db42251d675da83286b1cce702) (ScriptedImporter) -> (artifact id: '5b99bc73643b12892d7542546196810d') in 0.0401852 seconds
Number of updated asset objects reloaded before import = 0Number of asset objects unloaded after import = 0

========================================================================
Received Import Request.
  Time since last request: 0.000137 seconds.
  path: Assets/GooglePlayGames/com.google.play.games/Editor/template-GameInfo.txt
  artifactKey: Guid(c6fa1c0456d174d298bf8dd66f584e9e) Importer(2089858483,192608db42251d675da83286b1cce702)
Start importing Assets/GooglePlayGames/com.google.play.games/Editor/template-GameInfo.txt using Guid(c6fa1c0456d174d298bf8dd66f584e9e) Importer(2089858483,192608db42251d675da83286b1cce702) (ScriptedImporter) -> (artifact id: 'c2cfe8aed7065fc69b2a43e5378db54c') in 0.0537936 seconds
Number of updated asset objects reloaded before import = 0Number of asset objects unloaded after import = 1

========================================================================
Received Import Request.
  Time since last request: 0.000165 seconds.
  path: Assets/GooglePlayGames/com.google.play.games/Runtime/Scripts/BasicApi/Nearby/INearbyConnectionClient.cs
  artifactKey: Guid(cb64b5b444dd34de5bd308c7eed6e509) Importer(2089858483,192608db42251d675da83286b1cce702)
Start importing Assets/GooglePlayGames/com.google.play.games/Runtime/Scripts/BasicApi/Nearby/INearbyConnectionClient.cs using Guid(cb64b5b444dd34de5bd308c7eed6e509) Importer(2089858483,192608db42251d675da83286b1cce702) (ScriptedImporter) -> (artifact id: 'c741ec6c17753d0ff7a0e0269656edfb') in 0.0206985 seconds
Number of updated asset objects reloaded before import = 0Number of asset objects unloaded after import = 0

========================================================================
Received Import Request.
  Time since last request: 0.000156 seconds.
  path: Assets/GooglePlayGames/com.google.play.games/Runtime/Scripts/BasicApi/SignInInteractivity.cs
  artifactKey: Guid(f5c7733064f2b09dc8df0009b3bbb1d6) Importer(2089858483,192608db42251d675da83286b1cce702)
Start importing Assets/GooglePlayGames/com.google.play.games/Runtime/Scripts/BasicApi/SignInInteractivity.cs using Guid(f5c7733064f2b09dc8df0009b3bbb1d6) Importer(2089858483,192608db42251d675da83286b1cce702) (ScriptedImporter) -> (artifact id: '468547cfeda03be2a6b3dcf056b3ee0b') in 0.0468945 seconds
Number of updated asset objects reloaded before import = 0Number of asset objects unloaded after import = 0

========================================================================
Received Import Request.
  Time since last request: 0.000197 seconds.
  path: Assets/GooglePlayGames/com.google.play.games/Runtime/Scripts/Platforms/Android/AndroidHelperFragment.cs
  artifactKey: Guid(6eb353a6ffa554bacb374cfaf0cc45e7) Importer(2089858483,192608db42251d675da83286b1cce702)
Start importing Assets/GooglePlayGames/com.google.play.games/Runtime/Scripts/Platforms/Android/AndroidHelperFragment.cs using Guid(6eb353a6ffa554bacb374cfaf0cc45e7) Importer(2089858483,192608db42251d675da83286b1cce702) (ScriptedImporter) -> (artifact id: '5fcf83fc468fb97a8870f57b9e9a7d2f') in 0.0549548 seconds
Number of updated asset objects reloaded before import = 0Number of asset objects unloaded after import = 0

========================================================================
Received Import Request.
  Time since last request: 0.000220 seconds.
  path: Assets/GooglePlayGames/com.google.play.games/Runtime/Scripts/BasicApi/Events/IEventsClient.cs
  artifactKey: Guid(da57ba264ec114c57b8352923847ec34) Importer(2089858483,192608db42251d675da83286b1cce702)
Start importing Assets/GooglePlayGames/com.google.play.games/Runtime/Scripts/BasicApi/Events/IEventsClient.cs using Guid(da57ba264ec114c57b8352923847ec34) Importer(2089858483,192608db42251d675da83286b1cce702) (ScriptedImporter) -> (artifact id: '7bf274bd9cd038a5285d82f9e2f6ac99') in 0.0217187 seconds
Number of updated asset objects reloaded before import = 0Number of asset objects unloaded after import = 0

========================================================================
Received Import Request.
  Time since last request: 0.000245 seconds.
  path: Assets/ExternalDependencyManager/Editor/1.2.182/Google.VersionHandlerImpl.dll
  artifactKey: Guid(025280fbe75c450fbdf7c5fc7ecc8860) Importer(2089858483,192608db42251d675da83286b1cce702)
Start importing Assets/ExternalDependencyManager/Editor/1.2.182/Google.VersionHandlerImpl.dll using Guid(025280fbe75c450fbdf7c5fc7ecc8860) Importer(2089858483,192608db42251d675da83286b1cce702) (ScriptedImporter) -> (artifact id: '26c7ee34d0cc5d482a0f5fde3a8ac740') in 0.0851412 seconds
Number of updated asset objects reloaded before import = 0Number of asset objects unloaded after import = 0

========================================================================
Received Import Request.
  Time since last request: 0.000161 seconds.
  path: Assets/GooglePlayGames/com.google.play.games/Editor/m2repository/com/google/games/gpgs-plugin-support/2.1.0/gpgs-plugin-support-2.1.0.srcaar
  artifactKey: Guid(b05cec21e440d40d292505bdd9f0872a) Importer(2089858483,192608db42251d675da83286b1cce702)
Start importing Assets/GooglePlayGames/com.google.play.games/Editor/m2repository/com/google/games/gpgs-plugin-support/2.1.0/gpgs-plugin-support-2.1.0.srcaar using Guid(b05cec21e440d40d292505bdd9f0872a) Importer(2089858483,192608db42251d675da83286b1cce702) (ScriptedImporter) -> (artifact id: '015577f6d0012fbb27da2edb2e8eb91f') in 0.0483998 seconds
Number of updated asset objects reloaded before import = 0Number of asset objects unloaded after import = 1

========================================================================
Received Import Request.
  Time since last request: 0.000181 seconds.
  path: Assets/GooglePlayGames/com.google.play.games/Editor/m2repository/com/google/games/gpgs-plugin-support/2.1.0/gpgs-plugin-support-2.1.0.pom.sha512
  artifactKey: Guid(b240939517fec40b4865e09113e40a67) Importer(2089858483,192608db42251d675da83286b1cce702)
Start importing Assets/GooglePlayGames/com.google.play.games/Editor/m2repository/com/google/games/gpgs-plugin-support/2.1.0/gpgs-plugin-support-2.1.0.pom.sha512 using Guid(b240939517fec40b4865e09113e40a67) Importer(2089858483,192608db42251d675da83286b1cce702) (ScriptedImporter) -> (artifact id: 'cc087ce721818846ea8e78afb10bdfcf') in 0.1338429 seconds
Number of updated asset objects reloaded before import = 0Number of asset objects unloaded after import = 1

========================================================================
Received Import Request.
  Time since last request: 0.000075 seconds.
  path: Assets/GooglePlayGames/com.google.play.games/Runtime/Google.Play.Games.asmdef
  artifactKey: Guid(1ed07ff861e5f468287b0baef844706d) Importer(2089858483,192608db42251d675da83286b1cce702)
Start importing Assets/GooglePlayGames/com.google.play.games/Runtime/Google.Play.Games.asmdef using Guid(1ed07ff861e5f468287b0baef844706d) Importer(2089858483,192608db42251d675da83286b1cce702) (ScriptedImporter) -> (artifact id: '7df9170f702d1ab924e22b2c195f91d3') in 0.1213618 seconds
Number of updated asset objects reloaded before import = 0Number of asset objects unloaded after import = 1

========================================================================
Received Import Request.
  Time since last request: 0.000105 seconds.
  path: Assets/GooglePlayGames/com.google.play.games/Runtime/Scripts/BasicApi/CommonTypes.cs
  artifactKey: Guid(1c5d1cb1974d14c0c8b32fcf00089556) Importer(2089858483,192608db42251d675da83286b1cce702)
Start importing Assets/GooglePlayGames/com.google.play.games/Runtime/Scripts/BasicApi/CommonTypes.cs using Guid(1c5d1cb1974d14c0c8b32fcf00089556) Importer(2089858483,192608db42251d675da83286b1cce702) (ScriptedImporter) -> (artifact id: 'b2f7fb57b70d72787f3b107d6b503fb6') in 0.0676351 seconds
Number of updated asset objects reloaded before import = 0Number of asset objects unloaded after import = 0

========================================================================
Received Import Request.
  Time since last request: 0.000247 seconds.
  path: Assets/ExternalDependencyManager/Editor/1.2.182/Google.JarResolver.pdb
  artifactKey: Guid(50924eb6369047da88d4803f207075b7) Importer(2089858483,192608db42251d675da83286b1cce702)
Start importing Assets/ExternalDependencyManager/Editor/1.2.182/Google.JarResolver.pdb using Guid(50924eb6369047da88d4803f207075b7) Importer(2089858483,192608db42251d675da83286b1cce702) (ScriptedImporter) -> (artifact id: 'd1464a378f59129d2d4acd3cbc5ad5b9') in 0.0849833 seconds
Number of updated asset objects reloaded before import = 0Number of asset objects unloaded after import = 1

========================================================================
Received Import Request.
  Time since last request: 0.000106 seconds.
  path: Assets/GooglePlayGames/com.google.play.games/Runtime/Scripts/BasicApi/Events/IEvent.cs
  artifactKey: Guid(7e4f4f47218d14208a8ae0f676e1bca4) Importer(2089858483,192608db42251d675da83286b1cce702)
Start importing Assets/GooglePlayGames/com.google.play.games/Runtime/Scripts/BasicApi/Events/IEvent.cs using Guid(7e4f4f47218d14208a8ae0f676e1bca4) Importer(2089858483,192608db42251d675da83286b1cce702) (ScriptedImporter) -> (artifact id: '5c3a99368494d61c10efe18ee3f90e5a') in 0.0414914 seconds
Number of updated asset objects reloaded before import = 0Number of asset objects unloaded after import = 0

========================================================================
Received Import Request.
  Time since last request: 0.000180 seconds.
  path: Assets/GooglePlayGames/com.google.play.games/Runtime/Scripts/BasicApi/PlayerStats.cs
  artifactKey: Guid(0cf73f44d6d524deab1717d6e71e2c6d) Importer(2089858483,192608db42251d675da83286b1cce702)
Start importing Assets/GooglePlayGames/com.google.play.games/Runtime/Scripts/BasicApi/PlayerStats.cs using Guid(0cf73f44d6d524deab1717d6e71e2c6d) Importer(2089858483,192608db42251d675da83286b1cce702) (ScriptedImporter) -> (artifact id: '6fd401f96d2e1febd0ade6886f99c6a5') in 0.0502196 seconds
Number of updated asset objects reloaded before import = 0Number of asset objects unloaded after import = 0

========================================================================
Received Import Request.
  Time since last request: 0.000239 seconds.
  path: Assets/GooglePlayGames/com.google.play.games/Runtime/Scripts/BasicApi/Nearby/DummyNearbyConnectionClient.cs
  artifactKey: Guid(9b3f34a2bba13428789d02b53fd89a47) Importer(2089858483,192608db42251d675da83286b1cce702)
Start importing Assets/GooglePlayGames/com.google.play.games/Runtime/Scripts/BasicApi/Nearby/DummyNearbyConnectionClient.cs using Guid(9b3f34a2bba13428789d02b53fd89a47) Importer(2089858483,192608db42251d675da83286b1cce702) (ScriptedImporter) -> (artifact id: '94ce53648ae237468264eea10a9eda54') in 0.0357294 seconds
Number of updated asset objects reloaded before import = 0Number of asset objects unloaded after import = 0

========================================================================
Received Import Request.
  Time since last request: 0.000219 seconds.
  path: Assets/GooglePlayGames/com.google.play.games/Runtime/Scripts/ISocialPlatform/PlayGamesAchievement.cs
  artifactKey: Guid(e5354c32a5dc64372ba5102f7f787adf) Importer(2089858483,192608db42251d675da83286b1cce702)
Start importing Assets/GooglePlayGames/com.google.play.games/Runtime/Scripts/ISocialPlatform/PlayGamesAchievement.cs using Guid(e5354c32a5dc64372ba5102f7f787adf) Importer(2089858483,192608db42251d675da83286b1cce702) (ScriptedImporter) -> (artifact id: 'fd14af7d8191622b4ea88f24a7ec5e2a') in 0.0424899 seconds
Number of updated asset objects reloaded before import = 0Number of asset objects unloaded after import = 0

========================================================================
Received Import Request.
  Time since last request: 0.000087 seconds.
  path: Assets/GooglePlayGames/com.google.play.games/Runtime/Scripts/ISocialPlatform/PlayGamesScore.cs
  artifactKey: Guid(2a6e2425305ab455a91061b1eb955b38) Importer(2089858483,192608db42251d675da83286b1cce702)
Start importing Assets/GooglePlayGames/com.google.play.games/Runtime/Scripts/ISocialPlatform/PlayGamesScore.cs using Guid(2a6e2425305ab455a91061b1eb955b38) Importer(2089858483,192608db42251d675da83286b1cce702) (ScriptedImporter) -> (artifact id: 'efb8d501354b6e5251f82a3f975653d7') in 0.0373571 seconds
Number of updated asset objects reloaded before import = 0Number of asset objects unloaded after import = 0

========================================================================
Received Import Request.
  Time since last request: 0.000119 seconds.
  path: Assets/GooglePlayGames/com.google.play.games/Proguard/games.txt
  artifactKey: Guid(3617310a589994e39a2cc011f0758cbf) Importer(2089858483,192608db42251d675da83286b1cce702)
Start importing Assets/GooglePlayGames/com.google.play.games/Proguard/games.txt using Guid(3617310a589994e39a2cc011f0758cbf) Importer(2089858483,192608db42251d675da83286b1cce702) (ScriptedImporter) -> (artifact id: '95ad28c382ab437d4f95d58d2a535031') in 0.0499278 seconds
Number of updated asset objects reloaded before import = 0Number of asset objects unloaded after import = 1

========================================================================
Received Import Request.
  Time since last request: 0.000117 seconds.
  path: Assets/GooglePlayGames/com.google.play.games/Runtime/Scripts/BasicApi/SavedGame/SavedGameMetadataUpdate.cs
  artifactKey: Guid(602d9e1c90f0144e79536115f3614478) Importer(2089858483,192608db42251d675da83286b1cce702)
Start importing Assets/GooglePlayGames/com.google.play.games/Runtime/Scripts/BasicApi/SavedGame/SavedGameMetadataUpdate.cs using Guid(602d9e1c90f0144e79536115f3614478) Importer(2089858483,192608db42251d675da83286b1cce702) (ScriptedImporter) -> (artifact id: '53614aee258b876b238cf4f989dac7fa') in 0.0315351 seconds
Number of updated asset objects reloaded before import = 0Number of asset objects unloaded after import = 0

========================================================================
Received Import Request.
  Time since last request: 0.000178 seconds.
  path: Assets/ExternalDependencyManager/Editor/README.md
  artifactKey: Guid(ee2d63ed1abf409b893e36120a404f03) Importer(2089858483,192608db42251d675da83286b1cce702)
Start importing Assets/ExternalDependencyManager/Editor/README.md using Guid(ee2d63ed1abf409b893e36120a404f03) Importer(2089858483,192608db42251d675da83286b1cce702) (ScriptedImporter) -> (artifact id: '4435c2e84dedd476a496acc3bf5a72f7') in 0.0416118 seconds
Number of updated asset objects reloaded before import = 0Number of asset objects unloaded after import = 1

========================================================================
Received Import Request.
  Time since last request: 0.604838 seconds.
  path: Assets/GeneratedLocalRepo/GooglePlayGames/com.google.play.games/Editor/m2repository/com/google/games/gpgs-plugin-support/2.1.0/gpgs-plugin-support-2.1.0.pom
  artifactKey: Guid(42b6aee0c58cee94db6e4fc40cc49ab6) Importer(2089858483,192608db42251d675da83286b1cce702)
Start importing Assets/GeneratedLocalRepo/GooglePlayGames/com.google.play.games/Editor/m2repository/com/google/games/gpgs-plugin-support/2.1.0/gpgs-plugin-support-2.1.0.pom using Guid(42b6aee0c58cee94db6e4fc40cc49ab6) Importer(2089858483,192608db42251d675da83286b1cce702) (ScriptedImporter) -> (artifact id: '262e3f7377437c2f75087324d48c30e3') in 0.0671443 seconds
Number of updated asset objects reloaded before import = 0Number of asset objects unloaded after import = 1

========================================================================
Received Import Request.
  Time since last request: 0.000111 seconds.
  path: Assets/Plugins/Android/gradleTemplate.properties
  artifactKey: Guid(c16d12f5a826bf443a67e13c60fb6d86) Importer(2089858483,192608db42251d675da83286b1cce702)
Start importing Assets/Plugins/Android/gradleTemplate.properties using Guid(c16d12f5a826bf443a67e13c60fb6d86) Importer(2089858483,192608db42251d675da83286b1cce702) (ScriptedImporter) -> (artifact id: 'afd91a7d2c564b4271c60ee503ed052c') in 0.0171288 seconds
Number of updated asset objects reloaded before import = 0Number of asset objects unloaded after import = 1

========================================================================
Received Import Request.
  Time since last request: 0.360772 seconds.
  path: Assets/Scripts/GameManager.cs
  artifactKey: Guid(5405d43e8d2d0be498cbd9ef8c4939f3) Importer(2089858483,192608db42251d675da83286b1cce702)
Start importing Assets/Scripts/GameManager.cs using Guid(5405d43e8d2d0be498cbd9ef8c4939f3) Importer(2089858483,192608db42251d675da83286b1cce702) (ScriptedImporter) -> (artifact id: 'f66c8d4b516b7f484e4e1de716c2e94d') in 0.0162432 seconds
Number of updated asset objects reloaded before import = 0Number of asset objects unloaded after import = 0

========================================================================
Received Import Request.
  Time since last request: 0.807204 seconds.
  path: Assets/Sprites/GooglePlayIcons/50Pts.png
  artifactKey: Guid(7250eb9ab12df604db64e28c0797855d) Importer(2089858483,192608db42251d675da83286b1cce702)
Start importing Assets/Sprites/GooglePlayIcons/50Pts.png using Guid(7250eb9ab12df604db64e28c0797855d) Importer(2089858483,192608db42251d675da83286b1cce702) (ScriptedImporter) -> (artifact id: '43f45aa9e1a7f3c6cf929af5235926c2') in 0.1363231 seconds
Number of updated asset objects reloaded before import = 0Number of asset objects unloaded after import = 3

========================================================================
Received Import Request.
  Time since last request: 0.000025 seconds.
  path: Assets/Sprites/GooglePlayIcons
  artifactKey: Guid(6102b5d974ba94a41925051e7454d7f5) Importer(2089858483,192608db42251d675da83286b1cce702)
Start importing Assets/Sprites/GooglePlayIcons using Guid(6102b5d974ba94a41925051e7454d7f5) Importer(2089858483,192608db42251d675da83286b1cce702) (ScriptedImporter) -> (artifact id: '4d4b3ffad70810bb67a141f42efdbf5a') in 0.0524917 seconds
Number of updated asset objects reloaded before import = 0Number of asset objects unloaded after import = 1

========================================================================
Received Import Request.
  Time since last request: 0.000127 seconds.
  path: Assets/Sprites/GooglePlayIcons/ButtonLeaderboard.png
  artifactKey: Guid(79e4886abd080af4da3ab93ba7a7d405) Importer(2089858483,192608db42251d675da83286b1cce702)
Start importing Assets/Sprites/GooglePlayIcons/ButtonLeaderboard.png using Guid(79e4886abd080af4da3ab93ba7a7d405) Importer(2089858483,192608db42251d675da83286b1cce702) (ScriptedImporter) -> (artifact id: 'cffd9719d00a134cbd43aa0eee13cb86') in 0.0418134 seconds
Number of updated asset objects reloaded before import = 0Number of asset objects unloaded after import = 3

========================================================================
Received Import Request.
  Time since last request: 0.000024 seconds.
  path: Assets/Sprites/GooglePlayIcons/10Pts.png
  artifactKey: Guid(fe6c570d1fae4284ea1d3ed2cbcfdc45) Importer(2089858483,192608db42251d675da83286b1cce702)
Start importing Assets/Sprites/GooglePlayIcons/10Pts.png using Guid(fe6c570d1fae4284ea1d3ed2cbcfdc45) Importer(2089858483,192608db42251d675da83286b1cce702) (ScriptedImporter) -> (artifact id: '2e1276247c124fbae9651e9c248fc681') in 0.0601985 seconds
Number of updated asset objects reloaded before import = 0Number of asset objects unloaded after import = 3

========================================================================
Received Import Request.
  Time since last request: 0.000036 seconds.
  path: Assets/Sprites/GooglePlayIcons/100Pts.png
  artifactKey: Guid(b10da8a54882b7a4b86da7cc3cf6ae69) Importer(2089858483,192608db42251d675da83286b1cce702)
Start importing Assets/Sprites/GooglePlayIcons/100Pts.png using Guid(b10da8a54882b7a4b86da7cc3cf6ae69) Importer(2089858483,192608db42251d675da83286b1cce702) (ScriptedImporter) -> (artifact id: '1424c478350f4ca65e5dd3da4b7ba433') in 0.0352222 seconds
Number of updated asset objects reloaded before import = 0Number of asset objects unloaded after import = 3

========================================================================
Received Import Request.
  Time since last request: 0.000047 seconds.
  path: Assets/Sprites/GooglePlayIcons/30Pts.png
  artifactKey: Guid(ef8d726ca1bafca46a394009f2c7ef91) Importer(2089858483,192608db42251d675da83286b1cce702)
Start importing Assets/Sprites/GooglePlayIcons/30Pts.png using Guid(ef8d726ca1bafca46a394009f2c7ef91) Importer(2089858483,192608db42251d675da83286b1cce702) (ScriptedImporter) -> (artifact id: '501c28a1fc79d4d98c6394f33ce55f1f') in 0.0843908 seconds
Number of updated asset objects reloaded before import = 0Number of asset objects unloaded after import = 3

========================================================================
Received Import Request.
  Time since last request: 0.000029 seconds.
  path: Assets/Sprites/GooglePlayIcons/5Pts.png
  artifactKey: Guid(34355a75aa0086b4db4b6f4404cbeeba) Importer(2089858483,192608db42251d675da83286b1cce702)
Start importing Assets/Sprites/GooglePlayIcons/5Pts.png using Guid(34355a75aa0086b4db4b6f4404cbeeba) Importer(2089858483,192608db42251d675da83286b1cce702) (ScriptedImporter) -> (artifact id: '0c57a24b17e549882d37bed93c606e90') in 0.0375846 seconds
Number of updated asset objects reloaded before import = 0Number of asset objects unloaded after import = 3

========================================================================
Received Import Request.
  Time since last request: 142.910584 seconds.
  path: Assets/Sprites/cone.png
  artifactKey: Guid(fc75884ff1a2775449d389d58f2aaf4f) Importer(815301076,1909f56bfc062723c751e8b465ee728b)
Start importing Assets/Sprites/cone.png using Guid(fc75884ff1a2775449d389d58f2aaf4f) Importer(815301076,1909f56bfc062723c751e8b465ee728b) (PreviewImporter) -> (artifact id: '3330438eb7c9c402c76498e275a0b283') in 0.8379122 seconds
Number of updated asset objects reloaded before import = 0Number of asset objects unloaded after import = 2

========================================================================
Received Import Request.
  Time since last request: 29.177342 seconds.
  path: Assets
  artifactKey: Guid(00000000000000001000000000000000) Importer(815301076,1909f56bfc062723c751e8b465ee728b)
Start importing Assets using Guid(00000000000000001000000000000000) Importer(815301076,1909f56bfc062723c751e8b465ee728b) (PreviewImporter) -> (artifact id: '97b93d820d95dd656f91242fe8a4f1e0') in 0.001105 seconds
Number of updated asset objects reloaded before import = 0Number of asset objects unloaded after import = 0

========================================================================
Received Prepare
Refreshing native plugins compatible for Editor in 71.05 ms, found 3 plugins.
Preloading 0 native plugins for Editor in 0.00 ms.
Unloading 0 Unused Serialized files (Serialized files now loaded: 0)
Unloading 2966 unused Assets / (0.6 MB). Loaded Objects now: 3513.
Memory consumption went from 87.6 MB to 86.9 MB.
Total: 380.997200 ms (FindLiveObjects: 1.734600 ms CreateObjectMapping: 0.337000 ms MarkObjects: 376.511600 ms  DeleteObjects: 2.411100 ms)

Prepare: number of updated asset objects reloaded= 0
========================================================================
Received Import Request.
  Time since last request: 119.967834 seconds.
  path: Assets/GooglePlayGames/com.google.play.games/Editor/GooglePlayGamesPluginDependencies.xml
  artifactKey: Guid(23be7d2a8d0784f2195988f3ee220ea2) Importer(2089858483,192608db42251d675da83286b1cce702)
Start importing Assets/GooglePlayGames/com.google.play.games/Editor/GooglePlayGamesPluginDependencies.xml using Guid(23be7d2a8d0784f2195988f3ee220ea2) Importer(2089858483,192608db42251d675da83286b1cce702) (ScriptedImporter) -> (artifact id: '2b83d01bb1f93f7c768edbb8b9d38ef4') in 0.90624 seconds
Number of updated asset objects reloaded before import = 0Number of asset objects unloaded after import = 1

========================================================================
Received Import Request.
  Time since last request: 0.020639 seconds.
  path: Assets/GooglePlayGames/com.google.play.games/Runtime/Scripts/GameInfo.cs
  artifactKey: Guid(a722d413080904cc1bd07f4db21e1af1) Importer(2089858483,192608db42251d675da83286b1cce702)
Start importing Assets/GooglePlayGames/com.google.play.games/Runtime/Scripts/GameInfo.cs using Guid(a722d413080904cc1bd07f4db21e1af1) Importer(2089858483,192608db42251d675da83286b1cce702) (ScriptedImporter) -> (artifact id: 'acd963ac77752d2f1b776bead30d6e1d') in 0.2774499 seconds
Number of updated asset objects reloaded before import = 0Number of asset objects unloaded after import = 0

========================================================================
Received Import Request.
  Time since last request: 0.000244 seconds.
  path: Assets/GooglePlayGames/com.google.play.games/Editor/GooglePlayGamesPlugin_v2.1.0.txt
  artifactKey: Guid(2cab45bef89b247bcb7a494b006fdf9b) Importer(2089858483,192608db42251d675da83286b1cce702)
Start importing Assets/GooglePlayGames/com.google.play.games/Editor/GooglePlayGamesPlugin_v2.1.0.txt using Guid(2cab45bef89b247bcb7a494b006fdf9b) Importer(2089858483,192608db42251d675da83286b1cce702) (ScriptedImporter) -> (artifact id: '16b4a00e5ccb1d2b53970d99a63f7321') in 0.1551506 seconds
Number of updated asset objects reloaded before import = 0Number of asset objects unloaded after import = 1

========================================================================
Received Prepare
[Licensing::Client] Successfully resolved entitlement details
[Licensing::Module] License group:
  Id: F4-UWWC-HDTS-C65R-DKNB-XXXX
  Product: Unity Personal
  Type: ULF
  Expiration: Unlimited
[Licensing::Module] License group:
  Id: 4672995795270-UnityPersXXXX
  Product: Unity Personal
  Type: Assigned
  Expiration: Unlimited
Begin MonoManager ReloadAssembly
[Licensing::Client] Successfully resolved entitlement details
[Licensing::Module] License group:
  Id: F4-UWWC-HDTS-C65R-DKNB-XXXX
  Product: Unity Personal
  Type: ULF
  Expiration: Unlimited
[Licensing::Module] License group:
  Id: 4672995795270-UnityPersXXXX
  Product: Unity Personal
  Type: Assigned
  Expiration: Unlimited
Symbol file LoadedFromMemory is not a mono symbol file
- Loaded All Assemblies, in  5.980 seconds
Refreshing native plugins compatible for Editor in 1.62 ms, found 3 plugins.
Native extension for Android target not found
Native extension for WindowsStandalone target not found
Native extension for WebGL target not found
GPGSUpgrader start
UnityEngine.Debug:ExtractStackTraceNoAlloc (byte*,int,string)
UnityEngine.StackTraceUtility:ExtractStackTrace ()
UnityEngine.DebugLogHandler:Internal_Log (UnityEngine.LogType,UnityEngine.LogOption,string,UnityEngine.Object)
UnityEngine.DebugLogHandler:LogFormat (UnityEngine.LogType,UnityEngine.Object,string,object[])
UnityEngine.Logger:Log (UnityEngine.LogType,object)
UnityEngine.Debug:Log (object)
GooglePlayGames.Editor.GPGSUpgrader:.cctor () (at Assets/GooglePlayGames/com.google.play.games/Editor/GPGSUpgrader.cs:38)
System.Runtime.CompilerServices.RuntimeHelpers:RunClassConstructor (System.RuntimeTypeHandle)
UnityEditor.EditorAssemblies:ProcessInitializeOnLoadAttributes (System.Type[])

(Filename: Assets/GooglePlayGames/com.google.play.games/Editor/GPGSUpgrader.cs Line: 38)

GPGSUpgrader done
UnityEngine.Debug:ExtractStackTraceNoAlloc (byte*,int,string)
UnityEngine.StackTraceUtility:ExtractStackTrace ()
UnityEngine.DebugLogHandler:Internal_Log (UnityEngine.LogType,UnityEngine.LogOption,string,UnityEngine.Object)
UnityEngine.DebugLogHandler:LogFormat (UnityEngine.LogType,UnityEngine.Object,string,object[])
UnityEngine.Logger:Log (UnityEngine.LogType,object)
UnityEngine.Debug:Log (object)
GooglePlayGames.Editor.GPGSUpgrader:.cctor () (at Assets/GooglePlayGames/com.google.play.games/Editor/GPGSUpgrader.cs:57)
System.Runtime.CompilerServices.RuntimeHelpers:RunClassConstructor (System.RuntimeTypeHandle)
UnityEditor.EditorAssemblies:ProcessInitializeOnLoadAttributes (System.Type[])

(Filename: Assets/GooglePlayGames/com.google.play.games/Editor/GPGSUpgrader.cs Line: 57)

[Package Manager] Failed to launch server process. Reason: Unity was launched with the -noUpm command-line argument
[Package Manager] Unable to send message (not connected to server process).
[Package Manager] Cannot connect to Unity Package Manager local server
Mono: successfully reloaded assembly
- Finished resetting the current domain, in  0.823 seconds
Domain Reload Profiling: 6806ms
	BeginReloadAssembly (1470ms)
		ExecutionOrderSort (0ms)
		DisableScriptedObjects (96ms)
		BackupInstance (0ms)
		ReleaseScriptingObjects (1ms)
		CreateAndSetChildDomain (219ms)
	RebuildCommonClasses (47ms)
	RebuildNativeTypeToScriptingClass (14ms)
	initialDomainReloadingComplete (94ms)
	LoadAllAssembliesAndSetupDomain (4358ms)
		LoadAssemblies (4234ms)
		RebuildTransferFunctionScriptingTraits (0ms)
		AnalyzeDomain (622ms)
			TypeCache.Refresh (33ms)
				TypeCache.ScanAssembly (3ms)
			BuildScriptInfoCaches (573ms)
			ResolveRequiredComponents (3ms)
	FinalizeReload (824ms)
		ReleaseScriptCaches (0ms)
		RebuildScriptCaches (0ms)
		SetupLoadedEditorAssemblies (685ms)
			LogAssemblyErrors (0ms)
			InitializePlatformSupportModulesInManaged (16ms)
			SetLoadedEditorAssemblies (8ms)
			BeforeProcessingInitializeOnLoad (116ms)
			ProcessInitializeOnLoadAttributes (502ms)
			ProcessInitializeOnLoadMethodAttributes (41ms)
			AfterProcessingInitializeOnLoad (2ms)
			EditorAssembliesLoaded (1ms)
		ExecutionOrderSort2 (0ms)
		AwakeInstancesAfterBackupRestoration (7ms)
Refreshing native plugins compatible for Editor in 1.84 ms, found 3 plugins.
Preloading 0 native plugins for Editor in 0.00 ms.
Unloading 0 Unused Serialized files (Serialized files now loaded: 0)
Unloading 2977 unused Assets / (1.0 MB). Loaded Objects now: 3514.
Memory consumption went from 87.1 MB to 86.1 MB.
Total: 386.826600 ms (FindLiveObjects: 0.786100 ms CreateObjectMapping: 0.276500 ms MarkObjects: 383.351200 ms  DeleteObjects: 2.409400 ms)

Prepare: number of updated asset objects reloaded= 0
========================================================================
Received Prepare
Refreshing native plugins compatible for Editor in 1.83 ms, found 3 plugins.
Preloading 0 native plugins for Editor in 0.00 ms.
Unloading 0 Unused Serialized files (Serialized files now loaded: 0)
Unloading 2966 unused Assets / (0.6 MB). Loaded Objects now: 3514.
Memory consumption went from 87.2 MB to 86.6 MB.
Total: 7.030700 ms (FindLiveObjects: 0.440100 ms CreateObjectMapping: 0.219700 ms MarkObjects: 5.386300 ms  DeleteObjects: 0.983100 ms)

Prepare: number of updated asset objects reloaded= 0
========================================================================
Received Prepare
Begin MonoManager ReloadAssembly
Symbol file LoadedFromMemory is not a mono symbol file
- Loaded All Assemblies, in  1.620 seconds
Refreshing native plugins compatible for Editor in 1.84 ms, found 3 plugins.
Native extension for Android target not found
Native extension for WindowsStandalone target not found
Native extension for WebGL target not found
GPGSUpgrader start
UnityEngine.Debug:ExtractStackTraceNoAlloc (byte*,int,string)
UnityEngine.StackTraceUtility:ExtractStackTrace ()
UnityEngine.DebugLogHandler:Internal_Log (UnityEngine.LogType,UnityEngine.LogOption,string,UnityEngine.Object)
UnityEngine.DebugLogHandler:LogFormat (UnityEngine.LogType,UnityEngine.Object,string,object[])
UnityEngine.Logger:Log (UnityEngine.LogType,object)
UnityEngine.Debug:Log (object)
GooglePlayGames.Editor.GPGSUpgrader:.cctor () (at Assets/GooglePlayGames/com.google.play.games/Editor/GPGSUpgrader.cs:38)
System.Runtime.CompilerServices.RuntimeHelpers:RunClassConstructor (System.RuntimeTypeHandle)
UnityEditor.EditorAssemblies:ProcessInitializeOnLoadAttributes (System.Type[])

(Filename: Assets/GooglePlayGames/com.google.play.games/Editor/GPGSUpgrader.cs Line: 38)

GPGSUpgrader done
UnityEngine.Debug:ExtractStackTraceNoAlloc (byte*,int,string)
UnityEngine.StackTraceUtility:ExtractStackTrace ()
UnityEngine.DebugLogHandler:Internal_Log (UnityEngine.LogType,UnityEngine.LogOption,string,UnityEngine.Object)
UnityEngine.DebugLogHandler:LogFormat (UnityEngine.LogType,UnityEngine.Object,string,object[])
UnityEngine.Logger:Log (UnityEngine.LogType,object)
UnityEngine.Debug:Log (object)
GooglePlayGames.Editor.GPGSUpgrader:.cctor () (at Assets/GooglePlayGames/com.google.play.games/Editor/GPGSUpgrader.cs:57)
System.Runtime.CompilerServices.RuntimeHelpers:RunClassConstructor (System.RuntimeTypeHandle)
UnityEditor.EditorAssemblies:ProcessInitializeOnLoadAttributes (System.Type[])

(Filename: Assets/GooglePlayGames/com.google.play.games/Editor/GPGSUpgrader.cs Line: 57)

[Package Manager] Failed to launch server process. Reason: Unity was launched with the -noUpm command-line argument
[Package Manager] Unable to send message (not connected to server process).
[Package Manager] Cannot connect to Unity Package Manager local server
Mono: successfully reloaded assembly
- Finished resetting the current domain, in  0.751 seconds
Domain Reload Profiling: 2371ms
	BeginReloadAssembly (242ms)
		ExecutionOrderSort (0ms)
		DisableScriptedObjects (19ms)
		BackupInstance (0ms)
		ReleaseScriptingObjects (0ms)
		CreateAndSetChildDomain (56ms)
	RebuildCommonClasses (44ms)
	RebuildNativeTypeToScriptingClass (16ms)
	initialDomainReloadingComplete (32ms)
	LoadAllAssembliesAndSetupDomain (1287ms)
		LoadAssemblies (1277ms)
		RebuildTransferFunctionScriptingTraits (0ms)
		AnalyzeDomain (131ms)
			TypeCache.Refresh (9ms)
				TypeCache.ScanAssembly (1ms)
			BuildScriptInfoCaches (116ms)
			ResolveRequiredComponents (3ms)
	FinalizeReload (751ms)
		ReleaseScriptCaches (0ms)
		RebuildScriptCaches (0ms)
		SetupLoadedEditorAssemblies (609ms)
			LogAssemblyErrors (0ms)
			InitializePlatformSupportModulesInManaged (13ms)
			SetLoadedEditorAssemblies (7ms)
			BeforeProcessingInitializeOnLoad (155ms)
			ProcessInitializeOnLoadAttributes (383ms)
			ProcessInitializeOnLoadMethodAttributes (49ms)
			AfterProcessingInitializeOnLoad (2ms)
			EditorAssembliesLoaded (1ms)
		ExecutionOrderSort2 (0ms)
		AwakeInstancesAfterBackupRestoration (8ms)
Refreshing native plugins compatible for Editor in 11.90 ms, found 3 plugins.
Preloading 0 native plugins for Editor in 0.00 ms.
Unloading 0 Unused Serialized files (Serialized files now loaded: 0)
Unloading 2977 unused Assets / (1.5 MB). Loaded Objects now: 3516.
Memory consumption went from 87.1 MB to 85.6 MB.
Total: 8.726500 ms (FindLiveObjects: 0.631800 ms CreateObjectMapping: 0.259600 ms MarkObjects: 5.692300 ms  DeleteObjects: 2.140700 ms)

Prepare: number of updated asset objects reloaded= 0
========================================================================
Received Prepare
Refreshing native plugins compatible for Editor in 28.36 ms, found 3 plugins.
Preloading 0 native plugins for Editor in 0.00 ms.
Unloading 0 Unused Serialized files (Serialized files now loaded: 0)
Unloading 2966 unused Assets / (1.5 MB). Loaded Objects now: 3516.
Memory consumption went from 87.2 MB to 85.7 MB.
Total: 1913.179400 ms (FindLiveObjects: 4.118300 ms CreateObjectMapping: 0.417800 ms MarkObjects: 1654.673800 ms  DeleteObjects: 156.483300 ms)

Prepare: number of updated asset objects reloaded= 0
========================================================================
Received Prepare
[Licensing::Client] Successfully resolved entitlement details
[Licensing::Module] License group:
  Id: F4-UWWC-HDTS-C65R-DKNB-XXXX
  Product: Unity Personal
  Type: ULF
  Expiration: Unlimited
[Licensing::Module] License group:
  Id: 4672995795270-UnityPersXXXX
  Product: Unity Personal
  Type: Assigned
  Expiration: Unlimited
Begin MonoManager ReloadAssembly
[Licensing::Client] Successfully resolved entitlement details
[Licensing::Module] License group:
  Id: F4-UWWC-HDTS-C65R-DKNB-XXXX
  Product: Unity Personal
  Type: ULF
  Expiration: Unlimited
[Licensing::Module] License group:
  Id: 4672995795270-UnityPersXXXX
  Product: Unity Personal
  Type: Assigned
  Expiration: Unlimited
Symbol file LoadedFromMemory is not a mono symbol file
- Loaded All Assemblies, in 17.731 seconds
Refreshing native plugins compatible for Editor in 127.27 ms, found 3 plugins.
Native extension for Android target not found
Native extension for WindowsStandalone target not found
Native extension for WebGL target not found
GPGSUpgrader start
UnityEngine.Debug:ExtractStackTraceNoAlloc (byte*,int,string)
UnityEngine.StackTraceUtility:ExtractStackTrace ()
UnityEngine.DebugLogHandler:Internal_Log (UnityEngine.LogType,UnityEngine.LogOption,string,UnityEngine.Object)
UnityEngine.DebugLogHandler:LogFormat (UnityEngine.LogType,UnityEngine.Object,string,object[])
UnityEngine.Logger:Log (UnityEngine.LogType,object)
UnityEngine.Debug:Log (object)
GooglePlayGames.Editor.GPGSUpgrader:.cctor () (at Assets/GooglePlayGames/com.google.play.games/Editor/GPGSUpgrader.cs:38)
System.Runtime.CompilerServices.RuntimeHelpers:RunClassConstructor (System.RuntimeTypeHandle)
UnityEditor.EditorAssemblies:ProcessInitializeOnLoadAttributes (System.Type[])

(Filename: Assets/GooglePlayGames/com.google.play.games/Editor/GPGSUpgrader.cs Line: 38)

GPGSUpgrader done
UnityEngine.Debug:ExtractStackTraceNoAlloc (byte*,int,string)
UnityEngine.StackTraceUtility:ExtractStackTrace ()
UnityEngine.DebugLogHandler:Internal_Log (UnityEngine.LogType,UnityEngine.LogOption,string,UnityEngine.Object)
UnityEngine.DebugLogHandler:LogFormat (UnityEngine.LogType,UnityEngine.Object,string,object[])
UnityEngine.Logger:Log (UnityEngine.LogType,object)
UnityEngine.Debug:Log (object)
GooglePlayGames.Editor.GPGSUpgrader:.cctor () (at Assets/GooglePlayGames/com.google.play.games/Editor/GPGSUpgrader.cs:57)
System.Runtime.CompilerServices.RuntimeHelpers:RunClassConstructor (System.RuntimeTypeHandle)
UnityEditor.EditorAssemblies:ProcessInitializeOnLoadAttributes (System.Type[])

(Filename: Assets/GooglePlayGames/com.google.play.games/Editor/GPGSUpgrader.cs Line: 57)

[Package Manager] Failed to launch server process. Reason: Unity was launched with the -noUpm command-line argument
[Package Manager] Unable to send message (not connected to server process).
[Package Manager] Cannot connect to Unity Package Manager local server
Mono: successfully reloaded assembly
- Finished resetting the current domain, in  1.141 seconds
Domain Reload Profiling: 18875ms
	BeginReloadAssembly (9333ms)
		ExecutionOrderSort (0ms)
		DisableScriptedObjects (278ms)
		BackupInstance (0ms)
		ReleaseScriptingObjects (1ms)
		CreateAndSetChildDomain (455ms)
	RebuildCommonClasses (104ms)
	RebuildNativeTypeToScriptingClass (16ms)
	initialDomainReloadingComplete (44ms)
	LoadAllAssembliesAndSetupDomain (8236ms)
		LoadAssemblies (15673ms)
		RebuildTransferFunctionScriptingTraits (0ms)
		AnalyzeDomain (548ms)
			TypeCache.Refresh (63ms)
				TypeCache.ScanAssembly (1ms)
			BuildScriptInfoCaches (472ms)
			ResolveRequiredComponents (4ms)
	FinalizeReload (1141ms)
		ReleaseScriptCaches (0ms)
		RebuildScriptCaches (0ms)
		SetupLoadedEditorAssemblies (952ms)
			LogAssemblyErrors (0ms)
			InitializePlatformSupportModulesInManaged (66ms)
			SetLoadedEditorAssemblies (10ms)
			BeforeProcessingInitializeOnLoad (172ms)
			ProcessInitializeOnLoadAttributes (638ms)
			ProcessInitializeOnLoadMethodAttributes (63ms)
			AfterProcessingInitializeOnLoad (2ms)
			EditorAssembliesLoaded (1ms)
		ExecutionOrderSort2 (0ms)
		AwakeInstancesAfterBackupRestoration (11ms)
Refreshing native plugins compatible for Editor in 2.29 ms, found 3 plugins.
Preloading 0 native plugins for Editor in 0.00 ms.
Unloading 0 Unused Serialized files (Serialized files now loaded: 0)
Unloading 2977 unused Assets / (0.7 MB). Loaded Objects now: 3518.
Memory consumption went from 87.1 MB to 86.4 MB.
Total: 433.625100 ms (FindLiveObjects: 0.567600 ms CreateObjectMapping: 0.297500 ms MarkObjects: 430.110300 ms  DeleteObjects: 2.644800 ms)

Prepare: number of updated asset objects reloaded= 0
========================================================================
Received Prepare
[Licensing::Client] Successfully resolved entitlement details
[Licensing::Module] License group:
  Id: F4-UWWC-HDTS-C65R-DKNB-XXXX
  Product: Unity Personal
  Type: ULF
  Expiration: Unlimited
[Licensing::Module] License group:
  Id: 4672995795270-UnityPersXXXX
  Product: Unity Personal
  Type: Assigned
  Expiration: Unlimited
Begin MonoManager ReloadAssembly
[Licensing::Client] Successfully resolved entitlement details
[Licensing::Module] License group:
  Id: F4-UWWC-HDTS-C65R-DKNB-XXXX
  Product: Unity Personal
  Type: ULF
  Expiration: Unlimited
[Licensing::Module] License group:
  Id: 4672995795270-UnityPersXXXX
  Product: Unity Personal
  Type: Assigned
  Expiration: Unlimited
Symbol file LoadedFromMemory is not a mono symbol file
- Loaded All Assemblies, in  6.303 seconds
Refreshing native plugins compatible for Editor in 3.56 ms, found 3 plugins.
Native extension for Android target not found
Native extension for WindowsStandalone target not found
Native extension for WebGL target not found
GPGSUpgrader start
UnityEngine.Debug:ExtractStackTraceNoAlloc (byte*,int,string)
UnityEngine.StackTraceUtility:ExtractStackTrace ()
UnityEngine.DebugLogHandler:Internal_Log (UnityEngine.LogType,UnityEngine.LogOption,string,UnityEngine.Object)
UnityEngine.DebugLogHandler:LogFormat (UnityEngine.LogType,UnityEngine.Object,string,object[])
UnityEngine.Logger:Log (UnityEngine.LogType,object)
UnityEngine.Debug:Log (object)
GooglePlayGames.Editor.GPGSUpgrader:.cctor () (at Assets/GooglePlayGames/com.google.play.games/Editor/GPGSUpgrader.cs:38)
System.Runtime.CompilerServices.RuntimeHelpers:RunClassConstructor (System.RuntimeTypeHandle)
UnityEditor.EditorAssemblies:ProcessInitializeOnLoadAttributes (System.Type[])

(Filename: Assets/GooglePlayGames/com.google.play.games/Editor/GPGSUpgrader.cs Line: 38)

GPGSUpgrader done
UnityEngine.Debug:ExtractStackTraceNoAlloc (byte*,int,string)
UnityEngine.StackTraceUtility:ExtractStackTrace ()
UnityEngine.DebugLogHandler:Internal_Log (UnityEngine.LogType,UnityEngine.LogOption,string,UnityEngine.Object)
UnityEngine.DebugLogHandler:LogFormat (UnityEngine.LogType,UnityEngine.Object,string,object[])
UnityEngine.Logger:Log (UnityEngine.LogType,object)
UnityEngine.Debug:Log (object)
GooglePlayGames.Editor.GPGSUpgrader:.cctor () (at Assets/GooglePlayGames/com.google.play.games/Editor/GPGSUpgrader.cs:57)
System.Runtime.CompilerServices.RuntimeHelpers:RunClassConstructor (System.RuntimeTypeHandle)
UnityEditor.EditorAssemblies:ProcessInitializeOnLoadAttributes (System.Type[])

(Filename: Assets/GooglePlayGames/com.google.play.games/Editor/GPGSUpgrader.cs Line: 57)

[Package Manager] Failed to launch server process. Reason: Unity was launched with the -noUpm command-line argument
[Package Manager] Unable to send message (not connected to server process).
[Package Manager] Cannot connect to Unity Package Manager local server
Mono: successfully reloaded assembly
- Finished resetting the current domain, in  0.810 seconds
Domain Reload Profiling: 7116ms
	BeginReloadAssembly (1346ms)
		ExecutionOrderSort (0ms)
		DisableScriptedObjects (295ms)
		BackupInstance (0ms)
		ReleaseScriptingObjects (2ms)
		CreateAndSetChildDomain (429ms)
	RebuildCommonClasses (113ms)
	RebuildNativeTypeToScriptingClass (17ms)
	initialDomainReloadingComplete (50ms)
	LoadAllAssembliesAndSetupDomain (4779ms)
		LoadAssemblies (4821ms)
		RebuildTransferFunctionScriptingTraits (0ms)
		AnalyzeDomain (297ms)
			TypeCache.Refresh (27ms)
				TypeCache.ScanAssembly (4ms)
			BuildScriptInfoCaches (257ms)
			ResolveRequiredComponents (3ms)
	FinalizeReload (811ms)
		ReleaseScriptCaches (0ms)
		RebuildScriptCaches (0ms)
		SetupLoadedEditorAssemblies (667ms)
			LogAssemblyErrors (0ms)
			InitializePlatformSupportModulesInManaged (15ms)
			SetLoadedEditorAssemblies (5ms)
			BeforeProcessingInitializeOnLoad (121ms)
			ProcessInitializeOnLoadAttributes (471ms)
			ProcessInitializeOnLoadMethodAttributes (52ms)
			AfterProcessingInitializeOnLoad (2ms)
			EditorAssembliesLoaded (0ms)
		ExecutionOrderSort2 (0ms)
		AwakeInstancesAfterBackupRestoration (9ms)
Refreshing native plugins compatible for Editor in 3.43 ms, found 3 plugins.
Preloading 0 native plugins for Editor in 0.00 ms.
Unloading 0 Unused Serialized files (Serialized files now loaded: 0)
Unloading 3152 unused Assets / (1.5 MB). Loaded Objects now: 3681.
Memory consumption went from 87.7 MB to 86.3 MB.
Total: 354.563400 ms (FindLiveObjects: 0.487600 ms CreateObjectMapping: 0.288200 ms MarkObjects: 350.940100 ms  DeleteObjects: 2.843800 ms)

Prepare: number of updated asset objects reloaded= 0
========================================================================
Received Prepare
Refreshing native plugins compatible for Editor in 3.28 ms, found 3 plugins.
Preloading 0 native plugins for Editor in 0.00 ms.
Unloading 0 Unused Serialized files (Serialized files now loaded: 0)
Unloading 3127 unused Assets / (2.5 MB). Loaded Objects now: 3681.
Memory consumption went from 87.8 MB to 85.3 MB.
Total: 11.394700 ms (FindLiveObjects: 0.488100 ms CreateObjectMapping: 0.300200 ms MarkObjects: 5.554700 ms  DeleteObjects: 5.049500 ms)

Prepare: number of updated asset objects reloaded= 0
========================================================================
Received Prepare
Refreshing native plugins compatible for Editor in 3.60 ms, found 3 plugins.
Preloading 0 native plugins for Editor in 0.00 ms.
Unloading 0 Unused Serialized files (Serialized files now loaded: 0)
Unloading 3127 unused Assets / (1.0 MB). Loaded Objects now: 3681.
Memory consumption went from 87.8 MB to 86.8 MB.
Total: 8.218600 ms (FindLiveObjects: 0.804500 ms CreateObjectMapping: 0.561000 ms MarkObjects: 5.375500 ms  DeleteObjects: 1.475500 ms)

Prepare: number of updated asset objects reloaded= 0
========================================================================
Received Prepare
Refreshing native plugins compatible for Editor in 3.16 ms, found 3 plugins.
Preloading 0 native plugins for Editor in 0.00 ms.
Unloading 0 Unused Serialized files (Serialized files now loaded: 0)
Unloading 3127 unused Assets / (1.4 MB). Loaded Objects now: 3681.
Memory consumption went from 87.8 MB to 86.4 MB.
Total: 9.527900 ms (FindLiveObjects: 0.579600 ms CreateObjectMapping: 0.516500 ms MarkObjects: 6.111500 ms  DeleteObjects: 2.318800 ms)

Prepare: number of updated asset objects reloaded= 0
========================================================================
Received Prepare
Refreshing native plugins compatible for Editor in 3.09 ms, found 3 plugins.
Preloading 0 native plugins for Editor in 0.00 ms.
Unloading 0 Unused Serialized files (Serialized files now loaded: 0)
Unloading 3127 unused Assets / (1.7 MB). Loaded Objects now: 3681.
Memory consumption went from 87.8 MB to 86.1 MB.
Total: 9.411100 ms (FindLiveObjects: 0.495500 ms CreateObjectMapping: 0.361300 ms MarkObjects: 6.134700 ms  DeleteObjects: 2.417600 ms)

Prepare: number of updated asset objects reloaded= 0
========================================================================
Received Prepare
[Licensing::Client] Successfully resolved entitlement details
[Licensing::Module] License group:
  Id: F4-UWWC-HDTS-C65R-DKNB-XXXX
  Product: Unity Personal
  Type: ULF
  Expiration: Unlimited
[Licensing::Module] License group:
  Id: 4672995795270-UnityPersXXXX
  Product: Unity Personal
  Type: Assigned
  Expiration: Unlimited
Begin MonoManager ReloadAssembly
[Licensing::Client] Successfully resolved entitlement details
[Licensing::Module] License group:
  Id: F4-UWWC-HDTS-C65R-DKNB-XXXX
  Product: Unity Personal
  Type: ULF
  Expiration: Unlimited
[Licensing::Module] License group:
  Id: 4672995795270-UnityPersXXXX
  Product: Unity Personal
  Type: Assigned
  Expiration: Unlimited
Symbol file LoadedFromMemory is not a mono symbol file
- Loaded All Assemblies, in  1.532 seconds
Refreshing native plugins compatible for Editor in 3.27 ms, found 3 plugins.
Native extension for Android target not found
Native extension for WindowsStandalone target not found
Native extension for WebGL target not found
GPGSUpgrader start
UnityEngine.Debug:ExtractStackTraceNoAlloc (byte*,int,string)
UnityEngine.StackTraceUtility:ExtractStackTrace ()
UnityEngine.DebugLogHandler:Internal_Log (UnityEngine.LogType,UnityEngine.LogOption,string,UnityEngine.Object)
UnityEngine.DebugLogHandler:LogFormat (UnityEngine.LogType,UnityEngine.Object,string,object[])
UnityEngine.Logger:Log (UnityEngine.LogType,object)
UnityEngine.Debug:Log (object)
GooglePlayGames.Editor.GPGSUpgrader:.cctor () (at Assets/GooglePlayGames/com.google.play.games/Editor/GPGSUpgrader.cs:38)
System.Runtime.CompilerServices.RuntimeHelpers:RunClassConstructor (System.RuntimeTypeHandle)
UnityEditor.EditorAssemblies:ProcessInitializeOnLoadAttributes (System.Type[])

(Filename: Assets/GooglePlayGames/com.google.play.games/Editor/GPGSUpgrader.cs Line: 38)

GPGSUpgrader done
UnityEngine.Debug:ExtractStackTraceNoAlloc (byte*,int,string)
UnityEngine.StackTraceUtility:ExtractStackTrace ()
UnityEngine.DebugLogHandler:Internal_Log (UnityEngine.LogType,UnityEngine.LogOption,string,UnityEngine.Object)
UnityEngine.DebugLogHandler:LogFormat (UnityEngine.LogType,UnityEngine.Object,string,object[])
UnityEngine.Logger:Log (UnityEngine.LogType,object)
UnityEngine.Debug:Log (object)
GooglePlayGames.Editor.GPGSUpgrader:.cctor () (at Assets/GooglePlayGames/com.google.play.games/Editor/GPGSUpgrader.cs:57)
System.Runtime.CompilerServices.RuntimeHelpers:RunClassConstructor (System.RuntimeTypeHandle)
UnityEditor.EditorAssemblies:ProcessInitializeOnLoadAttributes (System.Type[])

(Filename: Assets/GooglePlayGames/com.google.play.games/Editor/GPGSUpgrader.cs Line: 57)

[Package Manager] Failed to launch server process. Reason: Unity was launched with the -noUpm command-line argument
[Package Manager] Unable to send message (not connected to server process).
[Package Manager] Cannot connect to Unity Package Manager local server
Mono: successfully reloaded assembly
- Finished resetting the current domain, in  0.691 seconds
Domain Reload Profiling: 2225ms
	BeginReloadAssembly (237ms)
		ExecutionOrderSort (0ms)
		DisableScriptedObjects (19ms)
		BackupInstance (0ms)
		ReleaseScriptingObjects (0ms)
		CreateAndSetChildDomain (47ms)
	RebuildCommonClasses (41ms)
	RebuildNativeTypeToScriptingClass (14ms)
	initialDomainReloadingComplete (29ms)
	LoadAllAssembliesAndSetupDomain (1212ms)
		LoadAssemblies (1188ms)
		RebuildTransferFunctionScriptingTraits (0ms)
		AnalyzeDomain (144ms)
			TypeCache.Refresh (9ms)
				TypeCache.ScanAssembly (0ms)
			BuildScriptInfoCaches (129ms)
			ResolveRequiredComponents (3ms)
	FinalizeReload (691ms)
		ReleaseScriptCaches (0ms)
		RebuildScriptCaches (0ms)
		SetupLoadedEditorAssemblies (556ms)
			LogAssemblyErrors (0ms)
			InitializePlatformSupportModulesInManaged (13ms)
			SetLoadedEditorAssemblies (7ms)
			BeforeProcessingInitializeOnLoad (116ms)
			ProcessInitializeOnLoadAttributes (370ms)
			ProcessInitializeOnLoadMethodAttributes (49ms)
			AfterProcessingInitializeOnLoad (2ms)
			EditorAssembliesLoaded (0ms)
		ExecutionOrderSort2 (0ms)
		AwakeInstancesAfterBackupRestoration (7ms)
Refreshing native plugins compatible for Editor in 3.26 ms, found 3 plugins.
Preloading 0 native plugins for Editor in 0.00 ms.
Unloading 0 Unused Serialized files (Serialized files now loaded: 0)
Unloading 3155 unused Assets / (0.6 MB). Loaded Objects now: 3686.
Memory consumption went from 87.8 MB to 87.1 MB.
Total: 8.184200 ms (FindLiveObjects: 0.658400 ms CreateObjectMapping: 0.312100 ms MarkObjects: 5.859600 ms  DeleteObjects: 1.348800 ms)

Prepare: number of updated asset objects reloaded= 0
========================================================================
Received Import Request.
  Time since last request: 859.871626 seconds.
  path: Assets/GooglePlayGames/com.google.play.games/Runtime/Scripts/GameInfo.cs
  artifactKey: Guid(a722d413080904cc1bd07f4db21e1af1) Importer(2089858483,192608db42251d675da83286b1cce702)
Start importing Assets/GooglePlayGames/com.google.play.games/Runtime/Scripts/GameInfo.cs using Guid(a722d413080904cc1bd07f4db21e1af1) Importer(2089858483,192608db42251d675da83286b1cce702) (ScriptedImporter) -> (artifact id: '8885bb48a117fcf7d39319ad1a0d3c3b') in 7.4359732 seconds
Number of updated asset objects reloaded before import = 0Number of asset objects unloaded after import = 0

========================================================================
Received Import Request.
  Time since last request: 0.028286 seconds.
  path: Assets/Plugins/Android/mainTemplate.gradle
  artifactKey: Guid(f28b5d2e8ee5b5e4087a2617ad6cb811) Importer(2089858483,192608db42251d675da83286b1cce702)
Start importing Assets/Plugins/Android/mainTemplate.gradle using Guid(f28b5d2e8ee5b5e4087a2617ad6cb811) Importer(2089858483,192608db42251d675da83286b1cce702) (ScriptedImporter) -> (artifact id: '1779e3220164a91575945c9c8eff385c') in 0.8446793 seconds
Number of updated asset objects reloaded before import = 0Number of asset objects unloaded after import = 1

========================================================================
Received Import Request.
  Time since last request: 0.000168 seconds.
  path: Assets/Sprites/GraphicResource.png
  artifactKey: Guid(6ad6a7f677e43c343a0c8aeb434f8b42) Importer(2089858483,192608db42251d675da83286b1cce702)
Start importing Assets/Sprites/GraphicResource.png using Guid(6ad6a7f677e43c343a0c8aeb434f8b42) Importer(2089858483,192608db42251d675da83286b1cce702) (ScriptedImporter) -> (artifact id: 'c85dbcd7b2f892a56f850bb65d0f8235') in 2.636283 seconds
Number of updated asset objects reloaded before import = 0Number of asset objects unloaded after import = 3

========================================================================
Received Import Request.
  Time since last request: 0.000138 seconds.
  path: Assets/Scripts/AdsManager.cs
  artifactKey: Guid(279d951473b5e36499a0f48e7f037c7e) Importer(2089858483,192608db42251d675da83286b1cce702)
Start importing Assets/Scripts/AdsManager.cs using Guid(279d951473b5e36499a0f48e7f037c7e) Importer(2089858483,192608db42251d675da83286b1cce702) (ScriptedImporter) -> (artifact id: 'c8f9d456ae975cfb24c23baba4ad4094') in 0.290902 seconds
Number of updated asset objects reloaded before import = 0Number of asset objects unloaded after import = 0

========================================================================
Received Import Request.
  Time since last request: 0.000267 seconds.
  path: Assets/Scripts/InitializeAds.cs
  artifactKey: Guid(45fce896442048c488c877425b5a955b) Importer(2089858483,192608db42251d675da83286b1cce702)
Start importing Assets/Scripts/InitializeAds.cs using Guid(45fce896442048c488c877425b5a955b) Importer(2089858483,192608db42251d675da83286b1cce702) (ScriptedImporter) -> (artifact id: '9a7a54e54c0980a2e3fd4899818b6c51') in 0.1740668 seconds
Number of updated asset objects reloaded before import = 0Number of asset objects unloaded after import = 0

========================================================================
Received Import Request.
  Time since last request: 0.000221 seconds.
  path: Assets/Scripts/Leaderboard.cs
  artifactKey: Guid(2ea98b45759b9784bacef10d550db071) Importer(2089858483,192608db42251d675da83286b1cce702)
Start importing Assets/Scripts/Leaderboard.cs using Guid(2ea98b45759b9784bacef10d550db071) Importer(2089858483,192608db42251d675da83286b1cce702) (ScriptedImporter) -> (artifact id: 'aa0e69f1cb5457283dccd7617fb7dc51') in 0.1339386 seconds
Number of updated asset objects reloaded before import = 0Number of asset objects unloaded after import = 0

========================================================================
Received Import Request.
  Time since last request: 0.000286 seconds.
  path: Assets/Plugins/Android/settingsTemplate.gradle
  artifactKey: Guid(460615f01b0da3f4cbb1b0f1339670ad) Importer(2089858483,192608db42251d675da83286b1cce702)
Start importing Assets/Plugins/Android/settingsTemplate.gradle using Guid(460615f01b0da3f4cbb1b0f1339670ad) Importer(2089858483,192608db42251d675da83286b1cce702) (ScriptedImporter) -> (artifact id: 'af0229fb890ec50b4574b44421c382ea') in 0.2065322 seconds
Number of updated asset objects reloaded before import = 0Number of asset objects unloaded after import = 1

========================================================================
Received Import Request.
  Time since last request: 0.000091 seconds.
  path: Assets/Scripts/Achievements.cs
  artifactKey: Guid(470a89a7b6bc61a48b81025c496edbe0) Importer(2089858483,192608db42251d675da83286b1cce702)
Start importing Assets/Scripts/Achievements.cs using Guid(470a89a7b6bc61a48b81025c496edbe0) Importer(2089858483,192608db42251d675da83286b1cce702) (ScriptedImporter) -> (artifact id: 'c0bbefc6fb244e90d4bafc8f2658713a') in 0.4397004 seconds
Number of updated asset objects reloaded before import = 0Number of asset objects unloaded after import = 0

========================================================================
Received Import Request.
  Time since last request: 0.000482 seconds.
  path: Assets/Scripts/InterstitialAds.cs
  artifactKey: Guid(8d0e92a7a87a0f74682efe832e35236d) Importer(2089858483,192608db42251d675da83286b1cce702)
Start importing Assets/Scripts/InterstitialAds.cs using Guid(8d0e92a7a87a0f74682efe832e35236d) Importer(2089858483,192608db42251d675da83286b1cce702) (ScriptedImporter) -> (artifact id: 'fcb3f772f15c8fd18e61317b3bf01bfc') in 0.0417418 seconds
Number of updated asset objects reloaded before import = 0Number of asset objects unloaded after import = 0

========================================================================
Received Prepare
Refreshing native plugins compatible for Editor in 357.82 ms, found 3 plugins.
Preloading 0 native plugins for Editor in 0.00 ms.
Unloading 0 Unused Serialized files (Serialized files now loaded: 0)
Unloading 3130 unused Assets / (0.8 MB). Loaded Objects now: 3686.
Memory consumption went from 88.0 MB to 87.2 MB.
Total: 453.812900 ms (FindLiveObjects: 2.593700 ms CreateObjectMapping: 0.437600 ms MarkObjects: 436.802400 ms  DeleteObjects: 13.974500 ms)

Prepare: number of updated asset objects reloaded= 0
========================================================================
Received Import Request.
  Time since last request: 152.465581 seconds.
  path: Assets/Scripts/GameManager.cs
  artifactKey: Guid(5405d43e8d2d0be498cbd9ef8c4939f3) Importer(2089858483,192608db42251d675da83286b1cce702)
Start importing Assets/Scripts/GameManager.cs using Guid(5405d43e8d2d0be498cbd9ef8c4939f3) Importer(2089858483,192608db42251d675da83286b1cce702) (ScriptedImporter) -> (artifact id: '01d3034ae3245f074cee748c86cf3e37') in 3.0347974 seconds
Number of updated asset objects reloaded before import = 0Number of asset objects unloaded after import = 0

========================================================================
Received Prepare
[Licensing::Client] Successfully resolved entitlement details
[Licensing::Module] License group:
  Id: F4-UWWC-HDTS-C65R-DKNB-XXXX
  Product: Unity Personal
  Type: ULF
  Expiration: Unlimited
[Licensing::Module] License group:
  Id: 4672995795270-UnityPersXXXX
  Product: Unity Personal
  Type: Assigned
  Expiration: Unlimited
Begin MonoManager ReloadAssembly
[Licensing::Client] Successfully resolved entitlement details
[Licensing::Module] License group:
  Id: F4-UWWC-HDTS-C65R-DKNB-XXXX
  Product: Unity Personal
  Type: ULF
  Expiration: Unlimited
[Licensing::Module] License group:
  Id: 4672995795270-UnityPersXXXX
  Product: Unity Personal
  Type: Assigned
  Expiration: Unlimited
Symbol file LoadedFromMemory is not a mono symbol file
- Loaded All Assemblies, in 11.575 seconds
Refreshing native plugins compatible for Editor in 331.38 ms, found 3 plugins.
Native extension for Android target not found
Native extension for WindowsStandalone target not found
Native extension for WebGL target not found
GPGSUpgrader start
UnityEngine.Debug:ExtractStackTraceNoAlloc (byte*,int,string)
UnityEngine.StackTraceUtility:ExtractStackTrace ()
UnityEngine.DebugLogHandler:Internal_Log (UnityEngine.LogType,UnityEngine.LogOption,string,UnityEngine.Object)
UnityEngine.DebugLogHandler:LogFormat (UnityEngine.LogType,UnityEngine.Object,string,object[])
UnityEngine.Logger:Log (UnityEngine.LogType,object)
UnityEngine.Debug:Log (object)
GooglePlayGames.Editor.GPGSUpgrader:.cctor () (at Assets/GooglePlayGames/com.google.play.games/Editor/GPGSUpgrader.cs:38)
System.Runtime.CompilerServices.RuntimeHelpers:RunClassConstructor (System.RuntimeTypeHandle)
UnityEditor.EditorAssemblies:ProcessInitializeOnLoadAttributes (System.Type[])

(Filename: Assets/GooglePlayGames/com.google.play.games/Editor/GPGSUpgrader.cs Line: 38)

GPGSUpgrader done
UnityEngine.Debug:ExtractStackTraceNoAlloc (byte*,int,string)
UnityEngine.StackTraceUtility:ExtractStackTrace ()
UnityEngine.DebugLogHandler:Internal_Log (UnityEngine.LogType,UnityEngine.LogOption,string,UnityEngine.Object)
UnityEngine.DebugLogHandler:LogFormat (UnityEngine.LogType,UnityEngine.Object,string,object[])
UnityEngine.Logger:Log (UnityEngine.LogType,object)
UnityEngine.Debug:Log (object)
GooglePlayGames.Editor.GPGSUpgrader:.cctor () (at Assets/GooglePlayGames/com.google.play.games/Editor/GPGSUpgrader.cs:57)
System.Runtime.CompilerServices.RuntimeHelpers:RunClassConstructor (System.RuntimeTypeHandle)
UnityEditor.EditorAssemblies:ProcessInitializeOnLoadAttributes (System.Type[])

(Filename: Assets/GooglePlayGames/com.google.play.games/Editor/GPGSUpgrader.cs Line: 57)

[Package Manager] Failed to launch server process. Reason: Unity was launched with the -noUpm command-line argument
[Package Manager] Unable to send message (not connected to server process).
[Package Manager] Cannot connect to Unity Package Manager local server
Mono: successfully reloaded assembly
- Finished resetting the current domain, in  0.922 seconds
Domain Reload Profiling: 12499ms
	BeginReloadAssembly (4058ms)
		ExecutionOrderSort (0ms)
		DisableScriptedObjects (123ms)
		BackupInstance (0ms)
		ReleaseScriptingObjects (1ms)
		CreateAndSetChildDomain (298ms)
	RebuildCommonClasses (68ms)
	RebuildNativeTypeToScriptingClass (15ms)
	initialDomainReloadingComplete (38ms)
	LoadAllAssembliesAndSetupDomain (7397ms)
		LoadAssemblies (10289ms)
		RebuildTransferFunctionScriptingTraits (0ms)
		AnalyzeDomain (397ms)
			TypeCache.Refresh (38ms)
				TypeCache.ScanAssembly (1ms)
			BuildScriptInfoCaches (346ms)
			ResolveRequiredComponents (3ms)
	FinalizeReload (923ms)
		ReleaseScriptCaches (0ms)
		RebuildScriptCaches (0ms)
		SetupLoadedEditorAssemblies (783ms)
			LogAssemblyErrors (0ms)
			InitializePlatformSupportModulesInManaged (15ms)
			SetLoadedEditorAssemblies (7ms)
			BeforeProcessingInitializeOnLoad (128ms)
			ProcessInitializeOnLoadAttributes (584ms)
			ProcessInitializeOnLoadMethodAttributes (47ms)
			AfterProcessingInitializeOnLoad (2ms)
			EditorAssembliesLoaded (0ms)
		ExecutionOrderSort2 (0ms)
		AwakeInstancesAfterBackupRestoration (7ms)
Refreshing native plugins compatible for Editor in 3.51 ms, found 3 plugins.
Preloading 0 native plugins for Editor in 0.00 ms.
Unloading 0 Unused Serialized files (Serialized files now loaded: 0)
Unloading 3155 unused Assets / (0.5 MB). Loaded Objects now: 3688.
Memory consumption went from 89.7 MB to 89.2 MB.
Total: 7.765200 ms (FindLiveObjects: 0.751800 ms CreateObjectMapping: 0.429800 ms MarkObjects: 5.245700 ms  DeleteObjects: 1.332600 ms)

Prepare: number of updated asset objects reloaded= 0
========================================================================
Received Prepare
Begin MonoManager ReloadAssembly
Symbol file LoadedFromMemory is not a mono symbol file
- Loaded All Assemblies, in  0.709 seconds
Refreshing native plugins compatible for Editor in 3.12 ms, found 3 plugins.
Native extension for Android target not found
Native extension for WindowsStandalone target not found
Native extension for WebGL target not found
GPGSUpgrader start
UnityEngine.Debug:ExtractStackTraceNoAlloc (byte*,int,string)
UnityEngine.StackTraceUtility:ExtractStackTrace ()
UnityEngine.DebugLogHandler:Internal_Log (UnityEngine.LogType,UnityEngine.LogOption,string,UnityEngine.Object)
UnityEngine.DebugLogHandler:LogFormat (UnityEngine.LogType,UnityEngine.Object,string,object[])
UnityEngine.Logger:Log (UnityEngine.LogType,object)
UnityEngine.Debug:Log (object)
GooglePlayGames.Editor.GPGSUpgrader:.cctor () (at Assets/GooglePlayGames/com.google.play.games/Editor/GPGSUpgrader.cs:38)
System.Runtime.CompilerServices.RuntimeHelpers:RunClassConstructor (System.RuntimeTypeHandle)
UnityEditor.EditorAssemblies:ProcessInitializeOnLoadAttributes (System.Type[])

(Filename: Assets/GooglePlayGames/com.google.play.games/Editor/GPGSUpgrader.cs Line: 38)

GPGSUpgrader done
UnityEngine.Debug:ExtractStackTraceNoAlloc (byte*,int,string)
UnityEngine.StackTraceUtility:ExtractStackTrace ()
UnityEngine.DebugLogHandler:Internal_Log (UnityEngine.LogType,UnityEngine.LogOption,string,UnityEngine.Object)
UnityEngine.DebugLogHandler:LogFormat (UnityEngine.LogType,UnityEngine.Object,string,object[])
UnityEngine.Logger:Log (UnityEngine.LogType,object)
UnityEngine.Debug:Log (object)
GooglePlayGames.Editor.GPGSUpgrader:.cctor () (at Assets/GooglePlayGames/com.google.play.games/Editor/GPGSUpgrader.cs:57)
System.Runtime.CompilerServices.RuntimeHelpers:RunClassConstructor (System.RuntimeTypeHandle)
UnityEditor.EditorAssemblies:ProcessInitializeOnLoadAttributes (System.Type[])

(Filename: Assets/GooglePlayGames/com.google.play.games/Editor/GPGSUpgrader.cs Line: 57)

[Package Manager] Failed to launch server process. Reason: Unity was launched with the -noUpm command-line argument
[Package Manager] Unable to send message (not connected to server process).
[Package Manager] Cannot connect to Unity Package Manager local server
Mono: successfully reloaded assembly
- Finished resetting the current domain, in  0.707 seconds
Domain Reload Profiling: 1417ms
	BeginReloadAssembly (226ms)
		ExecutionOrderSort (0ms)
		DisableScriptedObjects (15ms)
		BackupInstance (0ms)
		ReleaseScriptingObjects (0ms)
		CreateAndSetChildDomain (51ms)
	RebuildCommonClasses (41ms)
	RebuildNativeTypeToScriptingClass (14ms)
	initialDomainReloadingComplete (28ms)
	LoadAllAssembliesAndSetupDomain (400ms)
		LoadAssemblies (387ms)
		RebuildTransferFunctionScriptingTraits (0ms)
		AnalyzeDomain (124ms)
			TypeCache.Refresh (6ms)
				TypeCache.ScanAssembly (0ms)
			BuildScriptInfoCaches (111ms)
			ResolveRequiredComponents (3ms)
	FinalizeReload (707ms)
		ReleaseScriptCaches (0ms)
		RebuildScriptCaches (0ms)
		SetupLoadedEditorAssemblies (580ms)
			LogAssemblyErrors (0ms)
			InitializePlatformSupportModulesInManaged (12ms)
			SetLoadedEditorAssemblies (7ms)
			BeforeProcessingInitializeOnLoad (116ms)
			ProcessInitializeOnLoadAttributes (398ms)
			ProcessInitializeOnLoadMethodAttributes (45ms)
			AfterProcessingInitializeOnLoad (2ms)
			EditorAssembliesLoaded (0ms)
		ExecutionOrderSort2 (0ms)
		AwakeInstancesAfterBackupRestoration (7ms)
Refreshing native plugins compatible for Editor in 3.10 ms, found 3 plugins.
Preloading 0 native plugins for Editor in 0.00 ms.
Unloading 0 Unused Serialized files (Serialized files now loaded: 0)
Unloading 3155 unused Assets / (1.0 MB). Loaded Objects now: 3690.
Memory consumption went from 89.7 MB to 88.8 MB.
Total: 6.938900 ms (FindLiveObjects: 0.458900 ms CreateObjectMapping: 0.206000 ms MarkObjects: 5.136200 ms  DeleteObjects: 1.135700 ms)

Prepare: number of updated asset objects reloaded= 0
========================================================================
Received Import Request.
  Time since last request: 125.616999 seconds.
  path: Assets/Scenes/Game.unity
  artifactKey: Guid(b413e2e161955224dba18db5acc6f5a4) Importer(815301076,1909f56bfc062723c751e8b465ee728b)
Start importing Assets/Scenes/Game.unity using Guid(b413e2e161955224dba18db5acc6f5a4) Importer(815301076,1909f56bfc062723c751e8b465ee728b) (PreviewImporter) -> (artifact id: 'e50bef8c1993e0d8a4e0c2b3e9fd4944') in 0.2034079 seconds
Number of updated asset objects reloaded before import = 0Number of asset objects unloaded after import = 0

========================================================================
Received Import Request.
  Time since last request: 31.353071 seconds.
  path: Assets/Scenes/MainMenu.unity
  artifactKey: Guid(36acf26b322484148aec9f58ebfe5792) Importer(815301076,1909f56bfc062723c751e8b465ee728b)
Start importing Assets/Scenes/MainMenu.unity using Guid(36acf26b322484148aec9f58ebfe5792) Importer(815301076,1909f56bfc062723c751e8b465ee728b) (PreviewImporter) -> (artifact id: '4c3d8693f0b3cb4aab74433b378969ab') in 0.0007632 seconds
Number of updated asset objects reloaded before import = 0Number of asset objects unloaded after import = 0

========================================================================
Received Prepare
[Licensing::Client] Successfully resolved entitlement details
[Licensing::Module] License group:
  Id: F4-UWWC-HDTS-C65R-DKNB-XXXX
  Product: Unity Personal
  Type: ULF
  Expiration: Unlimited
[Licensing::Module] License group:
  Id: 4672995795270-UnityPersXXXX
  Product: Unity Personal
  Type: Assigned
  Expiration: Unlimited
Begin MonoManager ReloadAssembly
[Licensing::Client] Successfully resolved entitlement details
[Licensing::Module] License group:
  Id: F4-UWWC-HDTS-C65R-DKNB-XXXX
  Product: Unity Personal
  Type: ULF
  Expiration: Unlimited
[Licensing::Module] License group:
  Id: 4672995795270-UnityPersXXXX
  Product: Unity Personal
  Type: Assigned
  Expiration: Unlimited
Symbol file LoadedFromMemory is not a mono symbol file
- Loaded All Assemblies, in  1.370 seconds
Refreshing native plugins compatible for Editor in 3.51 ms, found 3 plugins.
Native extension for Android target not found
Native extension for WindowsStandalone target not found
Native extension for WebGL target not found
GPGSUpgrader start
UnityEngine.Debug:ExtractStackTraceNoAlloc (byte*,int,string)
UnityEngine.StackTraceUtility:ExtractStackTrace ()
UnityEngine.DebugLogHandler:Internal_Log (UnityEngine.LogType,UnityEngine.LogOption,string,UnityEngine.Object)
UnityEngine.DebugLogHandler:LogFormat (UnityEngine.LogType,UnityEngine.Object,string,object[])
UnityEngine.Logger:Log (UnityEngine.LogType,object)
UnityEngine.Debug:Log (object)
GooglePlayGames.Editor.GPGSUpgrader:.cctor () (at Assets/GooglePlayGames/com.google.play.games/Editor/GPGSUpgrader.cs:38)
System.Runtime.CompilerServices.RuntimeHelpers:RunClassConstructor (System.RuntimeTypeHandle)
UnityEditor.EditorAssemblies:ProcessInitializeOnLoadAttributes (System.Type[])

(Filename: Assets/GooglePlayGames/com.google.play.games/Editor/GPGSUpgrader.cs Line: 38)

GPGSUpgrader done
UnityEngine.Debug:ExtractStackTraceNoAlloc (byte*,int,string)
UnityEngine.StackTraceUtility:ExtractStackTrace ()
UnityEngine.DebugLogHandler:Internal_Log (UnityEngine.LogType,UnityEngine.LogOption,string,UnityEngine.Object)
UnityEngine.DebugLogHandler:LogFormat (UnityEngine.LogType,UnityEngine.Object,string,object[])
UnityEngine.Logger:Log (UnityEngine.LogType,object)
UnityEngine.Debug:Log (object)
GooglePlayGames.Editor.GPGSUpgrader:.cctor () (at Assets/GooglePlayGames/com.google.play.games/Editor/GPGSUpgrader.cs:57)
System.Runtime.CompilerServices.RuntimeHelpers:RunClassConstructor (System.RuntimeTypeHandle)
UnityEditor.EditorAssemblies:ProcessInitializeOnLoadAttributes (System.Type[])

(Filename: Assets/GooglePlayGames/com.google.play.games/Editor/GPGSUpgrader.cs Line: 57)

[Package Manager] Failed to launch server process. Reason: Unity was launched with the -noUpm command-line argument
[Package Manager] Unable to send message (not connected to server process).
[Package Manager] Cannot connect to Unity Package Manager local server
Mono: successfully reloaded assembly
- Finished resetting the current domain, in  0.718 seconds
Domain Reload Profiling: 2089ms
	BeginReloadAssembly (251ms)
		ExecutionOrderSort (0ms)
		DisableScriptedObjects (18ms)
		BackupInstance (0ms)
		ReleaseScriptingObjects (0ms)
		CreateAndSetChildDomain (54ms)
	RebuildCommonClasses (58ms)
	RebuildNativeTypeToScriptingClass (14ms)
	initialDomainReloadingComplete (29ms)
	LoadAllAssembliesAndSetupDomain (1018ms)
		LoadAssemblies (988ms)
		RebuildTransferFunctionScriptingTraits (0ms)
		AnalyzeDomain (159ms)
			TypeCache.Refresh (6ms)
				TypeCache.ScanAssembly (0ms)
			BuildScriptInfoCaches (143ms)
			ResolveRequiredComponents (4ms)
	FinalizeReload (718ms)
		ReleaseScriptCaches (0ms)
		RebuildScriptCaches (0ms)
		SetupLoadedEditorAssemblies (556ms)
			LogAssemblyErrors (0ms)
			InitializePlatformSupportModulesInManaged (16ms)
			SetLoadedEditorAssemblies (9ms)
			BeforeProcessingInitializeOnLoad (144ms)
			ProcessInitializeOnLoadAttributes (342ms)
			ProcessInitializeOnLoadMethodAttributes (42ms)
			AfterProcessingInitializeOnLoad (2ms)
			EditorAssembliesLoaded (0ms)
		ExecutionOrderSort2 (0ms)
		AwakeInstancesAfterBackupRestoration (7ms)
Refreshing native plugins compatible for Editor in 3.49 ms, found 3 plugins.
Preloading 0 native plugins for Editor in 0.00 ms.
Unloading 0 Unused Serialized files (Serialized files now loaded: 0)
Unloading 3155 unused Assets / (1.0 MB). Loaded Objects now: 3692.
Memory consumption went from 89.7 MB to 88.7 MB.
Total: 8.523600 ms (FindLiveObjects: 0.524100 ms CreateObjectMapping: 0.319200 ms MarkObjects: 6.019700 ms  DeleteObjects: 1.658300 ms)

Prepare: number of updated asset objects reloaded= 0
========================================================================
Received Import Request.
  Time since last request: 78.867397 seconds.
  path: Assets/Prefabs/Cone.prefab
  artifactKey: Guid(e368c7c4c26a61b45850539e5dd472d1) Importer(815301076,1909f56bfc062723c751e8b465ee728b)
Start importing Assets/Prefabs/Cone.prefab using Guid(e368c7c4c26a61b45850539e5dd472d1) Importer(815301076,1909f56bfc062723c751e8b465ee728b) (PreviewImporter) -> (artifact id: '7d53fc9a161f9eaa8f7f46b2cf65647a') in 0.5515449 seconds
Number of updated asset objects reloaded before import = 0Number of asset objects unloaded after import = 9

========================================================================
Received Import Request.
  Time since last request: 2.283774 seconds.
  path: Assets/Prefabs/Cone.prefab
  artifactKey: Guid(e368c7c4c26a61b45850539e5dd472d1) Importer(815301076,1909f56bfc062723c751e8b465ee728b)
Start importing Assets/Prefabs/Cone.prefab using Guid(e368c7c4c26a61b45850539e5dd472d1) Importer(815301076,1909f56bfc062723c751e8b465ee728b) (PreviewImporter) -> (artifact id: 'a5f4b99cc10bda204c3cf79bb0efb97d') in 0.0146985 seconds
Number of updated asset objects reloaded before import = 0Number of asset objects unloaded after import = 9

========================================================================
Received Import Request.
  Time since last request: 1.678386 seconds.
  path: Assets/Prefabs/Cone.prefab
  artifactKey: Guid(e368c7c4c26a61b45850539e5dd472d1) Importer(815301076,1909f56bfc062723c751e8b465ee728b)
Start importing Assets/Prefabs/Cone.prefab using Guid(e368c7c4c26a61b45850539e5dd472d1) Importer(815301076,1909f56bfc062723c751e8b465ee728b) (PreviewImporter) -> (artifact id: 'c07d7afccf81f7d5e6837903d642cc96') in 0.008765 seconds
Number of updated asset objects reloaded before import = 0Number of asset objects unloaded after import = 9

========================================================================
Received Prepare
[Licensing::Client] Successfully resolved entitlement details
[Licensing::Module] License group:
  Id: F4-UWWC-HDTS-C65R-DKNB-XXXX
  Product: Unity Personal
  Type: ULF
  Expiration: Unlimited
[Licensing::Module] License group:
  Id: 4672995795270-UnityPersXXXX
  Product: Unity Personal
  Type: Assigned
  Expiration: Unlimited
Begin MonoManager ReloadAssembly
[Licensing::Client] Successfully resolved entitlement details
[Licensing::Module] License group:
  Id: F4-UWWC-HDTS-C65R-DKNB-XXXX
  Product: Unity Personal
  Type: ULF
  Expiration: Unlimited
[Licensing::Module] License group:
  Id: 4672995795270-UnityPersXXXX
  Product: Unity Personal
  Type: Assigned
  Expiration: Unlimited
Symbol file LoadedFromMemory is not a mono symbol file
- Loaded All Assemblies, in  0.690 seconds
Refreshing native plugins compatible for Editor in 3.41 ms, found 3 plugins.
Native extension for Android target not found
Native extension for WindowsStandalone target not found
Native extension for WebGL target not found
GPGSUpgrader start
UnityEngine.Debug:ExtractStackTraceNoAlloc (byte*,int,string)
UnityEngine.StackTraceUtility:ExtractStackTrace ()
UnityEngine.DebugLogHandler:Internal_Log (UnityEngine.LogType,UnityEngine.LogOption,string,UnityEngine.Object)
UnityEngine.DebugLogHandler:LogFormat (UnityEngine.LogType,UnityEngine.Object,string,object[])
UnityEngine.Logger:Log (UnityEngine.LogType,object)
UnityEngine.Debug:Log (object)
GooglePlayGames.Editor.GPGSUpgrader:.cctor () (at Assets/GooglePlayGames/com.google.play.games/Editor/GPGSUpgrader.cs:38)
System.Runtime.CompilerServices.RuntimeHelpers:RunClassConstructor (System.RuntimeTypeHandle)
UnityEditor.EditorAssemblies:ProcessInitializeOnLoadAttributes (System.Type[])

(Filename: Assets/GooglePlayGames/com.google.play.games/Editor/GPGSUpgrader.cs Line: 38)

GPGSUpgrader done
UnityEngine.Debug:ExtractStackTraceNoAlloc (byte*,int,string)
UnityEngine.StackTraceUtility:ExtractStackTrace ()
UnityEngine.DebugLogHandler:Internal_Log (UnityEngine.LogType,UnityEngine.LogOption,string,UnityEngine.Object)
UnityEngine.DebugLogHandler:LogFormat (UnityEngine.LogType,UnityEngine.Object,string,object[])
UnityEngine.Logger:Log (UnityEngine.LogType,object)
UnityEngine.Debug:Log (object)
GooglePlayGames.Editor.GPGSUpgrader:.cctor () (at Assets/GooglePlayGames/com.google.play.games/Editor/GPGSUpgrader.cs:57)
System.Runtime.CompilerServices.RuntimeHelpers:RunClassConstructor (System.RuntimeTypeHandle)
UnityEditor.EditorAssemblies:ProcessInitializeOnLoadAttributes (System.Type[])

(Filename: Assets/GooglePlayGames/com.google.play.games/Editor/GPGSUpgrader.cs Line: 57)

[Package Manager] Failed to launch server process. Reason: Unity was launched with the -noUpm command-line argument
[Package Manager] Unable to send message (not connected to server process).
[Package Manager] Cannot connect to Unity Package Manager local server
Mono: successfully reloaded assembly
- Finished resetting the current domain, in  0.663 seconds
Domain Reload Profiling: 1354ms
	BeginReloadAssembly (222ms)
		ExecutionOrderSort (0ms)
		DisableScriptedObjects (16ms)
		BackupInstance (0ms)
		ReleaseScriptingObjects (0ms)
		CreateAndSetChildDomain (51ms)
	RebuildCommonClasses (39ms)
	RebuildNativeTypeToScriptingClass (14ms)
	initialDomainReloadingComplete (27ms)
	LoadAllAssembliesAndSetupDomain (389ms)
		LoadAssemblies (363ms)
		RebuildTransferFunctionScriptingTraits (0ms)
		AnalyzeDomain (131ms)
			TypeCache.Refresh (6ms)
				TypeCache.ScanAssembly (0ms)
			BuildScriptInfoCaches (118ms)
			ResolveRequiredComponents (3ms)
	FinalizeReload (663ms)
		ReleaseScriptCaches (0ms)
		RebuildScriptCaches (0ms)
		SetupLoadedEditorAssemblies (529ms)
			LogAssemblyErrors (0ms)
			InitializePlatformSupportModulesInManaged (13ms)
			SetLoadedEditorAssemblies (8ms)
			BeforeProcessingInitializeOnLoad (126ms)
			ProcessInitializeOnLoadAttributes (335ms)
			ProcessInitializeOnLoadMethodAttributes (45ms)
			AfterProcessingInitializeOnLoad (2ms)
			EditorAssembliesLoaded (0ms)
		ExecutionOrderSort2 (0ms)
		AwakeInstancesAfterBackupRestoration (7ms)
Refreshing native plugins compatible for Editor in 3.05 ms, found 3 plugins.
Preloading 0 native plugins for Editor in 0.00 ms.
Unloading 0 Unused Serialized files (Serialized files now loaded: 0)
Unloading 3155 unused Assets / (0.9 MB). Loaded Objects now: 3698.
Memory consumption went from 89.8 MB to 88.9 MB.
Total: 7.305300 ms (FindLiveObjects: 0.491200 ms CreateObjectMapping: 0.266400 ms MarkObjects: 5.392900 ms  DeleteObjects: 1.151900 ms)

Prepare: number of updated asset objects reloaded= 0
========================================================================
Received Import Request.
  Time since last request: 29.768397 seconds.
  path: Assets/Scenes/Game.unity
  artifactKey: Guid(b413e2e161955224dba18db5acc6f5a4) Importer(815301076,1909f56bfc062723c751e8b465ee728b)
Start importing Assets/Scenes/Game.unity using Guid(b413e2e161955224dba18db5acc6f5a4) Importer(815301076,1909f56bfc062723c751e8b465ee728b) (PreviewImporter) -> (artifact id: '3a667b3e5b4d4910cbbb05cbbac4beb2') in 0.0024744 seconds
Number of updated asset objects reloaded before import = 0Number of asset objects unloaded after import = 0

========================================================================
Received Import Request.
  Time since last request: 25.596494 seconds.
  path: Assets/Prefabs/Cone.prefab
  artifactKey: Guid(e368c7c4c26a61b45850539e5dd472d1) Importer(815301076,1909f56bfc062723c751e8b465ee728b)
Start importing Assets/Prefabs/Cone.prefab using Guid(e368c7c4c26a61b45850539e5dd472d1) Importer(815301076,1909f56bfc062723c751e8b465ee728b) (PreviewImporter) -> (artifact id: '787be4d61835e4c87b678a4a626f7ac5') in 0.0823586 seconds
Number of updated asset objects reloaded before import = 0Number of asset objects unloaded after import = 9

========================================================================
Received Import Request.
  Time since last request: 1.841277 seconds.
  path: Assets/Prefabs/Cone.prefab
  artifactKey: Guid(e368c7c4c26a61b45850539e5dd472d1) Importer(815301076,1909f56bfc062723c751e8b465ee728b)
Start importing Assets/Prefabs/Cone.prefab using Guid(e368c7c4c26a61b45850539e5dd472d1) Importer(815301076,1909f56bfc062723c751e8b465ee728b) (PreviewImporter) -> (artifact id: '58173d1c08e1eb2c90b114afb0523e54') in 0.0104709 seconds
Number of updated asset objects reloaded before import = 0Number of asset objects unloaded after import = 9

========================================================================
Received Prepare
[Licensing::Client] Successfully resolved entitlement details
[Licensing::Module] License group:
  Id: F4-UWWC-HDTS-C65R-DKNB-XXXX
  Product: Unity Personal
  Type: ULF
  Expiration: Unlimited
[Licensing::Module] License group:
  Id: 4672995795270-UnityPersXXXX
  Product: Unity Personal
  Type: Assigned
  Expiration: Unlimited
Begin MonoManager ReloadAssembly
[Licensing::Client] Successfully resolved entitlement details
[Licensing::Module] License group:
  Id: F4-UWWC-HDTS-C65R-DKNB-XXXX
  Product: Unity Personal
  Type: ULF
  Expiration: Unlimited
[Licensing::Module] License group:
  Id: 4672995795270-UnityPersXXXX
  Product: Unity Personal
  Type: Assigned
  Expiration: Unlimited
Symbol file LoadedFromMemory is not a mono symbol file
- Loaded All Assemblies, in  0.709 seconds
Refreshing native plugins compatible for Editor in 3.58 ms, found 3 plugins.
Native extension for Android target not found
Native extension for WindowsStandalone target not found
Native extension for WebGL target not found
GPGSUpgrader start
UnityEngine.Debug:ExtractStackTraceNoAlloc (byte*,int,string)
UnityEngine.StackTraceUtility:ExtractStackTrace ()
UnityEngine.DebugLogHandler:Internal_Log (UnityEngine.LogType,UnityEngine.LogOption,string,UnityEngine.Object)
UnityEngine.DebugLogHandler:LogFormat (UnityEngine.LogType,UnityEngine.Object,string,object[])
UnityEngine.Logger:Log (UnityEngine.LogType,object)
UnityEngine.Debug:Log (object)
GooglePlayGames.Editor.GPGSUpgrader:.cctor () (at Assets/GooglePlayGames/com.google.play.games/Editor/GPGSUpgrader.cs:38)
System.Runtime.CompilerServices.RuntimeHelpers:RunClassConstructor (System.RuntimeTypeHandle)
UnityEditor.EditorAssemblies:ProcessInitializeOnLoadAttributes (System.Type[])

(Filename: Assets/GooglePlayGames/com.google.play.games/Editor/GPGSUpgrader.cs Line: 38)

GPGSUpgrader done
UnityEngine.Debug:ExtractStackTraceNoAlloc (byte*,int,string)
UnityEngine.StackTraceUtility:ExtractStackTrace ()
UnityEngine.DebugLogHandler:Internal_Log (UnityEngine.LogType,UnityEngine.LogOption,string,UnityEngine.Object)
UnityEngine.DebugLogHandler:LogFormat (UnityEngine.LogType,UnityEngine.Object,string,object[])
UnityEngine.Logger:Log (UnityEngine.LogType,object)
UnityEngine.Debug:Log (object)
GooglePlayGames.Editor.GPGSUpgrader:.cctor () (at Assets/GooglePlayGames/com.google.play.games/Editor/GPGSUpgrader.cs:57)
System.Runtime.CompilerServices.RuntimeHelpers:RunClassConstructor (System.RuntimeTypeHandle)
UnityEditor.EditorAssemblies:ProcessInitializeOnLoadAttributes (System.Type[])

(Filename: Assets/GooglePlayGames/com.google.play.games/Editor/GPGSUpgrader.cs Line: 57)

[Package Manager] Failed to launch server process. Reason: Unity was launched with the -noUpm command-line argument
[Package Manager] Unable to send message (not connected to server process).
[Package Manager] Cannot connect to Unity Package Manager local server
Mono: successfully reloaded assembly
- Finished resetting the current domain, in  0.680 seconds
Domain Reload Profiling: 1390ms
	BeginReloadAssembly (222ms)
		ExecutionOrderSort (0ms)
		DisableScriptedObjects (18ms)
		BackupInstance (0ms)
		ReleaseScriptingObjects (0ms)
		CreateAndSetChildDomain (49ms)
	RebuildCommonClasses (41ms)
	RebuildNativeTypeToScriptingClass (14ms)
	initialDomainReloadingComplete (28ms)
	LoadAllAssembliesAndSetupDomain (404ms)
		LoadAssemblies (376ms)
		RebuildTransferFunctionScriptingTraits (0ms)
		AnalyzeDomain (135ms)
			TypeCache.Refresh (6ms)
				TypeCache.ScanAssembly (0ms)
			BuildScriptInfoCaches (120ms)
			ResolveRequiredComponents (4ms)
	FinalizeReload (680ms)
		ReleaseScriptCaches (0ms)
		RebuildScriptCaches (0ms)
		SetupLoadedEditorAssemblies (545ms)
			LogAssemblyErrors (0ms)
			InitializePlatformSupportModulesInManaged (13ms)
			SetLoadedEditorAssemblies (8ms)
			BeforeProcessingInitializeOnLoad (120ms)
			ProcessInitializeOnLoadAttributes (360ms)
			ProcessInitializeOnLoadMethodAttributes (43ms)
			AfterProcessingInitializeOnLoad (2ms)
			EditorAssembliesLoaded (0ms)
		ExecutionOrderSort2 (0ms)
		AwakeInstancesAfterBackupRestoration (7ms)
Refreshing native plugins compatible for Editor in 2.92 ms, found 3 plugins.
Preloading 0 native plugins for Editor in 0.00 ms.
Unloading 0 Unused Serialized files (Serialized files now loaded: 0)
Unloading 3155 unused Assets / (1.1 MB). Loaded Objects now: 3700.
Memory consumption went from 89.8 MB to 88.7 MB.
Total: 6.991200 ms (FindLiveObjects: 0.471900 ms CreateObjectMapping: 0.245500 ms MarkObjects: 4.736700 ms  DeleteObjects: 1.534700 ms)

Prepare: number of updated asset objects reloaded= 0
========================================================================
Received Import Request.
  Time since last request: 45.591524 seconds.
  path: Assets/Scenes/Game.unity
  artifactKey: Guid(b413e2e161955224dba18db5acc6f5a4) Importer(815301076,1909f56bfc062723c751e8b465ee728b)
Start importing Assets/Scenes/Game.unity using Guid(b413e2e161955224dba18db5acc6f5a4) Importer(815301076,1909f56bfc062723c751e8b465ee728b) (PreviewImporter) -> (artifact id: '9f0169cd98d5c0c90ed606c902ae9feb') in 0.0071513 seconds
Number of updated asset objects reloaded before import = 0Number of asset objects unloaded after import = 0

========================================================================
Received Import Request.
  Time since last request: 136.489848 seconds.
  path: ProjectSettings/TagManager.asset
  artifactKey: Guid(00000000000000003000000000000000) Importer(815301076,1909f56bfc062723c751e8b465ee728b)
Start importing ProjectSettings/TagManager.asset using Guid(00000000000000003000000000000000) Importer(815301076,1909f56bfc062723c751e8b465ee728b) (PreviewImporter) -> (artifact id: 'c3bc03025a3f157549204d7dceebc637') in 0.0326129 seconds
Number of updated asset objects reloaded before import = 0Number of asset objects unloaded after import = 0

========================================================================
Received Import Request.
  Time since last request: 298.357353 seconds.
  path: Assets/Scenes/Game.unity
  artifactKey: Guid(b413e2e161955224dba18db5acc6f5a4) Importer(815301076,1909f56bfc062723c751e8b465ee728b)
Start importing Assets/Scenes/Game.unity using Guid(b413e2e161955224dba18db5acc6f5a4) Importer(815301076,1909f56bfc062723c751e8b465ee728b) (PreviewImporter) -> (artifact id: 'daaa4bf0a4f3a1221fda1ecec2ce1caa') in 0.0018983 seconds
Number of updated asset objects reloaded before import = 0Number of asset objects unloaded after import = 0

========================================================================
Received Prepare
[Licensing::Client] Successfully resolved entitlement details
[Licensing::Module] License group:
  Id: F4-UWWC-HDTS-C65R-DKNB-XXXX
  Product: Unity Personal
  Type: ULF
  Expiration: Unlimited
[Licensing::Module] License group:
  Id: 4672995795270-UnityPersXXXX
  Product: Unity Personal
  Type: Assigned
  Expiration: Unlimited
Begin MonoManager ReloadAssembly
[Licensing::Client] Successfully resolved entitlement details
[Licensing::Module] License group:
  Id: F4-UWWC-HDTS-C65R-DKNB-XXXX
  Product: Unity Personal
  Type: ULF
  Expiration: Unlimited
[Licensing::Module] License group:
  Id: 4672995795270-UnityPersXXXX
  Product: Unity Personal
  Type: Assigned
  Expiration: Unlimited
Symbol file LoadedFromMemory is not a mono symbol file
- Loaded All Assemblies, in  2.145 seconds
Refreshing native plugins compatible for Editor in 3.37 ms, found 3 plugins.
Native extension for Android target not found
Native extension for WindowsStandalone target not found
Native extension for WebGL target not found
GPGSUpgrader start
UnityEngine.Debug:ExtractStackTraceNoAlloc (byte*,int,string)
UnityEngine.StackTraceUtility:ExtractStackTrace ()
UnityEngine.DebugLogHandler:Internal_Log (UnityEngine.LogType,UnityEngine.LogOption,string,UnityEngine.Object)
UnityEngine.DebugLogHandler:LogFormat (UnityEngine.LogType,UnityEngine.Object,string,object[])
UnityEngine.Logger:Log (UnityEngine.LogType,object)
UnityEngine.Debug:Log (object)
GooglePlayGames.Editor.GPGSUpgrader:.cctor () (at Assets/GooglePlayGames/com.google.play.games/Editor/GPGSUpgrader.cs:38)
System.Runtime.CompilerServices.RuntimeHelpers:RunClassConstructor (System.RuntimeTypeHandle)
UnityEditor.EditorAssemblies:ProcessInitializeOnLoadAttributes (System.Type[])

(Filename: Assets/GooglePlayGames/com.google.play.games/Editor/GPGSUpgrader.cs Line: 38)

GPGSUpgrader done
UnityEngine.Debug:ExtractStackTraceNoAlloc (byte*,int,string)
UnityEngine.StackTraceUtility:ExtractStackTrace ()
UnityEngine.DebugLogHandler:Internal_Log (UnityEngine.LogType,UnityEngine.LogOption,string,UnityEngine.Object)
UnityEngine.DebugLogHandler:LogFormat (UnityEngine.LogType,UnityEngine.Object,string,object[])
UnityEngine.Logger:Log (UnityEngine.LogType,object)
UnityEngine.Debug:Log (object)
GooglePlayGames.Editor.GPGSUpgrader:.cctor () (at Assets/GooglePlayGames/com.google.play.games/Editor/GPGSUpgrader.cs:57)
System.Runtime.CompilerServices.RuntimeHelpers:RunClassConstructor (System.RuntimeTypeHandle)
UnityEditor.EditorAssemblies:ProcessInitializeOnLoadAttributes (System.Type[])

(Filename: Assets/GooglePlayGames/com.google.play.games/Editor/GPGSUpgrader.cs Line: 57)

[Package Manager] Failed to launch server process. Reason: Unity was launched with the -noUpm command-line argument
[Package Manager] Unable to send message (not connected to server process).
[Package Manager] Cannot connect to Unity Package Manager local server
Mono: successfully reloaded assembly
- Finished resetting the current domain, in  0.994 seconds
Domain Reload Profiling: 3141ms
	BeginReloadAssembly (439ms)
		ExecutionOrderSort (0ms)
		DisableScriptedObjects (50ms)
		BackupInstance (0ms)
		ReleaseScriptingObjects (0ms)
		CreateAndSetChildDomain (125ms)
	RebuildCommonClasses (48ms)
	RebuildNativeTypeToScriptingClass (15ms)
	initialDomainReloadingComplete (33ms)
	LoadAllAssembliesAndSetupDomain (1613ms)
		LoadAssemblies (1581ms)
		RebuildTransferFunctionScriptingTraits (0ms)
		AnalyzeDomain (211ms)
			TypeCache.Refresh (10ms)
				TypeCache.ScanAssembly (0ms)
			BuildScriptInfoCaches (191ms)
			ResolveRequiredComponents (3ms)
	FinalizeReload (994ms)
		ReleaseScriptCaches (0ms)
		RebuildScriptCaches (0ms)
		SetupLoadedEditorAssemblies (845ms)
			LogAssemblyErrors (0ms)
			InitializePlatformSupportModulesInManaged (14ms)
			SetLoadedEditorAssemblies (7ms)
			BeforeProcessingInitializeOnLoad (117ms)
			ProcessInitializeOnLoadAttributes (660ms)
			ProcessInitializeOnLoadMethodAttributes (46ms)
			AfterProcessingInitializeOnLoad (2ms)
			EditorAssembliesLoaded (0ms)
		ExecutionOrderSort2 (0ms)
		AwakeInstancesAfterBackupRestoration (7ms)
Refreshing native plugins compatible for Editor in 3.86 ms, found 3 plugins.
Preloading 0 native plugins for Editor in 0.00 ms.
Unloading 0 Unused Serialized files (Serialized files now loaded: 0)
Unloading 3156 unused Assets / (0.7 MB). Loaded Objects now: 3702.
Memory consumption went from 89.8 MB to 89.1 MB.
Total: 10.662400 ms (FindLiveObjects: 1.024500 ms CreateObjectMapping: 0.481500 ms MarkObjects: 7.921800 ms  DeleteObjects: 1.230600 ms)

Prepare: number of updated asset objects reloaded= 0
========================================================================
Received Import Request.
  Time since last request: 177.277184 seconds.
  path: Assets/Prefabs/Player.prefab
  artifactKey: Guid(afd69e5287b27c340abada50d8a89a82) Importer(815301076,1909f56bfc062723c751e8b465ee728b)
Start importing Assets/Prefabs/Player.prefab using Guid(afd69e5287b27c340abada50d8a89a82) Importer(815301076,1909f56bfc062723c751e8b465ee728b) (PreviewImporter) -> (artifact id: '32b3681b9f1a0b71bb30d5d727463542') in 0.3403804 seconds
Number of updated asset objects reloaded before import = 0Number of asset objects unloaded after import = 14

========================================================================
Received Import Request.
  Time since last request: 3.086481 seconds.
  path: Assets/Resources
  artifactKey: Guid(bea6bdca5223489418d230f1871d6149) Importer(815301076,1909f56bfc062723c751e8b465ee728b)
Start importing Assets/Resources using Guid(bea6bdca5223489418d230f1871d6149) Importer(815301076,1909f56bfc062723c751e8b465ee728b) (PreviewImporter) -> (artifact id: '8aa344d89ba9088dbe856c3a9c8b6398') in 0.0479116 seconds
Number of updated asset objects reloaded before import = 0Number of asset objects unloaded after import = 0

========================================================================
Received Import Request.
  Time since last request: 5.144536 seconds.
  path: ProjectSettings/TagManager.asset
  artifactKey: Guid(00000000000000003000000000000000) Importer(815301076,1909f56bfc062723c751e8b465ee728b)
Start importing ProjectSettings/TagManager.asset using Guid(00000000000000003000000000000000) Importer(815301076,1909f56bfc062723c751e8b465ee728b) (PreviewImporter) -> (artifact id: '9823948e56043c2dc0be2cdd67c10db9') in 0.0015361 seconds
Number of updated asset objects reloaded before import = 0Number of asset objects unloaded after import = 0

========================================================================
Received Import Request.
  Time since last request: 4.697067 seconds.
  path: ProjectSettings/TagManager.asset
  artifactKey: Guid(00000000000000003000000000000000) Importer(815301076,1909f56bfc062723c751e8b465ee728b)
Start importing ProjectSettings/TagManager.asset using Guid(00000000000000003000000000000000) Importer(815301076,1909f56bfc062723c751e8b465ee728b) (PreviewImporter) -> (artifact id: 'b43075ff34b0a59499e6c7cb6f5f320a') in 0.0012645 seconds
Number of updated asset objects reloaded before import = 0Number of asset objects unloaded after import = 0

========================================================================
Received Import Request.
  Time since last request: 1021.115703 seconds.
  path: Assets/Plugins/WebGL/newgroundsioPlugin.jslib
  artifactKey: Guid(b32c902181b8b2d4d93e3d5850c606e4) Importer(815301076,1909f56bfc062723c751e8b465ee728b)
Start importing Assets/Plugins/WebGL/newgroundsioPlugin.jslib using Guid(b32c902181b8b2d4d93e3d5850c606e4) Importer(815301076,1909f56bfc062723c751e8b465ee728b) (PreviewImporter)Could not generate preview image
 -> (artifact id: 'd95526a300358dc3adb5109582593035') in 0.5376441 seconds
  ERROR: Import of 'Assets/Plugins/WebGL/newgroundsioPlugin.jslib' had errors: Could not generate preview image
Number of updated asset objects reloaded before import = 0Number of asset objects unloaded after import = 0

========================================================================
Received Import Request.
  Time since last request: 19.483410 seconds.
  path: Packages/com.unity.ide.rider
  artifactKey: Guid(f9f63097209c6bab2b6e9dfd4032a134) Importer(815301076,1909f56bfc062723c751e8b465ee728b)
Start importing Packages/com.unity.ide.rider using Guid(f9f63097209c6bab2b6e9dfd4032a134) Importer(815301076,1909f56bfc062723c751e8b465ee728b) (PreviewImporter) -> (artifact id: '78a8ff2d7b754f295eb4ac51ef264dcb') in 0.0194223 seconds
Number of updated asset objects reloaded before import = 0Number of asset objects unloaded after import = 0

========================================================================
Received Import Request.
  Time since last request: 0.436769 seconds.
  path: Assets/Scenes/MainMenu.unity
  artifactKey: Guid(36acf26b322484148aec9f58ebfe5792) Importer(2089858483,192608db42251d675da83286b1cce702)
Start importing Assets/Scenes/MainMenu.unity using Guid(36acf26b322484148aec9f58ebfe5792) Importer(2089858483,192608db42251d675da83286b1cce702) (ScriptedImporter) -> (artifact id: '540fc60e562bceb94f204ae82a83e969') in 0.9875556 seconds
Number of updated asset objects reloaded before import = 0Number of asset objects unloaded after import = 1

========================================================================
Received Import Request.
  Time since last request: 0.000161 seconds.
  path: Assets/Scenes/Game.unity
  artifactKey: Guid(b413e2e161955224dba18db5acc6f5a4) Importer(2089858483,192608db42251d675da83286b1cce702)
Start importing Assets/Scenes/Game.unity using Guid(b413e2e161955224dba18db5acc6f5a4) Importer(2089858483,192608db42251d675da83286b1cce702) (ScriptedImporter) -> (artifact id: '5dc9cc8723184c8f6b1803727de9d627') in 0.2336928 seconds
Number of updated asset objects reloaded before import = 0Number of asset objects unloaded after import = 1

========================================================================
Received Import Request.
  Time since last request: 0.000101 seconds.
  path: Assets/Plugins/Android/mainTemplate.gradle.backup
  artifactKey: Guid(9f50695547059cf45b213d73beb1c91f) Importer(2089858483,192608db42251d675da83286b1cce702)
Start importing Assets/Plugins/Android/mainTemplate.gradle.backup using Guid(9f50695547059cf45b213d73beb1c91f) Importer(2089858483,192608db42251d675da83286b1cce702) (ScriptedImporter) -> (artifact id: '60d3d590fa2b4ede68b9795c674a06e8') in 0.0490592 seconds
Number of updated asset objects reloaded before import = 0Number of asset objects unloaded after import = 1

========================================================================
Received Import Request.
  Time since last request: 0.000043 seconds.
  path: Assets/Plugins/Android/mainTemplate.gradle
  artifactKey: Guid(f28b5d2e8ee5b5e4087a2617ad6cb811) Importer(2089858483,192608db42251d675da83286b1cce702)
Start importing Assets/Plugins/Android/mainTemplate.gradle using Guid(f28b5d2e8ee5b5e4087a2617ad6cb811) Importer(2089858483,192608db42251d675da83286b1cce702) (ScriptedImporter) -> (artifact id: '2dfa5743ed3e2d9d0df0b948a97eeaec') in 0.0456239 seconds
Number of updated asset objects reloaded before import = 0Number of asset objects unloaded after import = 1

========================================================================
Received Import Request.
  Time since last request: 0.000194 seconds.
  path: Assets/Resources/PerformanceTestRunInfo.json
  artifactKey: Guid(4441f7ff7b8ab7e43a4230553cabb566) Importer(2089858483,192608db42251d675da83286b1cce702)
Start importing Assets/Resources/PerformanceTestRunInfo.json using Guid(4441f7ff7b8ab7e43a4230553cabb566) Importer(2089858483,192608db42251d675da83286b1cce702) (ScriptedImporter) -> (artifact id: '4acd553cf69410040d488a7079e14152') in 0.0470576 seconds
Number of updated asset objects reloaded before import = 0Number of asset objects unloaded after import = 1

========================================================================
Received Import Request.
  Time since last request: 0.000090 seconds.
  path: Assets/Resources/PerformanceTestRunSettings.json
  artifactKey: Guid(c7a43a405bd8f154ba830f74cff9bbf7) Importer(2089858483,192608db42251d675da83286b1cce702)
Start importing Assets/Resources/PerformanceTestRunSettings.json using Guid(c7a43a405bd8f154ba830f74cff9bbf7) Importer(2089858483,192608db42251d675da83286b1cce702) (ScriptedImporter) -> (artifact id: '08cb280fc8aa80bc8f9d0ae24759d033') in 0.0649673 seconds
Number of updated asset objects reloaded before import = 0Number of asset objects unloaded after import = 1

========================================================================
Received Import Request.
  Time since last request: 0.000188 seconds.
  path: Assets/Prefabs/Cone.prefab
  artifactKey: Guid(e368c7c4c26a61b45850539e5dd472d1) Importer(2089858483,192608db42251d675da83286b1cce702)
Start importing Assets/Prefabs/Cone.prefab using Guid(e368c7c4c26a61b45850539e5dd472d1) Importer(2089858483,192608db42251d675da83286b1cce702) (ScriptedImporter) -> (artifact id: '9bbd1ae6fff562a86699854efa393aa9') in 0.9581919 seconds
Number of updated asset objects reloaded before import = 0Number of asset objects unloaded after import = 9

========================================================================
Received Import Request.
  Time since last request: 34.087290 seconds.
  path: Assets/Plugins/Android/GooglePlayGamesManifest.androidlib
  artifactKey: Guid(44f4150f398dc4f22b230f8c74866383) Importer(815301076,1909f56bfc062723c751e8b465ee728b)
Start importing Assets/Plugins/Android/GooglePlayGamesManifest.androidlib using Guid(44f4150f398dc4f22b230f8c74866383) Importer(815301076,1909f56bfc062723c751e8b465ee728b) (PreviewImporter) -> (artifact id: '00000000000000000000000000000000') in 0.0303212 seconds
Import Error Code:(4)
Message: Build asset version error: assets/plugins/android/googleplaygamesmanifest.androidlib in SourceAssetDB has modification time of '2025-12-30T21:15:24.585768Z' while content on disk has modification time of '2025-12-30T21:16:46.0029093Z'
  ERROR: Build asset version error: assets/plugins/android/googleplaygamesmanifest.androidlib in SourceAssetDB has modification time of '2025-12-30T21:15:24.585768Z' while content on disk has modification time of '2025-12-30T21:16:46.0029093Z'
Number of updated asset objects reloaded before import = 0Number of asset objects unloaded after import = 0

========================================================================
Received Import Request.
  Time since last request: 0.001263 seconds.
  path: Assets/Plugins/Android/GooglePlayGamesManifest.androidlib
  artifactKey: Guid(44f4150f398dc4f22b230f8c74866383) Importer(815301076,1909f56bfc062723c751e8b465ee728b)
Start importing Assets/Plugins/Android/GooglePlayGamesManifest.androidlib using Guid(44f4150f398dc4f22b230f8c74866383) Importer(815301076,1909f56bfc062723c751e8b465ee728b) (PreviewImporter) -> (artifact id: '00000000000000000000000000000000') in 0.0006901 seconds
Import Error Code:(4)
Message: Build asset version error: assets/plugins/android/googleplaygamesmanifest.androidlib in SourceAssetDB has modification time of '2025-12-30T21:15:24.585768Z' while content on disk has modification time of '2025-12-30T21:16:46.0029093Z'
  ERROR: Build asset version error: assets/plugins/android/googleplaygamesmanifest.androidlib in SourceAssetDB has modification time of '2025-12-30T21:15:24.585768Z' while content on disk has modification time of '2025-12-30T21:16:46.0029093Z'
Number of updated asset objects reloaded before import = 0Number of asset objects unloaded after import = 0

========================================================================
Received Import Request.
  Time since last request: 0.009387 seconds.
  path: Assets/Plugins/Android/GooglePlayGamesManifest.androidlib
  artifactKey: Guid(44f4150f398dc4f22b230f8c74866383) Importer(815301076,1909f56bfc062723c751e8b465ee728b)
Start importing Assets/Plugins/Android/GooglePlayGamesManifest.androidlib using Guid(44f4150f398dc4f22b230f8c74866383) Importer(815301076,1909f56bfc062723c751e8b465ee728b) (PreviewImporter) -> (artifact id: '00000000000000000000000000000000') in 0.0006838 seconds
Import Error Code:(4)
Message: Build asset version error: assets/plugins/android/googleplaygamesmanifest.androidlib in SourceAssetDB has modification time of '2025-12-30T21:15:24.585768Z' while content on disk has modification time of '2025-12-30T21:16:46.0029093Z'
  ERROR: Build asset version error: assets/plugins/android/googleplaygamesmanifest.androidlib in SourceAssetDB has modification time of '2025-12-30T21:15:24.585768Z' while content on disk has modification time of '2025-12-30T21:16:46.0029093Z'
Number of updated asset objects reloaded before import = 0Number of asset objects unloaded after import = 0

========================================================================
Received Import Request.
  Time since last request: 0.017546 seconds.
  path: Assets/Plugins/Android/GooglePlayGamesManifest.androidlib
  artifactKey: Guid(44f4150f398dc4f22b230f8c74866383) Importer(815301076,1909f56bfc062723c751e8b465ee728b)
Start importing Assets/Plugins/Android/GooglePlayGamesManifest.androidlib using Guid(44f4150f398dc4f22b230f8c74866383) Importer(815301076,1909f56bfc062723c751e8b465ee728b) (PreviewImporter) -> (artifact id: '00000000000000000000000000000000') in 0.0007491 seconds
Import Error Code:(4)
Message: Build asset version error: assets/plugins/android/googleplaygamesmanifest.androidlib in SourceAssetDB has modification time of '2025-12-30T21:15:24.585768Z' while content on disk has modification time of '2025-12-30T21:16:46.0029093Z'
  ERROR: Build asset version error: assets/plugins/android/googleplaygamesmanifest.androidlib in SourceAssetDB has modification time of '2025-12-30T21:15:24.585768Z' while content on disk has modification time of '2025-12-30T21:16:46.0029093Z'
Number of updated asset objects reloaded before import = 0Number of asset objects unloaded after import = 0

========================================================================
Received Import Request.
  Time since last request: 0.018202 seconds.
  path: Assets/Plugins/Android/GooglePlayGamesManifest.androidlib
  artifactKey: Guid(44f4150f398dc4f22b230f8c74866383) Importer(815301076,1909f56bfc062723c751e8b465ee728b)
Start importing Assets/Plugins/Android/GooglePlayGamesManifest.androidlib using Guid(44f4150f398dc4f22b230f8c74866383) Importer(815301076,1909f56bfc062723c751e8b465ee728b) (PreviewImporter) -> (artifact id: '00000000000000000000000000000000') in 0.0007764 seconds
Import Error Code:(4)
Message: Build asset version error: assets/plugins/android/googleplaygamesmanifest.androidlib in SourceAssetDB has modification time of '2025-12-30T21:15:24.585768Z' while content on disk has modification time of '2025-12-30T21:16:46.0029093Z'
  ERROR: Build asset version error: assets/plugins/android/googleplaygamesmanifest.androidlib in SourceAssetDB has modification time of '2025-12-30T21:15:24.585768Z' while content on disk has modification time of '2025-12-30T21:16:46.0029093Z'
Number of updated asset objects reloaded before import = 0Number of asset objects unloaded after import = 0

========================================================================
Received Import Request.
  Time since last request: 0.017060 seconds.
  path: Assets/Plugins/Android/GooglePlayGamesManifest.androidlib
  artifactKey: Guid(44f4150f398dc4f22b230f8c74866383) Importer(815301076,1909f56bfc062723c751e8b465ee728b)
Start importing Assets/Plugins/Android/GooglePlayGamesManifest.androidlib using Guid(44f4150f398dc4f22b230f8c74866383) Importer(815301076,1909f56bfc062723c751e8b465ee728b) (PreviewImporter) -> (artifact id: '00000000000000000000000000000000') in 0.000679 seconds
Import Error Code:(4)
Message: Build asset version error: assets/plugins/android/googleplaygamesmanifest.androidlib in SourceAssetDB has modification time of '2025-12-30T21:15:24.585768Z' while content on disk has modification time of '2025-12-30T21:16:46.0029093Z'
  ERROR: Build asset version error: assets/plugins/android/googleplaygamesmanifest.androidlib in SourceAssetDB has modification time of '2025-12-30T21:15:24.585768Z' while content on disk has modification time of '2025-12-30T21:16:46.0029093Z'
Number of updated asset objects reloaded before import = 0Number of asset objects unloaded after import = 0

========================================================================
Received Import Request.
  Time since last request: 0.016752 seconds.
  path: Assets/Plugins/Android/GooglePlayGamesManifest.androidlib
  artifactKey: Guid(44f4150f398dc4f22b230f8c74866383) Importer(815301076,1909f56bfc062723c751e8b465ee728b)
Start importing Assets/Plugins/Android/GooglePlayGamesManifest.androidlib using Guid(44f4150f398dc4f22b230f8c74866383) Importer(815301076,1909f56bfc062723c751e8b465ee728b) (PreviewImporter) -> (artifact id: '00000000000000000000000000000000') in 0.0008583 seconds
Import Error Code:(4)
Message: Build asset version error: assets/plugins/android/googleplaygamesmanifest.androidlib in SourceAssetDB has modification time of '2025-12-30T21:15:24.585768Z' while content on disk has modification time of '2025-12-30T21:16:46.0029093Z'
  ERROR: Build asset version error: assets/plugins/android/googleplaygamesmanifest.androidlib in SourceAssetDB has modification time of '2025-12-30T21:15:24.585768Z' while content on disk has modification time of '2025-12-30T21:16:46.0029093Z'
Number of updated asset objects reloaded before import = 0Number of asset objects unloaded after import = 0

========================================================================
Received Import Request.
  Time since last request: 0.017522 seconds.
  path: Assets/Plugins/Android/GooglePlayGamesManifest.androidlib
  artifactKey: Guid(44f4150f398dc4f22b230f8c74866383) Importer(815301076,1909f56bfc062723c751e8b465ee728b)
Start importing Assets/Plugins/Android/GooglePlayGamesManifest.androidlib using Guid(44f4150f398dc4f22b230f8c74866383) Importer(815301076,1909f56bfc062723c751e8b465ee728b) (PreviewImporter) -> (artifact id: '00000000000000000000000000000000') in 0.0006367 seconds
Import Error Code:(4)
Message: Build asset version error: assets/plugins/android/googleplaygamesmanifest.androidlib in SourceAssetDB has modification time of '2025-12-30T21:15:24.585768Z' while content on disk has modification time of '2025-12-30T21:16:46.0029093Z'
  ERROR: Build asset version error: assets/plugins/android/googleplaygamesmanifest.androidlib in SourceAssetDB has modification time of '2025-12-30T21:15:24.585768Z' while content on disk has modification time of '2025-12-30T21:16:46.0029093Z'
Number of updated asset objects reloaded before import = 0Number of asset objects unloaded after import = 0

========================================================================
Received Import Request.
  Time since last request: 0.016509 seconds.
  path: Assets/Plugins/Android/GooglePlayGamesManifest.androidlib
  artifactKey: Guid(44f4150f398dc4f22b230f8c74866383) Importer(815301076,1909f56bfc062723c751e8b465ee728b)
Start importing Assets/Plugins/Android/GooglePlayGamesManifest.androidlib using Guid(44f4150f398dc4f22b230f8c74866383) Importer(815301076,1909f56bfc062723c751e8b465ee728b) (PreviewImporter) -> (artifact id: '00000000000000000000000000000000') in 0.0007333 seconds
Import Error Code:(4)
Message: Build asset version error: assets/plugins/android/googleplaygamesmanifest.androidlib in SourceAssetDB has modification time of '2025-12-30T21:15:24.585768Z' while content on disk has modification time of '2025-12-30T21:16:46.0029093Z'
  ERROR: Build asset version error: assets/plugins/android/googleplaygamesmanifest.androidlib in SourceAssetDB has modification time of '2025-12-30T21:15:24.585768Z' while content on disk has modification time of '2025-12-30T21:16:46.0029093Z'
Number of updated asset objects reloaded before import = 0Number of asset objects unloaded after import = 0

========================================================================
Received Import Request.
  Time since last request: 0.017291 seconds.
  path: Assets/Plugins/Android/GooglePlayGamesManifest.androidlib
  artifactKey: Guid(44f4150f398dc4f22b230f8c74866383) Importer(815301076,1909f56bfc062723c751e8b465ee728b)
Start importing Assets/Plugins/Android/GooglePlayGamesManifest.androidlib using Guid(44f4150f398dc4f22b230f8c74866383) Importer(815301076,1909f56bfc062723c751e8b465ee728b) (PreviewImporter) -> (artifact id: '00000000000000000000000000000000') in 0.0008413 seconds
Import Error Code:(4)
Message: Build asset version error: assets/plugins/android/googleplaygamesmanifest.androidlib in SourceAssetDB has modification time of '2025-12-30T21:15:24.585768Z' while content on disk has modification time of '2025-12-30T21:16:46.0029093Z'
  ERROR: Build asset version error: assets/plugins/android/googleplaygamesmanifest.androidlib in SourceAssetDB has modification time of '2025-12-30T21:15:24.585768Z' while content on disk has modification time of '2025-12-30T21:16:46.0029093Z'
Number of updated asset objects reloaded before import = 0Number of asset objects unloaded after import = 0

========================================================================
Received Import Request.
  Time since last request: 0.016960 seconds.
  path: Assets/Plugins/Android/GooglePlayGamesManifest.androidlib
  artifactKey: Guid(44f4150f398dc4f22b230f8c74866383) Importer(815301076,1909f56bfc062723c751e8b465ee728b)
Start importing Assets/Plugins/Android/GooglePlayGamesManifest.androidlib using Guid(44f4150f398dc4f22b230f8c74866383) Importer(815301076,1909f56bfc062723c751e8b465ee728b) (PreviewImporter) -> (artifact id: '00000000000000000000000000000000') in 0.000685 seconds
Import Error Code:(4)
Message: Build asset version error: assets/plugins/android/googleplaygamesmanifest.androidlib in SourceAssetDB has modification time of '2025-12-30T21:15:24.585768Z' while content on disk has modification time of '2025-12-30T21:16:46.0029093Z'
  ERROR: Build asset version error: assets/plugins/android/googleplaygamesmanifest.androidlib in SourceAssetDB has modification time of '2025-12-30T21:15:24.585768Z' while content on disk has modification time of '2025-12-30T21:16:46.0029093Z'
Number of updated asset objects reloaded before import = 0Number of asset objects unloaded after import = 0

========================================================================
Received Import Request.
  Time since last request: 0.017896 seconds.
  path: Assets/Plugins/Android/GooglePlayGamesManifest.androidlib
  artifactKey: Guid(44f4150f398dc4f22b230f8c74866383) Importer(815301076,1909f56bfc062723c751e8b465ee728b)
Start importing Assets/Plugins/Android/GooglePlayGamesManifest.androidlib using Guid(44f4150f398dc4f22b230f8c74866383) Importer(815301076,1909f56bfc062723c751e8b465ee728b) (PreviewImporter) -> (artifact id: '00000000000000000000000000000000') in 0.000676 seconds
Import Error Code:(4)
Message: Build asset version error: assets/plugins/android/googleplaygamesmanifest.androidlib in SourceAssetDB has modification time of '2025-12-30T21:15:24.585768Z' while content on disk has modification time of '2025-12-30T21:16:46.0029093Z'
  ERROR: Build asset version error: assets/plugins/android/googleplaygamesmanifest.androidlib in SourceAssetDB has modification time of '2025-12-30T21:15:24.585768Z' while content on disk has modification time of '2025-12-30T21:16:46.0029093Z'
Number of updated asset objects reloaded before import = 0Number of asset objects unloaded after import = 0

========================================================================
Received Import Request.
  Time since last request: 0.017144 seconds.
  path: Assets/Plugins/Android/GooglePlayGamesManifest.androidlib
  artifactKey: Guid(44f4150f398dc4f22b230f8c74866383) Importer(815301076,1909f56bfc062723c751e8b465ee728b)
Start importing Assets/Plugins/Android/GooglePlayGamesManifest.androidlib using Guid(44f4150f398dc4f22b230f8c74866383) Importer(815301076,1909f56bfc062723c751e8b465ee728b) (PreviewImporter) -> (artifact id: '00000000000000000000000000000000') in 0.0006265 seconds
Import Error Code:(4)
Message: Build asset version error: assets/plugins/android/googleplaygamesmanifest.androidlib in SourceAssetDB has modification time of '2025-12-30T21:15:24.585768Z' while content on disk has modification time of '2025-12-30T21:16:46.0029093Z'
  ERROR: Build asset version error: assets/plugins/android/googleplaygamesmanifest.androidlib in SourceAssetDB has modification time of '2025-12-30T21:15:24.585768Z' while content on disk has modification time of '2025-12-30T21:16:46.0029093Z'
Number of updated asset objects reloaded before import = 0Number of asset objects unloaded after import = 0

========================================================================
Received Import Request.
  Time since last request: 0.018489 seconds.
  path: Assets/Plugins/Android/GooglePlayGamesManifest.androidlib
  artifactKey: Guid(44f4150f398dc4f22b230f8c74866383) Importer(815301076,1909f56bfc062723c751e8b465ee728b)
Start importing Assets/Plugins/Android/GooglePlayGamesManifest.androidlib using Guid(44f4150f398dc4f22b230f8c74866383) Importer(815301076,1909f56bfc062723c751e8b465ee728b) (PreviewImporter) -> (artifact id: '00000000000000000000000000000000') in 0.0009194 seconds
Import Error Code:(4)
Message: Build asset version error: assets/plugins/android/googleplaygamesmanifest.androidlib in SourceAssetDB has modification time of '2025-12-30T21:15:24.585768Z' while content on disk has modification time of '2025-12-30T21:16:46.0029093Z'
  ERROR: Build asset version error: assets/plugins/android/googleplaygamesmanifest.androidlib in SourceAssetDB has modification time of '2025-12-30T21:15:24.585768Z' while content on disk has modification time of '2025-12-30T21:16:46.0029093Z'
Number of updated asset objects reloaded before import = 0Number of asset objects unloaded after import = 0

========================================================================
Received Import Request.
  Time since last request: 0.017893 seconds.
  path: Assets/Plugins/Android/GooglePlayGamesManifest.androidlib
  artifactKey: Guid(44f4150f398dc4f22b230f8c74866383) Importer(815301076,1909f56bfc062723c751e8b465ee728b)
Start importing Assets/Plugins/Android/GooglePlayGamesManifest.androidlib using Guid(44f4150f398dc4f22b230f8c74866383) Importer(815301076,1909f56bfc062723c751e8b465ee728b) (PreviewImporter) -> (artifact id: '00000000000000000000000000000000') in 0.0006334 seconds
Import Error Code:(4)
Message: Build asset version error: assets/plugins/android/googleplaygamesmanifest.androidlib in SourceAssetDB has modification time of '2025-12-30T21:15:24.585768Z' while content on disk has modification time of '2025-12-30T21:16:46.0029093Z'
  ERROR: Build asset version error: assets/plugins/android/googleplaygamesmanifest.androidlib in SourceAssetDB has modification time of '2025-12-30T21:15:24.585768Z' while content on disk has modification time of '2025-12-30T21:16:46.0029093Z'
Number of updated asset objects reloaded before import = 0Number of asset objects unloaded after import = 0

========================================================================
Received Import Request.
  Time since last request: 0.016681 seconds.
  path: Assets/Plugins/Android/GooglePlayGamesManifest.androidlib
  artifactKey: Guid(44f4150f398dc4f22b230f8c74866383) Importer(815301076,1909f56bfc062723c751e8b465ee728b)
Start importing Assets/Plugins/Android/GooglePlayGamesManifest.androidlib using Guid(44f4150f398dc4f22b230f8c74866383) Importer(815301076,1909f56bfc062723c751e8b465ee728b) (PreviewImporter) -> (artifact id: '00000000000000000000000000000000') in 0.0006973 seconds
Import Error Code:(4)
Message: Build asset version error: assets/plugins/android/googleplaygamesmanifest.androidlib in SourceAssetDB has modification time of '2025-12-30T21:15:24.585768Z' while content on disk has modification time of '2025-12-30T21:16:46.0029093Z'
  ERROR: Build asset version error: assets/plugins/android/googleplaygamesmanifest.androidlib in SourceAssetDB has modification time of '2025-12-30T21:15:24.585768Z' while content on disk has modification time of '2025-12-30T21:16:46.0029093Z'
Number of updated asset objects reloaded before import = 0Number of asset objects unloaded after import = 0

========================================================================
Received Import Request.
  Time since last request: 0.017140 seconds.
  path: Assets/Plugins/Android/GooglePlayGamesManifest.androidlib
  artifactKey: Guid(44f4150f398dc4f22b230f8c74866383) Importer(815301076,1909f56bfc062723c751e8b465ee728b)
Start importing Assets/Plugins/Android/GooglePlayGamesManifest.androidlib using Guid(44f4150f398dc4f22b230f8c74866383) Importer(815301076,1909f56bfc062723c751e8b465ee728b) (PreviewImporter) -> (artifact id: '00000000000000000000000000000000') in 0.0006554 seconds
Import Error Code:(4)
Message: Build asset version error: assets/plugins/android/googleplaygamesmanifest.androidlib in SourceAssetDB has modification time of '2025-12-30T21:15:24.585768Z' while content on disk has modification time of '2025-12-30T21:16:46.0029093Z'
  ERROR: Build asset version error: assets/plugins/android/googleplaygamesmanifest.androidlib in SourceAssetDB has modification time of '2025-12-30T21:15:24.585768Z' while content on disk has modification time of '2025-12-30T21:16:46.0029093Z'
Number of updated asset objects reloaded before import = 0Number of asset objects unloaded after import = 0

========================================================================
Received Import Request.
  Time since last request: 0.018023 seconds.
  path: Assets/Plugins/Android/GooglePlayGamesManifest.androidlib
  artifactKey: Guid(44f4150f398dc4f22b230f8c74866383) Importer(815301076,1909f56bfc062723c751e8b465ee728b)
Start importing Assets/Plugins/Android/GooglePlayGamesManifest.androidlib using Guid(44f4150f398dc4f22b230f8c74866383) Importer(815301076,1909f56bfc062723c751e8b465ee728b) (PreviewImporter) -> (artifact id: '00000000000000000000000000000000') in 0.0005859 seconds
Import Error Code:(4)
Message: Build asset version error: assets/plugins/android/googleplaygamesmanifest.androidlib in SourceAssetDB has modification time of '2025-12-30T21:15:24.585768Z' while content on disk has modification time of '2025-12-30T21:16:46.0029093Z'
  ERROR: Build asset version error: assets/plugins/android/googleplaygamesmanifest.androidlib in SourceAssetDB has modification time of '2025-12-30T21:15:24.585768Z' while content on disk has modification time of '2025-12-30T21:16:46.0029093Z'
Number of updated asset objects reloaded before import = 0Number of asset objects unloaded after import = 0

========================================================================
Received Import Request.
  Time since last request: 0.016844 seconds.
  path: Assets/Plugins/Android/GooglePlayGamesManifest.androidlib
  artifactKey: Guid(44f4150f398dc4f22b230f8c74866383) Importer(815301076,1909f56bfc062723c751e8b465ee728b)
Start importing Assets/Plugins/Android/GooglePlayGamesManifest.androidlib using Guid(44f4150f398dc4f22b230f8c74866383) Importer(815301076,1909f56bfc062723c751e8b465ee728b) (PreviewImporter) -> (artifact id: '00000000000000000000000000000000') in 0.0008097 seconds
Import Error Code:(4)
Message: Build asset version error: assets/plugins/android/googleplaygamesmanifest.androidlib in SourceAssetDB has modification time of '2025-12-30T21:15:24.585768Z' while content on disk has modification time of '2025-12-30T21:16:46.0029093Z'
  ERROR: Build asset version error: assets/plugins/android/googleplaygamesmanifest.androidlib in SourceAssetDB has modification time of '2025-12-30T21:15:24.585768Z' while content on disk has modification time of '2025-12-30T21:16:46.0029093Z'
Number of updated asset objects reloaded before import = 0Number of asset objects unloaded after import = 0

========================================================================
Received Import Request.
  Time since last request: 0.016288 seconds.
  path: Assets/Plugins/Android/GooglePlayGamesManifest.androidlib
  artifactKey: Guid(44f4150f398dc4f22b230f8c74866383) Importer(815301076,1909f56bfc062723c751e8b465ee728b)
Start importing Assets/Plugins/Android/GooglePlayGamesManifest.androidlib using Guid(44f4150f398dc4f22b230f8c74866383) Importer(815301076,1909f56bfc062723c751e8b465ee728b) (PreviewImporter) -> (artifact id: '00000000000000000000000000000000') in 0.000779 seconds
Import Error Code:(4)
Message: Build asset version error: assets/plugins/android/googleplaygamesmanifest.androidlib in SourceAssetDB has modification time of '2025-12-30T21:15:24.585768Z' while content on disk has modification time of '2025-12-30T21:16:46.0029093Z'
  ERROR: Build asset version error: assets/plugins/android/googleplaygamesmanifest.androidlib in SourceAssetDB has modification time of '2025-12-30T21:15:24.585768Z' while content on disk has modification time of '2025-12-30T21:16:46.0029093Z'
Number of updated asset objects reloaded before import = 0Number of asset objects unloaded after import = 0

========================================================================
Received Import Request.
  Time since last request: 0.016719 seconds.
  path: Assets/Plugins/Android/GooglePlayGamesManifest.androidlib
  artifactKey: Guid(44f4150f398dc4f22b230f8c74866383) Importer(815301076,1909f56bfc062723c751e8b465ee728b)
Start importing Assets/Plugins/Android/GooglePlayGamesManifest.androidlib using Guid(44f4150f398dc4f22b230f8c74866383) Importer(815301076,1909f56bfc062723c751e8b465ee728b) (PreviewImporter) -> (artifact id: '00000000000000000000000000000000') in 0.0006229 seconds
Import Error Code:(4)
Message: Build asset version error: assets/plugins/android/googleplaygamesmanifest.androidlib in SourceAssetDB has modification time of '2025-12-30T21:15:24.585768Z' while content on disk has modification time of '2025-12-30T21:16:46.0029093Z'
  ERROR: Build asset version error: assets/plugins/android/googleplaygamesmanifest.androidlib in SourceAssetDB has modification time of '2025-12-30T21:15:24.585768Z' while content on disk has modification time of '2025-12-30T21:16:46.0029093Z'
Number of updated asset objects reloaded before import = 0Number of asset objects unloaded after import = 0

========================================================================
Received Import Request.
  Time since last request: 0.016103 seconds.
  path: Assets/Plugins/Android/GooglePlayGamesManifest.androidlib
  artifactKey: Guid(44f4150f398dc4f22b230f8c74866383) Importer(815301076,1909f56bfc062723c751e8b465ee728b)
Start importing Assets/Plugins/Android/GooglePlayGamesManifest.androidlib using Guid(44f4150f398dc4f22b230f8c74866383) Importer(815301076,1909f56bfc062723c751e8b465ee728b) (PreviewImporter) -> (artifact id: '00000000000000000000000000000000') in 0.0006701 seconds
Import Error Code:(4)
Message: Build asset version error: assets/plugins/android/googleplaygamesmanifest.androidlib in SourceAssetDB has modification time of '2025-12-30T21:15:24.585768Z' while content on disk has modification time of '2025-12-30T21:16:46.0029093Z'
  ERROR: Build asset version error: assets/plugins/android/googleplaygamesmanifest.androidlib in SourceAssetDB has modification time of '2025-12-30T21:15:24.585768Z' while content on disk has modification time of '2025-12-30T21:16:46.0029093Z'
Number of updated asset objects reloaded before import = 0Number of asset objects unloaded after import = 0

========================================================================
Received Import Request.
  Time since last request: 0.016886 seconds.
  path: Assets/Plugins/Android/GooglePlayGamesManifest.androidlib
  artifactKey: Guid(44f4150f398dc4f22b230f8c74866383) Importer(815301076,1909f56bfc062723c751e8b465ee728b)
Start importing Assets/Plugins/Android/GooglePlayGamesManifest.androidlib using Guid(44f4150f398dc4f22b230f8c74866383) Importer(815301076,1909f56bfc062723c751e8b465ee728b) (PreviewImporter) -> (artifact id: '00000000000000000000000000000000') in 0.0010427 seconds
Import Error Code:(4)
Message: Build asset version error: assets/plugins/android/googleplaygamesmanifest.androidlib in SourceAssetDB has modification time of '2025-12-30T21:15:24.585768Z' while content on disk has modification time of '2025-12-30T21:16:46.0029093Z'
  ERROR: Build asset version error: assets/plugins/android/googleplaygamesmanifest.androidlib in SourceAssetDB has modification time of '2025-12-30T21:15:24.585768Z' while content on disk has modification time of '2025-12-30T21:16:46.0029093Z'
Number of updated asset objects reloaded before import = 0Number of asset objects unloaded after import = 0

========================================================================
Received Import Request.
  Time since last request: 0.015668 seconds.
  path: Assets/Plugins/Android/GooglePlayGamesManifest.androidlib
  artifactKey: Guid(44f4150f398dc4f22b230f8c74866383) Importer(815301076,1909f56bfc062723c751e8b465ee728b)
Start importing Assets/Plugins/Android/GooglePlayGamesManifest.androidlib using Guid(44f4150f398dc4f22b230f8c74866383) Importer(815301076,1909f56bfc062723c751e8b465ee728b) (PreviewImporter) -> (artifact id: '00000000000000000000000000000000') in 0.0006939 seconds
Import Error Code:(4)
Message: Build asset version error: assets/plugins/android/googleplaygamesmanifest.androidlib in SourceAssetDB has modification time of '2025-12-30T21:15:24.585768Z' while content on disk has modification time of '2025-12-30T21:16:46.0029093Z'
  ERROR: Build asset version error: assets/plugins/android/googleplaygamesmanifest.androidlib in SourceAssetDB has modification time of '2025-12-30T21:15:24.585768Z' while content on disk has modification time of '2025-12-30T21:16:46.0029093Z'
Number of updated asset objects reloaded before import = 0Number of asset objects unloaded after import = 0

========================================================================
Received Import Request.
  Time since last request: 0.017010 seconds.
  path: Assets/Plugins/Android/GooglePlayGamesManifest.androidlib
  artifactKey: Guid(44f4150f398dc4f22b230f8c74866383) Importer(815301076,1909f56bfc062723c751e8b465ee728b)
Start importing Assets/Plugins/Android/GooglePlayGamesManifest.androidlib using Guid(44f4150f398dc4f22b230f8c74866383) Importer(815301076,1909f56bfc062723c751e8b465ee728b) (PreviewImporter) -> (artifact id: '00000000000000000000000000000000') in 0.0006808 seconds
Import Error Code:(4)
Message: Build asset version error: assets/plugins/android/googleplaygamesmanifest.androidlib in SourceAssetDB has modification time of '2025-12-30T21:15:24.585768Z' while content on disk has modification time of '2025-12-30T21:16:46.0029093Z'
  ERROR: Build asset version error: assets/plugins/android/googleplaygamesmanifest.androidlib in SourceAssetDB has modification time of '2025-12-30T21:15:24.585768Z' while content on disk has modification time of '2025-12-30T21:16:46.0029093Z'
Number of updated asset objects reloaded before import = 0Number of asset objects unloaded after import = 0

========================================================================
Received Import Request.
  Time since last request: 0.017254 seconds.
  path: Assets/Plugins/Android/GooglePlayGamesManifest.androidlib
  artifactKey: Guid(44f4150f398dc4f22b230f8c74866383) Importer(815301076,1909f56bfc062723c751e8b465ee728b)
Start importing Assets/Plugins/Android/GooglePlayGamesManifest.androidlib using Guid(44f4150f398dc4f22b230f8c74866383) Importer(815301076,1909f56bfc062723c751e8b465ee728b) (PreviewImporter) -> (artifact id: '00000000000000000000000000000000') in 0.0008792 seconds
Import Error Code:(4)
Message: Build asset version error: assets/plugins/android/googleplaygamesmanifest.androidlib in SourceAssetDB has modification time of '2025-12-30T21:15:24.585768Z' while content on disk has modification time of '2025-12-30T21:16:46.0029093Z'
  ERROR: Build asset version error: assets/plugins/android/googleplaygamesmanifest.androidlib in SourceAssetDB has modification time of '2025-12-30T21:15:24.585768Z' while content on disk has modification time of '2025-12-30T21:16:46.0029093Z'
Number of updated asset objects reloaded before import = 0Number of asset objects unloaded after import = 0

========================================================================
Received Import Request.
  Time since last request: 0.016768 seconds.
  path: Assets/Plugins/Android/GooglePlayGamesManifest.androidlib
  artifactKey: Guid(44f4150f398dc4f22b230f8c74866383) Importer(815301076,1909f56bfc062723c751e8b465ee728b)
Start importing Assets/Plugins/Android/GooglePlayGamesManifest.androidlib using Guid(44f4150f398dc4f22b230f8c74866383) Importer(815301076,1909f56bfc062723c751e8b465ee728b) (PreviewImporter) -> (artifact id: '00000000000000000000000000000000') in 0.0006514 seconds
Import Error Code:(4)
Message: Build asset version error: assets/plugins/android/googleplaygamesmanifest.androidlib in SourceAssetDB has modification time of '2025-12-30T21:15:24.585768Z' while content on disk has modification time of '2025-12-30T21:16:46.0029093Z'
  ERROR: Build asset version error: assets/plugins/android/googleplaygamesmanifest.androidlib in SourceAssetDB has modification time of '2025-12-30T21:15:24.585768Z' while content on disk has modification time of '2025-12-30T21:16:46.0029093Z'
Number of updated asset objects reloaded before import = 0Number of asset objects unloaded after import = 0

========================================================================
Received Import Request.
  Time since last request: 0.017314 seconds.
  path: Assets/Plugins/Android/GooglePlayGamesManifest.androidlib
  artifactKey: Guid(44f4150f398dc4f22b230f8c74866383) Importer(815301076,1909f56bfc062723c751e8b465ee728b)
Start importing Assets/Plugins/Android/GooglePlayGamesManifest.androidlib using Guid(44f4150f398dc4f22b230f8c74866383) Importer(815301076,1909f56bfc062723c751e8b465ee728b) (PreviewImporter) -> (artifact id: '00000000000000000000000000000000') in 0.0005975 seconds
Import Error Code:(4)
Message: Build asset version error: assets/plugins/android/googleplaygamesmanifest.androidlib in SourceAssetDB has modification time of '2025-12-30T21:15:24.585768Z' while content on disk has modification time of '2025-12-30T21:16:46.0029093Z'
  ERROR: Build asset version error: assets/plugins/android/googleplaygamesmanifest.androidlib in SourceAssetDB has modification time of '2025-12-30T21:15:24.585768Z' while content on disk has modification time of '2025-12-30T21:16:46.0029093Z'
Number of updated asset objects reloaded before import = 0Number of asset objects unloaded after import = 0

========================================================================
Received Import Request.
  Time since last request: 0.017045 seconds.
  path: Assets/Plugins/Android/GooglePlayGamesManifest.androidlib
  artifactKey: Guid(44f4150f398dc4f22b230f8c74866383) Importer(815301076,1909f56bfc062723c751e8b465ee728b)
Start importing Assets/Plugins/Android/GooglePlayGamesManifest.androidlib using Guid(44f4150f398dc4f22b230f8c74866383) Importer(815301076,1909f56bfc062723c751e8b465ee728b) (PreviewImporter) -> (artifact id: '00000000000000000000000000000000') in 0.000597 seconds
Import Error Code:(4)
Message: Build asset version error: assets/plugins/android/googleplaygamesmanifest.androidlib in SourceAssetDB has modification time of '2025-12-30T21:15:24.585768Z' while content on disk has modification time of '2025-12-30T21:16:46.0029093Z'
  ERROR: Build asset version error: assets/plugins/android/googleplaygamesmanifest.androidlib in SourceAssetDB has modification time of '2025-12-30T21:15:24.585768Z' while content on disk has modification time of '2025-12-30T21:16:46.0029093Z'
Number of updated asset objects reloaded before import = 0Number of asset objects unloaded after import = 0

========================================================================
Received Import Request.
  Time since last request: 0.017267 seconds.
  path: Assets/Plugins/Android/GooglePlayGamesManifest.androidlib
  artifactKey: Guid(44f4150f398dc4f22b230f8c74866383) Importer(815301076,1909f56bfc062723c751e8b465ee728b)
Start importing Assets/Plugins/Android/GooglePlayGamesManifest.androidlib using Guid(44f4150f398dc4f22b230f8c74866383) Importer(815301076,1909f56bfc062723c751e8b465ee728b) (PreviewImporter) -> (artifact id: '00000000000000000000000000000000') in 0.0006054 seconds
Import Error Code:(4)
Message: Build asset version error: assets/plugins/android/googleplaygamesmanifest.androidlib in SourceAssetDB has modification time of '2025-12-30T21:15:24.585768Z' while content on disk has modification time of '2025-12-30T21:16:46.0029093Z'
  ERROR: Build asset version error: assets/plugins/android/googleplaygamesmanifest.androidlib in SourceAssetDB has modification time of '2025-12-30T21:15:24.585768Z' while content on disk has modification time of '2025-12-30T21:16:46.0029093Z'
Number of updated asset objects reloaded before import = 0Number of asset objects unloaded after import = 0

========================================================================
Received Import Request.
  Time since last request: 0.016403 seconds.
  path: Assets/Plugins/Android/GooglePlayGamesManifest.androidlib
  artifactKey: Guid(44f4150f398dc4f22b230f8c74866383) Importer(815301076,1909f56bfc062723c751e8b465ee728b)
Start importing Assets/Plugins/Android/GooglePlayGamesManifest.androidlib using Guid(44f4150f398dc4f22b230f8c74866383) Importer(815301076,1909f56bfc062723c751e8b465ee728b) (PreviewImporter) -> (artifact id: '00000000000000000000000000000000') in 0.0005996 seconds
Import Error Code:(4)
Message: Build asset version error: assets/plugins/android/googleplaygamesmanifest.androidlib in SourceAssetDB has modification time of '2025-12-30T21:15:24.585768Z' while content on disk has modification time of '2025-12-30T21:16:46.0029093Z'
  ERROR: Build asset version error: assets/plugins/android/googleplaygamesmanifest.androidlib in SourceAssetDB has modification time of '2025-12-30T21:15:24.585768Z' while content on disk has modification time of '2025-12-30T21:16:46.0029093Z'
Number of updated asset objects reloaded before import = 0Number of asset objects unloaded after import = 0

========================================================================
Received Import Request.
  Time since last request: 0.016899 seconds.
  path: Assets/Plugins/Android/GooglePlayGamesManifest.androidlib
  artifactKey: Guid(44f4150f398dc4f22b230f8c74866383) Importer(815301076,1909f56bfc062723c751e8b465ee728b)
Start importing Assets/Plugins/Android/GooglePlayGamesManifest.androidlib using Guid(44f4150f398dc4f22b230f8c74866383) Importer(815301076,1909f56bfc062723c751e8b465ee728b) (PreviewImporter) -> (artifact id: '00000000000000000000000000000000') in 0.0011132 seconds
Import Error Code:(4)
Message: Build asset version error: assets/plugins/android/googleplaygamesmanifest.androidlib in SourceAssetDB has modification time of '2025-12-30T21:15:24.585768Z' while content on disk has modification time of '2025-12-30T21:16:46.0029093Z'
  ERROR: Build asset version error: assets/plugins/android/googleplaygamesmanifest.androidlib in SourceAssetDB has modification time of '2025-12-30T21:15:24.585768Z' while content on disk has modification time of '2025-12-30T21:16:46.0029093Z'
Number of updated asset objects reloaded before import = 0Number of asset objects unloaded after import = 0

========================================================================
Received Import Request.
  Time since last request: 0.017020 seconds.
  path: Assets/Plugins/Android/GooglePlayGamesManifest.androidlib
  artifactKey: Guid(44f4150f398dc4f22b230f8c74866383) Importer(815301076,1909f56bfc062723c751e8b465ee728b)
Start importing Assets/Plugins/Android/GooglePlayGamesManifest.androidlib using Guid(44f4150f398dc4f22b230f8c74866383) Importer(815301076,1909f56bfc062723c751e8b465ee728b) (PreviewImporter) -> (artifact id: '00000000000000000000000000000000') in 0.0008922 seconds
Import Error Code:(4)
Message: Build asset version error: assets/plugins/android/googleplaygamesmanifest.androidlib in SourceAssetDB has modification time of '2025-12-30T21:15:24.585768Z' while content on disk has modification time of '2025-12-30T21:16:46.0029093Z'
  ERROR: Build asset version error: assets/plugins/android/googleplaygamesmanifest.androidlib in SourceAssetDB has modification time of '2025-12-30T21:15:24.585768Z' while content on disk has modification time of '2025-12-30T21:16:46.0029093Z'
Number of updated asset objects reloaded before import = 0Number of asset objects unloaded after import = 0

========================================================================
Received Import Request.
  Time since last request: 0.017511 seconds.
  path: Assets/Plugins/Android/GooglePlayGamesManifest.androidlib
  artifactKey: Guid(44f4150f398dc4f22b230f8c74866383) Importer(815301076,1909f56bfc062723c751e8b465ee728b)
Start importing Assets/Plugins/Android/GooglePlayGamesManifest.androidlib using Guid(44f4150f398dc4f22b230f8c74866383) Importer(815301076,1909f56bfc062723c751e8b465ee728b) (PreviewImporter) -> (artifact id: '00000000000000000000000000000000') in 0.0006064 seconds
Import Error Code:(4)
Message: Build asset version error: assets/plugins/android/googleplaygamesmanifest.androidlib in SourceAssetDB has modification time of '2025-12-30T21:15:24.585768Z' while content on disk has modification time of '2025-12-30T21:16:46.0029093Z'
  ERROR: Build asset version error: assets/plugins/android/googleplaygamesmanifest.androidlib in SourceAssetDB has modification time of '2025-12-30T21:15:24.585768Z' while content on disk has modification time of '2025-12-30T21:16:46.0029093Z'
Number of updated asset objects reloaded before import = 0Number of asset objects unloaded after import = 0

========================================================================
Received Import Request.
  Time since last request: 0.017028 seconds.
  path: Assets/Plugins/Android/GooglePlayGamesManifest.androidlib
  artifactKey: Guid(44f4150f398dc4f22b230f8c74866383) Importer(815301076,1909f56bfc062723c751e8b465ee728b)
Start importing Assets/Plugins/Android/GooglePlayGamesManifest.androidlib using Guid(44f4150f398dc4f22b230f8c74866383) Importer(815301076,1909f56bfc062723c751e8b465ee728b) (PreviewImporter) -> (artifact id: '00000000000000000000000000000000') in 0.0006483 seconds
Import Error Code:(4)
Message: Build asset version error: assets/plugins/android/googleplaygamesmanifest.androidlib in SourceAssetDB has modification time of '2025-12-30T21:15:24.585768Z' while content on disk has modification time of '2025-12-30T21:16:46.0029093Z'
  ERROR: Build asset version error: assets/plugins/android/googleplaygamesmanifest.androidlib in SourceAssetDB has modification time of '2025-12-30T21:15:24.585768Z' while content on disk has modification time of '2025-12-30T21:16:46.0029093Z'
Number of updated asset objects reloaded before import = 0Number of asset objects unloaded after import = 0

========================================================================
Received Import Request.
  Time since last request: 0.017957 seconds.
  path: Assets/Plugins/Android/GooglePlayGamesManifest.androidlib
  artifactKey: Guid(44f4150f398dc4f22b230f8c74866383) Importer(815301076,1909f56bfc062723c751e8b465ee728b)
Start importing Assets/Plugins/Android/GooglePlayGamesManifest.androidlib using Guid(44f4150f398dc4f22b230f8c74866383) Importer(815301076,1909f56bfc062723c751e8b465ee728b) (PreviewImporter) -> (artifact id: '00000000000000000000000000000000') in 0.0006664 seconds
Import Error Code:(4)
Message: Build asset version error: assets/plugins/android/googleplaygamesmanifest.androidlib in SourceAssetDB has modification time of '2025-12-30T21:15:24.585768Z' while content on disk has modification time of '2025-12-30T21:16:46.0029093Z'
  ERROR: Build asset version error: assets/plugins/android/googleplaygamesmanifest.androidlib in SourceAssetDB has modification time of '2025-12-30T21:15:24.585768Z' while content on disk has modification time of '2025-12-30T21:16:46.0029093Z'
Number of updated asset objects reloaded before import = 0Number of asset objects unloaded after import = 0

========================================================================
Received Import Request.
  Time since last request: 0.017652 seconds.
  path: Assets/Plugins/Android/GooglePlayGamesManifest.androidlib
  artifactKey: Guid(44f4150f398dc4f22b230f8c74866383) Importer(815301076,1909f56bfc062723c751e8b465ee728b)
Start importing Assets/Plugins/Android/GooglePlayGamesManifest.androidlib using Guid(44f4150f398dc4f22b230f8c74866383) Importer(815301076,1909f56bfc062723c751e8b465ee728b) (PreviewImporter) -> (artifact id: '00000000000000000000000000000000') in 0.000671 seconds
Import Error Code:(4)
Message: Build asset version error: assets/plugins/android/googleplaygamesmanifest.androidlib in SourceAssetDB has modification time of '2025-12-30T21:15:24.585768Z' while content on disk has modification time of '2025-12-30T21:16:46.0029093Z'
  ERROR: Build asset version error: assets/plugins/android/googleplaygamesmanifest.androidlib in SourceAssetDB has modification time of '2025-12-30T21:15:24.585768Z' while content on disk has modification time of '2025-12-30T21:16:46.0029093Z'
Number of updated asset objects reloaded before import = 0Number of asset objects unloaded after import = 0

========================================================================
Received Import Request.
  Time since last request: 0.016890 seconds.
  path: Assets/Plugins/Android/GooglePlayGamesManifest.androidlib
  artifactKey: Guid(44f4150f398dc4f22b230f8c74866383) Importer(815301076,1909f56bfc062723c751e8b465ee728b)
Start importing Assets/Plugins/Android/GooglePlayGamesManifest.androidlib using Guid(44f4150f398dc4f22b230f8c74866383) Importer(815301076,1909f56bfc062723c751e8b465ee728b) (PreviewImporter) -> (artifact id: '00000000000000000000000000000000') in 0.0007405 seconds
Import Error Code:(4)
Message: Build asset version error: assets/plugins/android/googleplaygamesmanifest.androidlib in SourceAssetDB has modification time of '2025-12-30T21:15:24.585768Z' while content on disk has modification time of '2025-12-30T21:16:46.0029093Z'
  ERROR: Build asset version error: assets/plugins/android/googleplaygamesmanifest.androidlib in SourceAssetDB has modification time of '2025-12-30T21:15:24.585768Z' while content on disk has modification time of '2025-12-30T21:16:46.0029093Z'
Number of updated asset objects reloaded before import = 0Number of asset objects unloaded after import = 0

========================================================================
Received Import Request.
  Time since last request: 0.016932 seconds.
  path: Assets/Plugins/Android/GooglePlayGamesManifest.androidlib
  artifactKey: Guid(44f4150f398dc4f22b230f8c74866383) Importer(815301076,1909f56bfc062723c751e8b465ee728b)
Start importing Assets/Plugins/Android/GooglePlayGamesManifest.androidlib using Guid(44f4150f398dc4f22b230f8c74866383) Importer(815301076,1909f56bfc062723c751e8b465ee728b) (PreviewImporter) -> (artifact id: '00000000000000000000000000000000') in 0.0006502 seconds
Import Error Code:(4)
Message: Build asset version error: assets/plugins/android/googleplaygamesmanifest.androidlib in SourceAssetDB has modification time of '2025-12-30T21:15:24.585768Z' while content on disk has modification time of '2025-12-30T21:16:46.0029093Z'
  ERROR: Build asset version error: assets/plugins/android/googleplaygamesmanifest.androidlib in SourceAssetDB has modification time of '2025-12-30T21:15:24.585768Z' while content on disk has modification time of '2025-12-30T21:16:46.0029093Z'
Number of updated asset objects reloaded before import = 0Number of asset objects unloaded after import = 0

========================================================================
Received Import Request.
  Time since last request: 0.017487 seconds.
  path: Assets/Plugins/Android/GooglePlayGamesManifest.androidlib
  artifactKey: Guid(44f4150f398dc4f22b230f8c74866383) Importer(815301076,1909f56bfc062723c751e8b465ee728b)
Start importing Assets/Plugins/Android/GooglePlayGamesManifest.androidlib using Guid(44f4150f398dc4f22b230f8c74866383) Importer(815301076,1909f56bfc062723c751e8b465ee728b) (PreviewImporter) -> (artifact id: '00000000000000000000000000000000') in 0.0005985 seconds
Import Error Code:(4)
Message: Build asset version error: assets/plugins/android/googleplaygamesmanifest.androidlib in SourceAssetDB has modification time of '2025-12-30T21:15:24.585768Z' while content on disk has modification time of '2025-12-30T21:16:46.0029093Z'
  ERROR: Build asset version error: assets/plugins/android/googleplaygamesmanifest.androidlib in SourceAssetDB has modification time of '2025-12-30T21:15:24.585768Z' while content on disk has modification time of '2025-12-30T21:16:46.0029093Z'
Number of updated asset objects reloaded before import = 0Number of asset objects unloaded after import = 0

========================================================================
Received Import Request.
  Time since last request: 0.017179 seconds.
  path: Assets/Plugins/Android/GooglePlayGamesManifest.androidlib
  artifactKey: Guid(44f4150f398dc4f22b230f8c74866383) Importer(815301076,1909f56bfc062723c751e8b465ee728b)
Start importing Assets/Plugins/Android/GooglePlayGamesManifest.androidlib using Guid(44f4150f398dc4f22b230f8c74866383) Importer(815301076,1909f56bfc062723c751e8b465ee728b) (PreviewImporter) -> (artifact id: '00000000000000000000000000000000') in 0.0229502 seconds
Import Error Code:(4)
Message: Build asset version error: assets/plugins/android/googleplaygamesmanifest.androidlib in SourceAssetDB has modification time of '2025-12-30T21:15:24.585768Z' while content on disk has modification time of '2025-12-30T21:16:46.0029093Z'
  ERROR: Build asset version error: assets/plugins/android/googleplaygamesmanifest.androidlib in SourceAssetDB has modification time of '2025-12-30T21:15:24.585768Z' while content on disk has modification time of '2025-12-30T21:16:46.0029093Z'
Number of updated asset objects reloaded before import = 0Number of asset objects unloaded after import = 0

========================================================================
Received Import Request.
  Time since last request: 0.016265 seconds.
  path: Assets/Plugins/Android/GooglePlayGamesManifest.androidlib
  artifactKey: Guid(44f4150f398dc4f22b230f8c74866383) Importer(815301076,1909f56bfc062723c751e8b465ee728b)
Start importing Assets/Plugins/Android/GooglePlayGamesManifest.androidlib using Guid(44f4150f398dc4f22b230f8c74866383) Importer(815301076,1909f56bfc062723c751e8b465ee728b) (PreviewImporter) -> (artifact id: '00000000000000000000000000000000') in 0.0006628 seconds
Import Error Code:(4)
Message: Build asset version error: assets/plugins/android/googleplaygamesmanifest.androidlib in SourceAssetDB has modification time of '2025-12-30T21:15:24.585768Z' while content on disk has modification time of '2025-12-30T21:16:46.0029093Z'
  ERROR: Build asset version error: assets/plugins/android/googleplaygamesmanifest.androidlib in SourceAssetDB has modification time of '2025-12-30T21:15:24.585768Z' while content on disk has modification time of '2025-12-30T21:16:46.0029093Z'
Number of updated asset objects reloaded before import = 0Number of asset objects unloaded after import = 0

========================================================================
Received Import Request.
  Time since last request: 0.017285 seconds.
  path: Assets/Plugins/Android/GooglePlayGamesManifest.androidlib
  artifactKey: Guid(44f4150f398dc4f22b230f8c74866383) Importer(815301076,1909f56bfc062723c751e8b465ee728b)
Start importing Assets/Plugins/Android/GooglePlayGamesManifest.androidlib using Guid(44f4150f398dc4f22b230f8c74866383) Importer(815301076,1909f56bfc062723c751e8b465ee728b) (PreviewImporter) -> (artifact id: '00000000000000000000000000000000') in 0.0007245 seconds
Import Error Code:(4)
Message: Build asset version error: assets/plugins/android/googleplaygamesmanifest.androidlib in SourceAssetDB has modification time of '2025-12-30T21:15:24.585768Z' while content on disk has modification time of '2025-12-30T21:16:46.0029093Z'
  ERROR: Build asset version error: assets/plugins/android/googleplaygamesmanifest.androidlib in SourceAssetDB has modification time of '2025-12-30T21:15:24.585768Z' while content on disk has modification time of '2025-12-30T21:16:46.0029093Z'
Number of updated asset objects reloaded before import = 0Number of asset objects unloaded after import = 0

========================================================================
Received Import Request.
  Time since last request: 0.017937 seconds.
  path: Assets/Plugins/Android/GooglePlayGamesManifest.androidlib
  artifactKey: Guid(44f4150f398dc4f22b230f8c74866383) Importer(815301076,1909f56bfc062723c751e8b465ee728b)
Start importing Assets/Plugins/Android/GooglePlayGamesManifest.androidlib using Guid(44f4150f398dc4f22b230f8c74866383) Importer(815301076,1909f56bfc062723c751e8b465ee728b) (PreviewImporter) -> (artifact id: '00000000000000000000000000000000') in 0.0006614 seconds
Import Error Code:(4)
Message: Build asset version error: assets/plugins/android/googleplaygamesmanifest.androidlib in SourceAssetDB has modification time of '2025-12-30T21:15:24.585768Z' while content on disk has modification time of '2025-12-30T21:16:46.0029093Z'
  ERROR: Build asset version error: assets/plugins/android/googleplaygamesmanifest.androidlib in SourceAssetDB has modification time of '2025-12-30T21:15:24.585768Z' while content on disk has modification time of '2025-12-30T21:16:46.0029093Z'
Number of updated asset objects reloaded before import = 0Number of asset objects unloaded after import = 0

========================================================================
Received Import Request.
  Time since last request: 0.017140 seconds.
  path: Assets/Plugins/Android/GooglePlayGamesManifest.androidlib
  artifactKey: Guid(44f4150f398dc4f22b230f8c74866383) Importer(815301076,1909f56bfc062723c751e8b465ee728b)
Start importing Assets/Plugins/Android/GooglePlayGamesManifest.androidlib using Guid(44f4150f398dc4f22b230f8c74866383) Importer(815301076,1909f56bfc062723c751e8b465ee728b) (PreviewImporter) -> (artifact id: '00000000000000000000000000000000') in 0.0006279 seconds
Import Error Code:(4)
Message: Build asset version error: assets/plugins/android/googleplaygamesmanifest.androidlib in SourceAssetDB has modification time of '2025-12-30T21:15:24.585768Z' while content on disk has modification time of '2025-12-30T21:16:46.0029093Z'
  ERROR: Build asset version error: assets/plugins/android/googleplaygamesmanifest.androidlib in SourceAssetDB has modification time of '2025-12-30T21:15:24.585768Z' while content on disk has modification time of '2025-12-30T21:16:46.0029093Z'
Number of updated asset objects reloaded before import = 0Number of asset objects unloaded after import = 0

========================================================================
Received Import Request.
  Time since last request: 0.016819 seconds.
  path: Assets/Plugins/Android/GooglePlayGamesManifest.androidlib
  artifactKey: Guid(44f4150f398dc4f22b230f8c74866383) Importer(815301076,1909f56bfc062723c751e8b465ee728b)
Start importing Assets/Plugins/Android/GooglePlayGamesManifest.androidlib using Guid(44f4150f398dc4f22b230f8c74866383) Importer(815301076,1909f56bfc062723c751e8b465ee728b) (PreviewImporter) -> (artifact id: '00000000000000000000000000000000') in 0.0006851 seconds
Import Error Code:(4)
Message: Build asset version error: assets/plugins/android/googleplaygamesmanifest.androidlib in SourceAssetDB has modification time of '2025-12-30T21:15:24.585768Z' while content on disk has modification time of '2025-12-30T21:16:46.0029093Z'
  ERROR: Build asset version error: assets/plugins/android/googleplaygamesmanifest.androidlib in SourceAssetDB has modification time of '2025-12-30T21:15:24.585768Z' while content on disk has modification time of '2025-12-30T21:16:46.0029093Z'
Number of updated asset objects reloaded before import = 0Number of asset objects unloaded after import = 0

========================================================================
Received Import Request.
  Time since last request: 0.017466 seconds.
  path: Assets/Plugins/Android/GooglePlayGamesManifest.androidlib
  artifactKey: Guid(44f4150f398dc4f22b230f8c74866383) Importer(815301076,1909f56bfc062723c751e8b465ee728b)
Start importing Assets/Plugins/Android/GooglePlayGamesManifest.androidlib using Guid(44f4150f398dc4f22b230f8c74866383) Importer(815301076,1909f56bfc062723c751e8b465ee728b) (PreviewImporter) -> (artifact id: '00000000000000000000000000000000') in 0.0006762 seconds
Import Error Code:(4)
Message: Build asset version error: assets/plugins/android/googleplaygamesmanifest.androidlib in SourceAssetDB has modification time of '2025-12-30T21:15:24.585768Z' while content on disk has modification time of '2025-12-30T21:16:46.0029093Z'
  ERROR: Build asset version error: assets/plugins/android/googleplaygamesmanifest.androidlib in SourceAssetDB has modification time of '2025-12-30T21:15:24.585768Z' while content on disk has modification time of '2025-12-30T21:16:46.0029093Z'
Number of updated asset objects reloaded before import = 0Number of asset objects unloaded after import = 0

========================================================================
Received Import Request.
  Time since last request: 0.017362 seconds.
  path: Assets/Plugins/Android/GooglePlayGamesManifest.androidlib
  artifactKey: Guid(44f4150f398dc4f22b230f8c74866383) Importer(815301076,1909f56bfc062723c751e8b465ee728b)
Start importing Assets/Plugins/Android/GooglePlayGamesManifest.androidlib using Guid(44f4150f398dc4f22b230f8c74866383) Importer(815301076,1909f56bfc062723c751e8b465ee728b) (PreviewImporter) -> (artifact id: '00000000000000000000000000000000') in 0.0006598 seconds
Import Error Code:(4)
Message: Build asset version error: assets/plugins/android/googleplaygamesmanifest.androidlib in SourceAssetDB has modification time of '2025-12-30T21:15:24.585768Z' while content on disk has modification time of '2025-12-30T21:16:46.0029093Z'
  ERROR: Build asset version error: assets/plugins/android/googleplaygamesmanifest.androidlib in SourceAssetDB has modification time of '2025-12-30T21:15:24.585768Z' while content on disk has modification time of '2025-12-30T21:16:46.0029093Z'
Number of updated asset objects reloaded before import = 0Number of asset objects unloaded after import = 0

========================================================================
Received Import Request.
  Time since last request: 0.017207 seconds.
  path: Assets/Plugins/Android/GooglePlayGamesManifest.androidlib
  artifactKey: Guid(44f4150f398dc4f22b230f8c74866383) Importer(815301076,1909f56bfc062723c751e8b465ee728b)
Start importing Assets/Plugins/Android/GooglePlayGamesManifest.androidlib using Guid(44f4150f398dc4f22b230f8c74866383) Importer(815301076,1909f56bfc062723c751e8b465ee728b) (PreviewImporter) -> (artifact id: '00000000000000000000000000000000') in 0.0006069 seconds
Import Error Code:(4)
Message: Build asset version error: assets/plugins/android/googleplaygamesmanifest.androidlib in SourceAssetDB has modification time of '2025-12-30T21:15:24.585768Z' while content on disk has modification time of '2025-12-30T21:16:46.0029093Z'
  ERROR: Build asset version error: assets/plugins/android/googleplaygamesmanifest.androidlib in SourceAssetDB has modification time of '2025-12-30T21:15:24.585768Z' while content on disk has modification time of '2025-12-30T21:16:46.0029093Z'
Number of updated asset objects reloaded before import = 0Number of asset objects unloaded after import = 0

========================================================================
Received Import Request.
  Time since last request: 0.016740 seconds.
  path: Assets/Plugins/Android/GooglePlayGamesManifest.androidlib
  artifactKey: Guid(44f4150f398dc4f22b230f8c74866383) Importer(815301076,1909f56bfc062723c751e8b465ee728b)
Start importing Assets/Plugins/Android/GooglePlayGamesManifest.androidlib using Guid(44f4150f398dc4f22b230f8c74866383) Importer(815301076,1909f56bfc062723c751e8b465ee728b) (PreviewImporter) -> (artifact id: '00000000000000000000000000000000') in 0.0005637 seconds
Import Error Code:(4)
Message: Build asset version error: assets/plugins/android/googleplaygamesmanifest.androidlib in SourceAssetDB has modification time of '2025-12-30T21:15:24.585768Z' while content on disk has modification time of '2025-12-30T21:16:46.0029093Z'
  ERROR: Build asset version error: assets/plugins/android/googleplaygamesmanifest.androidlib in SourceAssetDB has modification time of '2025-12-30T21:15:24.585768Z' while content on disk has modification time of '2025-12-30T21:16:46.0029093Z'
Number of updated asset objects reloaded before import = 0Number of asset objects unloaded after import = 0

========================================================================
Received Import Request.
  Time since last request: 0.017570 seconds.
  path: Assets/Plugins/Android/GooglePlayGamesManifest.androidlib
  artifactKey: Guid(44f4150f398dc4f22b230f8c74866383) Importer(815301076,1909f56bfc062723c751e8b465ee728b)
Start importing Assets/Plugins/Android/GooglePlayGamesManifest.androidlib using Guid(44f4150f398dc4f22b230f8c74866383) Importer(815301076,1909f56bfc062723c751e8b465ee728b) (PreviewImporter) -> (artifact id: '00000000000000000000000000000000') in 0.0006377 seconds
Import Error Code:(4)
Message: Build asset version error: assets/plugins/android/googleplaygamesmanifest.androidlib in SourceAssetDB has modification time of '2025-12-30T21:15:24.585768Z' while content on disk has modification time of '2025-12-30T21:16:46.0029093Z'
  ERROR: Build asset version error: assets/plugins/android/googleplaygamesmanifest.androidlib in SourceAssetDB has modification time of '2025-12-30T21:15:24.585768Z' while content on disk has modification time of '2025-12-30T21:16:46.0029093Z'
Number of updated asset objects reloaded before import = 0Number of asset objects unloaded after import = 0

========================================================================
Received Import Request.
  Time since last request: 0.017337 seconds.
  path: Assets/Plugins/Android/GooglePlayGamesManifest.androidlib
  artifactKey: Guid(44f4150f398dc4f22b230f8c74866383) Importer(815301076,1909f56bfc062723c751e8b465ee728b)
Start importing Assets/Plugins/Android/GooglePlayGamesManifest.androidlib using Guid(44f4150f398dc4f22b230f8c74866383) Importer(815301076,1909f56bfc062723c751e8b465ee728b) (PreviewImporter) -> (artifact id: '00000000000000000000000000000000') in 0.0006217 seconds
Import Error Code:(4)
Message: Build asset version error: assets/plugins/android/googleplaygamesmanifest.androidlib in SourceAssetDB has modification time of '2025-12-30T21:15:24.585768Z' while content on disk has modification time of '2025-12-30T21:16:46.0029093Z'
  ERROR: Build asset version error: assets/plugins/android/googleplaygamesmanifest.androidlib in SourceAssetDB has modification time of '2025-12-30T21:15:24.585768Z' while content on disk has modification time of '2025-12-30T21:16:46.0029093Z'
Number of updated asset objects reloaded before import = 0Number of asset objects unloaded after import = 0

========================================================================
Received Import Request.
  Time since last request: 0.018130 seconds.
  path: Assets/Plugins/Android/GooglePlayGamesManifest.androidlib
  artifactKey: Guid(44f4150f398dc4f22b230f8c74866383) Importer(815301076,1909f56bfc062723c751e8b465ee728b)
Start importing Assets/Plugins/Android/GooglePlayGamesManifest.androidlib using Guid(44f4150f398dc4f22b230f8c74866383) Importer(815301076,1909f56bfc062723c751e8b465ee728b) (PreviewImporter) -> (artifact id: '00000000000000000000000000000000') in 0.0006019 seconds
Import Error Code:(4)
Message: Build asset version error: assets/plugins/android/googleplaygamesmanifest.androidlib in SourceAssetDB has modification time of '2025-12-30T21:15:24.585768Z' while content on disk has modification time of '2025-12-30T21:16:46.0029093Z'
  ERROR: Build asset version error: assets/plugins/android/googleplaygamesmanifest.androidlib in SourceAssetDB has modification time of '2025-12-30T21:15:24.585768Z' while content on disk has modification time of '2025-12-30T21:16:46.0029093Z'
Number of updated asset objects reloaded before import = 0Number of asset objects unloaded after import = 0

========================================================================
Received Import Request.
  Time since last request: 0.017631 seconds.
  path: Assets/Plugins/Android/GooglePlayGamesManifest.androidlib
  artifactKey: Guid(44f4150f398dc4f22b230f8c74866383) Importer(815301076,1909f56bfc062723c751e8b465ee728b)
Start importing Assets/Plugins/Android/GooglePlayGamesManifest.androidlib using Guid(44f4150f398dc4f22b230f8c74866383) Importer(815301076,1909f56bfc062723c751e8b465ee728b) (PreviewImporter) -> (artifact id: '00000000000000000000000000000000') in 0.0008915 seconds
Import Error Code:(4)
Message: Build asset version error: assets/plugins/android/googleplaygamesmanifest.androidlib in SourceAssetDB has modification time of '2025-12-30T21:15:24.585768Z' while content on disk has modification time of '2025-12-30T21:16:46.0029093Z'
  ERROR: Build asset version error: assets/plugins/android/googleplaygamesmanifest.androidlib in SourceAssetDB has modification time of '2025-12-30T21:15:24.585768Z' while content on disk has modification time of '2025-12-30T21:16:46.0029093Z'
Number of updated asset objects reloaded before import = 0Number of asset objects unloaded after import = 0

========================================================================
Received Import Request.
  Time since last request: 0.019274 seconds.
  path: Assets/Plugins/Android/GooglePlayGamesManifest.androidlib
  artifactKey: Guid(44f4150f398dc4f22b230f8c74866383) Importer(815301076,1909f56bfc062723c751e8b465ee728b)
Start importing Assets/Plugins/Android/GooglePlayGamesManifest.androidlib using Guid(44f4150f398dc4f22b230f8c74866383) Importer(815301076,1909f56bfc062723c751e8b465ee728b) (PreviewImporter) -> (artifact id: '00000000000000000000000000000000') in 0.0007432 seconds
Import Error Code:(4)
Message: Build asset version error: assets/plugins/android/googleplaygamesmanifest.androidlib in SourceAssetDB has modification time of '2025-12-30T21:15:24.585768Z' while content on disk has modification time of '2025-12-30T21:16:46.0029093Z'
  ERROR: Build asset version error: assets/plugins/android/googleplaygamesmanifest.androidlib in SourceAssetDB has modification time of '2025-12-30T21:15:24.585768Z' while content on disk has modification time of '2025-12-30T21:16:46.0029093Z'
Number of updated asset objects reloaded before import = 0Number of asset objects unloaded after import = 0

========================================================================
Received Import Request.
  Time since last request: 0.017452 seconds.
  path: Assets/Plugins/Android/GooglePlayGamesManifest.androidlib
  artifactKey: Guid(44f4150f398dc4f22b230f8c74866383) Importer(815301076,1909f56bfc062723c751e8b465ee728b)
Start importing Assets/Plugins/Android/GooglePlayGamesManifest.androidlib using Guid(44f4150f398dc4f22b230f8c74866383) Importer(815301076,1909f56bfc062723c751e8b465ee728b) (PreviewImporter) -> (artifact id: '00000000000000000000000000000000') in 0.0005793 seconds
Import Error Code:(4)
Message: Build asset version error: assets/plugins/android/googleplaygamesmanifest.androidlib in SourceAssetDB has modification time of '2025-12-30T21:15:24.585768Z' while content on disk has modification time of '2025-12-30T21:16:46.0029093Z'
  ERROR: Build asset version error: assets/plugins/android/googleplaygamesmanifest.androidlib in SourceAssetDB has modification time of '2025-12-30T21:15:24.585768Z' while content on disk has modification time of '2025-12-30T21:16:46.0029093Z'
Number of updated asset objects reloaded before import = 0Number of asset objects unloaded after import = 0

========================================================================
Received Import Request.
  Time since last request: 0.019146 seconds.
  path: Assets/Plugins/Android/GooglePlayGamesManifest.androidlib
  artifactKey: Guid(44f4150f398dc4f22b230f8c74866383) Importer(815301076,1909f56bfc062723c751e8b465ee728b)
Start importing Assets/Plugins/Android/GooglePlayGamesManifest.androidlib using Guid(44f4150f398dc4f22b230f8c74866383) Importer(815301076,1909f56bfc062723c751e8b465ee728b) (PreviewImporter) -> (artifact id: '00000000000000000000000000000000') in 0.0006427 seconds
Import Error Code:(4)
Message: Build asset version error: assets/plugins/android/googleplaygamesmanifest.androidlib in SourceAssetDB has modification time of '2025-12-30T21:15:24.585768Z' while content on disk has modification time of '2025-12-30T21:16:46.0029093Z'
  ERROR: Build asset version error: assets/plugins/android/googleplaygamesmanifest.androidlib in SourceAssetDB has modification time of '2025-12-30T21:15:24.585768Z' while content on disk has modification time of '2025-12-30T21:16:46.0029093Z'
Number of updated asset objects reloaded before import = 0Number of asset objects unloaded after import = 0

========================================================================
Received Import Request.
  Time since last request: 0.017286 seconds.
  path: Assets/Plugins/Android/GooglePlayGamesManifest.androidlib
  artifactKey: Guid(44f4150f398dc4f22b230f8c74866383) Importer(815301076,1909f56bfc062723c751e8b465ee728b)
Start importing Assets/Plugins/Android/GooglePlayGamesManifest.androidlib using Guid(44f4150f398dc4f22b230f8c74866383) Importer(815301076,1909f56bfc062723c751e8b465ee728b) (PreviewImporter) -> (artifact id: '00000000000000000000000000000000') in 0.0006565 seconds
Import Error Code:(4)
Message: Build asset version error: assets/plugins/android/googleplaygamesmanifest.androidlib in SourceAssetDB has modification time of '2025-12-30T21:15:24.585768Z' while content on disk has modification time of '2025-12-30T21:16:46.0029093Z'
  ERROR: Build asset version error: assets/plugins/android/googleplaygamesmanifest.androidlib in SourceAssetDB has modification time of '2025-12-30T21:15:24.585768Z' while content on disk has modification time of '2025-12-30T21:16:46.0029093Z'
Number of updated asset objects reloaded before import = 0Number of asset objects unloaded after import = 0

========================================================================
Received Import Request.
  Time since last request: 0.017664 seconds.
  path: Assets/Plugins/Android/GooglePlayGamesManifest.androidlib
  artifactKey: Guid(44f4150f398dc4f22b230f8c74866383) Importer(815301076,1909f56bfc062723c751e8b465ee728b)
Start importing Assets/Plugins/Android/GooglePlayGamesManifest.androidlib using Guid(44f4150f398dc4f22b230f8c74866383) Importer(815301076,1909f56bfc062723c751e8b465ee728b) (PreviewImporter) -> (artifact id: '00000000000000000000000000000000') in 0.0006888 seconds
Import Error Code:(4)
Message: Build asset version error: assets/plugins/android/googleplaygamesmanifest.androidlib in SourceAssetDB has modification time of '2025-12-30T21:15:24.585768Z' while content on disk has modification time of '2025-12-30T21:16:46.0029093Z'
  ERROR: Build asset version error: assets/plugins/android/googleplaygamesmanifest.androidlib in SourceAssetDB has modification time of '2025-12-30T21:15:24.585768Z' while content on disk has modification time of '2025-12-30T21:16:46.0029093Z'
Number of updated asset objects reloaded before import = 0Number of asset objects unloaded after import = 0

========================================================================
Received Import Request.
  Time since last request: 0.018631 seconds.
  path: Assets/Plugins/Android/GooglePlayGamesManifest.androidlib
  artifactKey: Guid(44f4150f398dc4f22b230f8c74866383) Importer(815301076,1909f56bfc062723c751e8b465ee728b)
Start importing Assets/Plugins/Android/GooglePlayGamesManifest.androidlib using Guid(44f4150f398dc4f22b230f8c74866383) Importer(815301076,1909f56bfc062723c751e8b465ee728b) (PreviewImporter) -> (artifact id: '00000000000000000000000000000000') in 0.0006829 seconds
Import Error Code:(4)
Message: Build asset version error: assets/plugins/android/googleplaygamesmanifest.androidlib in SourceAssetDB has modification time of '2025-12-30T21:15:24.585768Z' while content on disk has modification time of '2025-12-30T21:16:46.0029093Z'
  ERROR: Build asset version error: assets/plugins/android/googleplaygamesmanifest.androidlib in SourceAssetDB has modification time of '2025-12-30T21:15:24.585768Z' while content on disk has modification time of '2025-12-30T21:16:46.0029093Z'
Number of updated asset objects reloaded before import = 0Number of asset objects unloaded after import = 0

========================================================================
Received Import Request.
  Time since last request: 0.019372 seconds.
  path: Assets/Plugins/Android/GooglePlayGamesManifest.androidlib
  artifactKey: Guid(44f4150f398dc4f22b230f8c74866383) Importer(815301076,1909f56bfc062723c751e8b465ee728b)
Start importing Assets/Plugins/Android/GooglePlayGamesManifest.androidlib using Guid(44f4150f398dc4f22b230f8c74866383) Importer(815301076,1909f56bfc062723c751e8b465ee728b) (PreviewImporter) -> (artifact id: '00000000000000000000000000000000') in 0.0005417 seconds
Import Error Code:(4)
Message: Build asset version error: assets/plugins/android/googleplaygamesmanifest.androidlib in SourceAssetDB has modification time of '2025-12-30T21:15:24.585768Z' while content on disk has modification time of '2025-12-30T21:16:46.0029093Z'
  ERROR: Build asset version error: assets/plugins/android/googleplaygamesmanifest.androidlib in SourceAssetDB has modification time of '2025-12-30T21:15:24.585768Z' while content on disk has modification time of '2025-12-30T21:16:46.0029093Z'
Number of updated asset objects reloaded before import = 0Number of asset objects unloaded after import = 0

========================================================================
Received Import Request.
  Time since last request: 0.017455 seconds.
  path: Assets/Plugins/Android/GooglePlayGamesManifest.androidlib
  artifactKey: Guid(44f4150f398dc4f22b230f8c74866383) Importer(815301076,1909f56bfc062723c751e8b465ee728b)
Start importing Assets/Plugins/Android/GooglePlayGamesManifest.androidlib using Guid(44f4150f398dc4f22b230f8c74866383) Importer(815301076,1909f56bfc062723c751e8b465ee728b) (PreviewImporter) -> (artifact id: '00000000000000000000000000000000') in 0.0007886 seconds
Import Error Code:(4)
Message: Build asset version error: assets/plugins/android/googleplaygamesmanifest.androidlib in SourceAssetDB has modification time of '2025-12-30T21:15:24.585768Z' while content on disk has modification time of '2025-12-30T21:16:46.0029093Z'
  ERROR: Build asset version error: assets/plugins/android/googleplaygamesmanifest.androidlib in SourceAssetDB has modification time of '2025-12-30T21:15:24.585768Z' while content on disk has modification time of '2025-12-30T21:16:46.0029093Z'
Number of updated asset objects reloaded before import = 0Number of asset objects unloaded after import = 0

========================================================================
Received Import Request.
  Time since last request: 0.017559 seconds.
  path: Assets/Plugins/Android/GooglePlayGamesManifest.androidlib
  artifactKey: Guid(44f4150f398dc4f22b230f8c74866383) Importer(815301076,1909f56bfc062723c751e8b465ee728b)
Start importing Assets/Plugins/Android/GooglePlayGamesManifest.androidlib using Guid(44f4150f398dc4f22b230f8c74866383) Importer(815301076,1909f56bfc062723c751e8b465ee728b) (PreviewImporter) -> (artifact id: '00000000000000000000000000000000') in 0.000886 seconds
Import Error Code:(4)
Message: Build asset version error: assets/plugins/android/googleplaygamesmanifest.androidlib in SourceAssetDB has modification time of '2025-12-30T21:15:24.585768Z' while content on disk has modification time of '2025-12-30T21:16:46.0029093Z'
  ERROR: Build asset version error: assets/plugins/android/googleplaygamesmanifest.androidlib in SourceAssetDB has modification time of '2025-12-30T21:15:24.585768Z' while content on disk has modification time of '2025-12-30T21:16:46.0029093Z'
Number of updated asset objects reloaded before import = 0Number of asset objects unloaded after import = 0

========================================================================
Received Import Request.
  Time since last request: 0.016415 seconds.
  path: Assets/Plugins/Android/GooglePlayGamesManifest.androidlib
  artifactKey: Guid(44f4150f398dc4f22b230f8c74866383) Importer(815301076,1909f56bfc062723c751e8b465ee728b)
Start importing Assets/Plugins/Android/GooglePlayGamesManifest.androidlib using Guid(44f4150f398dc4f22b230f8c74866383) Importer(815301076,1909f56bfc062723c751e8b465ee728b) (PreviewImporter) -> (artifact id: '00000000000000000000000000000000') in 0.0006167 seconds
Import Error Code:(4)
Message: Build asset version error: assets/plugins/android/googleplaygamesmanifest.androidlib in SourceAssetDB has modification time of '2025-12-30T21:15:24.585768Z' while content on disk has modification time of '2025-12-30T21:16:46.0029093Z'
  ERROR: Build asset version error: assets/plugins/android/googleplaygamesmanifest.androidlib in SourceAssetDB has modification time of '2025-12-30T21:15:24.585768Z' while content on disk has modification time of '2025-12-30T21:16:46.0029093Z'
Number of updated asset objects reloaded before import = 0Number of asset objects unloaded after import = 0

========================================================================
Received Import Request.
  Time since last request: 0.017135 seconds.
  path: Assets/Plugins/Android/GooglePlayGamesManifest.androidlib
  artifactKey: Guid(44f4150f398dc4f22b230f8c74866383) Importer(815301076,1909f56bfc062723c751e8b465ee728b)
Start importing Assets/Plugins/Android/GooglePlayGamesManifest.androidlib using Guid(44f4150f398dc4f22b230f8c74866383) Importer(815301076,1909f56bfc062723c751e8b465ee728b) (PreviewImporter) -> (artifact id: '00000000000000000000000000000000') in 0.0006204 seconds
Import Error Code:(4)
Message: Build asset version error: assets/plugins/android/googleplaygamesmanifest.androidlib in SourceAssetDB has modification time of '2025-12-30T21:15:24.585768Z' while content on disk has modification time of '2025-12-30T21:16:46.0029093Z'
  ERROR: Build asset version error: assets/plugins/android/googleplaygamesmanifest.androidlib in SourceAssetDB has modification time of '2025-12-30T21:15:24.585768Z' while content on disk has modification time of '2025-12-30T21:16:46.0029093Z'
Number of updated asset objects reloaded before import = 0Number of asset objects unloaded after import = 0

========================================================================
Received Import Request.
  Time since last request: 0.016541 seconds.
  path: Assets/Plugins/Android/GooglePlayGamesManifest.androidlib
  artifactKey: Guid(44f4150f398dc4f22b230f8c74866383) Importer(815301076,1909f56bfc062723c751e8b465ee728b)
Start importing Assets/Plugins/Android/GooglePlayGamesManifest.androidlib using Guid(44f4150f398dc4f22b230f8c74866383) Importer(815301076,1909f56bfc062723c751e8b465ee728b) (PreviewImporter) -> (artifact id: '00000000000000000000000000000000') in 0.0009291 seconds
Import Error Code:(4)
Message: Build asset version error: assets/plugins/android/googleplaygamesmanifest.androidlib in SourceAssetDB has modification time of '2025-12-30T21:15:24.585768Z' while content on disk has modification time of '2025-12-30T21:16:46.0029093Z'
  ERROR: Build asset version error: assets/plugins/android/googleplaygamesmanifest.androidlib in SourceAssetDB has modification time of '2025-12-30T21:15:24.585768Z' while content on disk has modification time of '2025-12-30T21:16:46.0029093Z'
Number of updated asset objects reloaded before import = 0Number of asset objects unloaded after import = 0

========================================================================
Received Import Request.
  Time since last request: 0.017355 seconds.
  path: Assets/Plugins/Android/GooglePlayGamesManifest.androidlib
  artifactKey: Guid(44f4150f398dc4f22b230f8c74866383) Importer(815301076,1909f56bfc062723c751e8b465ee728b)
Start importing Assets/Plugins/Android/GooglePlayGamesManifest.androidlib using Guid(44f4150f398dc4f22b230f8c74866383) Importer(815301076,1909f56bfc062723c751e8b465ee728b) (PreviewImporter) -> (artifact id: '00000000000000000000000000000000') in 0.0006565 seconds
Import Error Code:(4)
Message: Build asset version error: assets/plugins/android/googleplaygamesmanifest.androidlib in SourceAssetDB has modification time of '2025-12-30T21:15:24.585768Z' while content on disk has modification time of '2025-12-30T21:16:46.0029093Z'
  ERROR: Build asset version error: assets/plugins/android/googleplaygamesmanifest.androidlib in SourceAssetDB has modification time of '2025-12-30T21:15:24.585768Z' while content on disk has modification time of '2025-12-30T21:16:46.0029093Z'
Number of updated asset objects reloaded before import = 0Number of asset objects unloaded after import = 0

========================================================================
Received Import Request.
  Time since last request: 0.017508 seconds.
  path: Assets/Plugins/Android/GooglePlayGamesManifest.androidlib
  artifactKey: Guid(44f4150f398dc4f22b230f8c74866383) Importer(815301076,1909f56bfc062723c751e8b465ee728b)
Start importing Assets/Plugins/Android/GooglePlayGamesManifest.androidlib using Guid(44f4150f398dc4f22b230f8c74866383) Importer(815301076,1909f56bfc062723c751e8b465ee728b) (PreviewImporter) -> (artifact id: '00000000000000000000000000000000') in 0.0006426 seconds
Import Error Code:(4)
Message: Build asset version error: assets/plugins/android/googleplaygamesmanifest.androidlib in SourceAssetDB has modification time of '2025-12-30T21:15:24.585768Z' while content on disk has modification time of '2025-12-30T21:16:46.0029093Z'
  ERROR: Build asset version error: assets/plugins/android/googleplaygamesmanifest.androidlib in SourceAssetDB has modification time of '2025-12-30T21:15:24.585768Z' while content on disk has modification time of '2025-12-30T21:16:46.0029093Z'
Number of updated asset objects reloaded before import = 0Number of asset objects unloaded after import = 0

========================================================================
Received Import Request.
  Time since last request: 0.016891 seconds.
  path: Assets/Plugins/Android/GooglePlayGamesManifest.androidlib
  artifactKey: Guid(44f4150f398dc4f22b230f8c74866383) Importer(815301076,1909f56bfc062723c751e8b465ee728b)
Start importing Assets/Plugins/Android/GooglePlayGamesManifest.androidlib using Guid(44f4150f398dc4f22b230f8c74866383) Importer(815301076,1909f56bfc062723c751e8b465ee728b) (PreviewImporter) -> (artifact id: '00000000000000000000000000000000') in 0.0008069 seconds
Import Error Code:(4)
Message: Build asset version error: assets/plugins/android/googleplaygamesmanifest.androidlib in SourceAssetDB has modification time of '2025-12-30T21:15:24.585768Z' while content on disk has modification time of '2025-12-30T21:16:46.0029093Z'
  ERROR: Build asset version error: assets/plugins/android/googleplaygamesmanifest.androidlib in SourceAssetDB has modification time of '2025-12-30T21:15:24.585768Z' while content on disk has modification time of '2025-12-30T21:16:46.0029093Z'
Number of updated asset objects reloaded before import = 0Number of asset objects unloaded after import = 0

========================================================================
Received Import Request.
  Time since last request: 0.017550 seconds.
  path: Assets/Plugins/Android/GooglePlayGamesManifest.androidlib
  artifactKey: Guid(44f4150f398dc4f22b230f8c74866383) Importer(815301076,1909f56bfc062723c751e8b465ee728b)
Start importing Assets/Plugins/Android/GooglePlayGamesManifest.androidlib using Guid(44f4150f398dc4f22b230f8c74866383) Importer(815301076,1909f56bfc062723c751e8b465ee728b) (PreviewImporter) -> (artifact id: '00000000000000000000000000000000') in 0.00058 seconds
Import Error Code:(4)
Message: Build asset version error: assets/plugins/android/googleplaygamesmanifest.androidlib in SourceAssetDB has modification time of '2025-12-30T21:15:24.585768Z' while content on disk has modification time of '2025-12-30T21:16:46.0029093Z'
  ERROR: Build asset version error: assets/plugins/android/googleplaygamesmanifest.androidlib in SourceAssetDB has modification time of '2025-12-30T21:15:24.585768Z' while content on disk has modification time of '2025-12-30T21:16:46.0029093Z'
Number of updated asset objects reloaded before import = 0Number of asset objects unloaded after import = 0

========================================================================
Received Import Request.
  Time since last request: 0.017751 seconds.
  path: Assets/Plugins/Android/GooglePlayGamesManifest.androidlib
  artifactKey: Guid(44f4150f398dc4f22b230f8c74866383) Importer(815301076,1909f56bfc062723c751e8b465ee728b)
Start importing Assets/Plugins/Android/GooglePlayGamesManifest.androidlib using Guid(44f4150f398dc4f22b230f8c74866383) Importer(815301076,1909f56bfc062723c751e8b465ee728b) (PreviewImporter) -> (artifact id: '00000000000000000000000000000000') in 0.000606 seconds
Import Error Code:(4)
Message: Build asset version error: assets/plugins/android/googleplaygamesmanifest.androidlib in SourceAssetDB has modification time of '2025-12-30T21:15:24.585768Z' while content on disk has modification time of '2025-12-30T21:16:46.0029093Z'
  ERROR: Build asset version error: assets/plugins/android/googleplaygamesmanifest.androidlib in SourceAssetDB has modification time of '2025-12-30T21:15:24.585768Z' while content on disk has modification time of '2025-12-30T21:16:46.0029093Z'
Number of updated asset objects reloaded before import = 0Number of asset objects unloaded after import = 0

========================================================================
Received Import Request.
  Time since last request: 0.017335 seconds.
  path: Assets/Plugins/Android/GooglePlayGamesManifest.androidlib
  artifactKey: Guid(44f4150f398dc4f22b230f8c74866383) Importer(815301076,1909f56bfc062723c751e8b465ee728b)
Start importing Assets/Plugins/Android/GooglePlayGamesManifest.androidlib using Guid(44f4150f398dc4f22b230f8c74866383) Importer(815301076,1909f56bfc062723c751e8b465ee728b) (PreviewImporter) -> (artifact id: '00000000000000000000000000000000') in 0.0006657 seconds
Import Error Code:(4)
Message: Build asset version error: assets/plugins/android/googleplaygamesmanifest.androidlib in SourceAssetDB has modification time of '2025-12-30T21:15:24.585768Z' while content on disk has modification time of '2025-12-30T21:16:46.0029093Z'
  ERROR: Build asset version error: assets/plugins/android/googleplaygamesmanifest.androidlib in SourceAssetDB has modification time of '2025-12-30T21:15:24.585768Z' while content on disk has modification time of '2025-12-30T21:16:46.0029093Z'
Number of updated asset objects reloaded before import = 0Number of asset objects unloaded after import = 0

========================================================================
Received Import Request.
  Time since last request: 0.017075 seconds.
  path: Assets/Plugins/Android/GooglePlayGamesManifest.androidlib
  artifactKey: Guid(44f4150f398dc4f22b230f8c74866383) Importer(815301076,1909f56bfc062723c751e8b465ee728b)
Start importing Assets/Plugins/Android/GooglePlayGamesManifest.androidlib using Guid(44f4150f398dc4f22b230f8c74866383) Importer(815301076,1909f56bfc062723c751e8b465ee728b) (PreviewImporter) -> (artifact id: '00000000000000000000000000000000') in 0.0005967 seconds
Import Error Code:(4)
Message: Build asset version error: assets/plugins/android/googleplaygamesmanifest.androidlib in SourceAssetDB has modification time of '2025-12-30T21:15:24.585768Z' while content on disk has modification time of '2025-12-30T21:16:46.0029093Z'
  ERROR: Build asset version error: assets/plugins/android/googleplaygamesmanifest.androidlib in SourceAssetDB has modification time of '2025-12-30T21:15:24.585768Z' while content on disk has modification time of '2025-12-30T21:16:46.0029093Z'
Number of updated asset objects reloaded before import = 0Number of asset objects unloaded after import = 0

========================================================================
Received Import Request.
  Time since last request: 0.018978 seconds.
  path: Assets/Plugins/Android/GooglePlayGamesManifest.androidlib
  artifactKey: Guid(44f4150f398dc4f22b230f8c74866383) Importer(815301076,1909f56bfc062723c751e8b465ee728b)
Start importing Assets/Plugins/Android/GooglePlayGamesManifest.androidlib using Guid(44f4150f398dc4f22b230f8c74866383) Importer(815301076,1909f56bfc062723c751e8b465ee728b) (PreviewImporter) -> (artifact id: '00000000000000000000000000000000') in 0.0006998 seconds
Import Error Code:(4)
Message: Build asset version error: assets/plugins/android/googleplaygamesmanifest.androidlib in SourceAssetDB has modification time of '2025-12-30T21:15:24.585768Z' while content on disk has modification time of '2025-12-30T21:16:46.0029093Z'
  ERROR: Build asset version error: assets/plugins/android/googleplaygamesmanifest.androidlib in SourceAssetDB has modification time of '2025-12-30T21:15:24.585768Z' while content on disk has modification time of '2025-12-30T21:16:46.0029093Z'
Number of updated asset objects reloaded before import = 0Number of asset objects unloaded after import = 0

========================================================================
Received Import Request.
  Time since last request: 0.017701 seconds.
  path: Assets/Plugins/Android/GooglePlayGamesManifest.androidlib
  artifactKey: Guid(44f4150f398dc4f22b230f8c74866383) Importer(815301076,1909f56bfc062723c751e8b465ee728b)
Start importing Assets/Plugins/Android/GooglePlayGamesManifest.androidlib using Guid(44f4150f398dc4f22b230f8c74866383) Importer(815301076,1909f56bfc062723c751e8b465ee728b) (PreviewImporter) -> (artifact id: '00000000000000000000000000000000') in 0.000798 seconds
Import Error Code:(4)
Message: Build asset version error: assets/plugins/android/googleplaygamesmanifest.androidlib in SourceAssetDB has modification time of '2025-12-30T21:15:24.585768Z' while content on disk has modification time of '2025-12-30T21:16:46.0029093Z'
  ERROR: Build asset version error: assets/plugins/android/googleplaygamesmanifest.androidlib in SourceAssetDB has modification time of '2025-12-30T21:15:24.585768Z' while content on disk has modification time of '2025-12-30T21:16:46.0029093Z'
Number of updated asset objects reloaded before import = 0Number of asset objects unloaded after import = 0

========================================================================
Received Import Request.
  Time since last request: 0.017565 seconds.
  path: Assets/Plugins/Android/GooglePlayGamesManifest.androidlib
  artifactKey: Guid(44f4150f398dc4f22b230f8c74866383) Importer(815301076,1909f56bfc062723c751e8b465ee728b)
Start importing Assets/Plugins/Android/GooglePlayGamesManifest.androidlib using Guid(44f4150f398dc4f22b230f8c74866383) Importer(815301076,1909f56bfc062723c751e8b465ee728b) (PreviewImporter) -> (artifact id: '00000000000000000000000000000000') in 0.0006182 seconds
Import Error Code:(4)
Message: Build asset version error: assets/plugins/android/googleplaygamesmanifest.androidlib in SourceAssetDB has modification time of '2025-12-30T21:15:24.585768Z' while content on disk has modification time of '2025-12-30T21:16:46.0029093Z'
  ERROR: Build asset version error: assets/plugins/android/googleplaygamesmanifest.androidlib in SourceAssetDB has modification time of '2025-12-30T21:15:24.585768Z' while content on disk has modification time of '2025-12-30T21:16:46.0029093Z'
Number of updated asset objects reloaded before import = 0Number of asset objects unloaded after import = 0

========================================================================
Received Import Request.
  Time since last request: 0.016814 seconds.
  path: Assets/Plugins/Android/GooglePlayGamesManifest.androidlib
  artifactKey: Guid(44f4150f398dc4f22b230f8c74866383) Importer(815301076,1909f56bfc062723c751e8b465ee728b)
Start importing Assets/Plugins/Android/GooglePlayGamesManifest.androidlib using Guid(44f4150f398dc4f22b230f8c74866383) Importer(815301076,1909f56bfc062723c751e8b465ee728b) (PreviewImporter) -> (artifact id: '00000000000000000000000000000000') in 0.0005845 seconds
Import Error Code:(4)
Message: Build asset version error: assets/plugins/android/googleplaygamesmanifest.androidlib in SourceAssetDB has modification time of '2025-12-30T21:15:24.585768Z' while content on disk has modification time of '2025-12-30T21:16:46.0029093Z'
  ERROR: Build asset version error: assets/plugins/android/googleplaygamesmanifest.androidlib in SourceAssetDB has modification time of '2025-12-30T21:15:24.585768Z' while content on disk has modification time of '2025-12-30T21:16:46.0029093Z'
Number of updated asset objects reloaded before import = 0Number of asset objects unloaded after import = 0

========================================================================
Received Import Request.
  Time since last request: 0.017650 seconds.
  path: Assets/Plugins/Android/GooglePlayGamesManifest.androidlib
  artifactKey: Guid(44f4150f398dc4f22b230f8c74866383) Importer(815301076,1909f56bfc062723c751e8b465ee728b)
Start importing Assets/Plugins/Android/GooglePlayGamesManifest.androidlib using Guid(44f4150f398dc4f22b230f8c74866383) Importer(815301076,1909f56bfc062723c751e8b465ee728b) (PreviewImporter) -> (artifact id: '00000000000000000000000000000000') in 0.0006729 seconds
Import Error Code:(4)
Message: Build asset version error: assets/plugins/android/googleplaygamesmanifest.androidlib in SourceAssetDB has modification time of '2025-12-30T21:15:24.585768Z' while content on disk has modification time of '2025-12-30T21:16:46.0029093Z'
  ERROR: Build asset version error: assets/plugins/android/googleplaygamesmanifest.androidlib in SourceAssetDB has modification time of '2025-12-30T21:15:24.585768Z' while content on disk has modification time of '2025-12-30T21:16:46.0029093Z'
Number of updated asset objects reloaded before import = 0Number of asset objects unloaded after import = 0

========================================================================
Received Import Request.
  Time since last request: 0.017664 seconds.
  path: Assets/Plugins/Android/GooglePlayGamesManifest.androidlib
  artifactKey: Guid(44f4150f398dc4f22b230f8c74866383) Importer(815301076,1909f56bfc062723c751e8b465ee728b)
Start importing Assets/Plugins/Android/GooglePlayGamesManifest.androidlib using Guid(44f4150f398dc4f22b230f8c74866383) Importer(815301076,1909f56bfc062723c751e8b465ee728b) (PreviewImporter) -> (artifact id: '00000000000000000000000000000000') in 0.0007368 seconds
Import Error Code:(4)
Message: Build asset version error: assets/plugins/android/googleplaygamesmanifest.androidlib in SourceAssetDB has modification time of '2025-12-30T21:15:24.585768Z' while content on disk has modification time of '2025-12-30T21:16:46.0029093Z'
  ERROR: Build asset version error: assets/plugins/android/googleplaygamesmanifest.androidlib in SourceAssetDB has modification time of '2025-12-30T21:15:24.585768Z' while content on disk has modification time of '2025-12-30T21:16:46.0029093Z'
Number of updated asset objects reloaded before import = 0Number of asset objects unloaded after import = 0

========================================================================
Received Import Request.
  Time since last request: 0.017907 seconds.
  path: Assets/Plugins/Android/GooglePlayGamesManifest.androidlib
  artifactKey: Guid(44f4150f398dc4f22b230f8c74866383) Importer(815301076,1909f56bfc062723c751e8b465ee728b)
Start importing Assets/Plugins/Android/GooglePlayGamesManifest.androidlib using Guid(44f4150f398dc4f22b230f8c74866383) Importer(815301076,1909f56bfc062723c751e8b465ee728b) (PreviewImporter) -> (artifact id: '00000000000000000000000000000000') in 0.0006606 seconds
Import Error Code:(4)
Message: Build asset version error: assets/plugins/android/googleplaygamesmanifest.androidlib in SourceAssetDB has modification time of '2025-12-30T21:15:24.585768Z' while content on disk has modification time of '2025-12-30T21:16:46.0029093Z'
  ERROR: Build asset version error: assets/plugins/android/googleplaygamesmanifest.androidlib in SourceAssetDB has modification time of '2025-12-30T21:15:24.585768Z' while content on disk has modification time of '2025-12-30T21:16:46.0029093Z'
Number of updated asset objects reloaded before import = 0Number of asset objects unloaded after import = 0

========================================================================
Received Import Request.
  Time since last request: 0.016969 seconds.
  path: Assets/Plugins/Android/GooglePlayGamesManifest.androidlib
  artifactKey: Guid(44f4150f398dc4f22b230f8c74866383) Importer(815301076,1909f56bfc062723c751e8b465ee728b)
Start importing Assets/Plugins/Android/GooglePlayGamesManifest.androidlib using Guid(44f4150f398dc4f22b230f8c74866383) Importer(815301076,1909f56bfc062723c751e8b465ee728b) (PreviewImporter) -> (artifact id: '00000000000000000000000000000000') in 0.000591 seconds
Import Error Code:(4)
Message: Build asset version error: assets/plugins/android/googleplaygamesmanifest.androidlib in SourceAssetDB has modification time of '2025-12-30T21:15:24.585768Z' while content on disk has modification time of '2025-12-30T21:16:46.0029093Z'
  ERROR: Build asset version error: assets/plugins/android/googleplaygamesmanifest.androidlib in SourceAssetDB has modification time of '2025-12-30T21:15:24.585768Z' while content on disk has modification time of '2025-12-30T21:16:46.0029093Z'
Number of updated asset objects reloaded before import = 0Number of asset objects unloaded after import = 0

========================================================================
Received Import Request.
  Time since last request: 0.017522 seconds.
  path: Assets/Plugins/Android/GooglePlayGamesManifest.androidlib
  artifactKey: Guid(44f4150f398dc4f22b230f8c74866383) Importer(815301076,1909f56bfc062723c751e8b465ee728b)
Start importing Assets/Plugins/Android/GooglePlayGamesManifest.androidlib using Guid(44f4150f398dc4f22b230f8c74866383) Importer(815301076,1909f56bfc062723c751e8b465ee728b) (PreviewImporter) -> (artifact id: '00000000000000000000000000000000') in 0.0005845 seconds
Import Error Code:(4)
Message: Build asset version error: assets/plugins/android/googleplaygamesmanifest.androidlib in SourceAssetDB has modification time of '2025-12-30T21:15:24.585768Z' while content on disk has modification time of '2025-12-30T21:16:46.0029093Z'
  ERROR: Build asset version error: assets/plugins/android/googleplaygamesmanifest.androidlib in SourceAssetDB has modification time of '2025-12-30T21:15:24.585768Z' while content on disk has modification time of '2025-12-30T21:16:46.0029093Z'
Number of updated asset objects reloaded before import = 0Number of asset objects unloaded after import = 0

========================================================================
Received Import Request.
  Time since last request: 0.018760 seconds.
  path: Assets/Plugins/Android/GooglePlayGamesManifest.androidlib
  artifactKey: Guid(44f4150f398dc4f22b230f8c74866383) Importer(815301076,1909f56bfc062723c751e8b465ee728b)
Start importing Assets/Plugins/Android/GooglePlayGamesManifest.androidlib using Guid(44f4150f398dc4f22b230f8c74866383) Importer(815301076,1909f56bfc062723c751e8b465ee728b) (PreviewImporter) -> (artifact id: '00000000000000000000000000000000') in 0.0006591 seconds
Import Error Code:(4)
Message: Build asset version error: assets/plugins/android/googleplaygamesmanifest.androidlib in SourceAssetDB has modification time of '2025-12-30T21:15:24.585768Z' while content on disk has modification time of '2025-12-30T21:16:46.0029093Z'
  ERROR: Build asset version error: assets/plugins/android/googleplaygamesmanifest.androidlib in SourceAssetDB has modification time of '2025-12-30T21:15:24.585768Z' while content on disk has modification time of '2025-12-30T21:16:46.0029093Z'
Number of updated asset objects reloaded before import = 0Number of asset objects unloaded after import = 0

========================================================================
Received Import Request.
  Time since last request: 0.018931 seconds.
  path: Assets/Plugins/Android/GooglePlayGamesManifest.androidlib
  artifactKey: Guid(44f4150f398dc4f22b230f8c74866383) Importer(815301076,1909f56bfc062723c751e8b465ee728b)
Start importing Assets/Plugins/Android/GooglePlayGamesManifest.androidlib using Guid(44f4150f398dc4f22b230f8c74866383) Importer(815301076,1909f56bfc062723c751e8b465ee728b) (PreviewImporter) -> (artifact id: '00000000000000000000000000000000') in 0.0006366 seconds
Import Error Code:(4)
Message: Build asset version error: assets/plugins/android/googleplaygamesmanifest.androidlib in SourceAssetDB has modification time of '2025-12-30T21:15:24.585768Z' while content on disk has modification time of '2025-12-30T21:16:46.0029093Z'
  ERROR: Build asset version error: assets/plugins/android/googleplaygamesmanifest.androidlib in SourceAssetDB has modification time of '2025-12-30T21:15:24.585768Z' while content on disk has modification time of '2025-12-30T21:16:46.0029093Z'
Number of updated asset objects reloaded before import = 0Number of asset objects unloaded after import = 0

========================================================================
Received Import Request.
  Time since last request: 0.017773 seconds.
  path: Assets/Plugins/Android/GooglePlayGamesManifest.androidlib
  artifactKey: Guid(44f4150f398dc4f22b230f8c74866383) Importer(815301076,1909f56bfc062723c751e8b465ee728b)
Start importing Assets/Plugins/Android/GooglePlayGamesManifest.androidlib using Guid(44f4150f398dc4f22b230f8c74866383) Importer(815301076,1909f56bfc062723c751e8b465ee728b) (PreviewImporter) -> (artifact id: '00000000000000000000000000000000') in 0.0005949 seconds
Import Error Code:(4)
Message: Build asset version error: assets/plugins/android/googleplaygamesmanifest.androidlib in SourceAssetDB has modification time of '2025-12-30T21:15:24.585768Z' while content on disk has modification time of '2025-12-30T21:16:46.0029093Z'
  ERROR: Build asset version error: assets/plugins/android/googleplaygamesmanifest.androidlib in SourceAssetDB has modification time of '2025-12-30T21:15:24.585768Z' while content on disk has modification time of '2025-12-30T21:16:46.0029093Z'
Number of updated asset objects reloaded before import = 0Number of asset objects unloaded after import = 0

========================================================================
Received Import Request.
  Time since last request: 0.017347 seconds.
  path: Assets/Plugins/Android/GooglePlayGamesManifest.androidlib
  artifactKey: Guid(44f4150f398dc4f22b230f8c74866383) Importer(815301076,1909f56bfc062723c751e8b465ee728b)
Start importing Assets/Plugins/Android/GooglePlayGamesManifest.androidlib using Guid(44f4150f398dc4f22b230f8c74866383) Importer(815301076,1909f56bfc062723c751e8b465ee728b) (PreviewImporter) -> (artifact id: '00000000000000000000000000000000') in 0.00092 seconds
Import Error Code:(4)
Message: Build asset version error: assets/plugins/android/googleplaygamesmanifest.androidlib in SourceAssetDB has modification time of '2025-12-30T21:15:24.585768Z' while content on disk has modification time of '2025-12-30T21:16:46.0029093Z'
  ERROR: Build asset version error: assets/plugins/android/googleplaygamesmanifest.androidlib in SourceAssetDB has modification time of '2025-12-30T21:15:24.585768Z' while content on disk has modification time of '2025-12-30T21:16:46.0029093Z'
Number of updated asset objects reloaded before import = 0Number of asset objects unloaded after import = 0

========================================================================
Received Import Request.
  Time since last request: 0.018419 seconds.
  path: Assets/Plugins/Android/GooglePlayGamesManifest.androidlib
  artifactKey: Guid(44f4150f398dc4f22b230f8c74866383) Importer(815301076,1909f56bfc062723c751e8b465ee728b)
Start importing Assets/Plugins/Android/GooglePlayGamesManifest.androidlib using Guid(44f4150f398dc4f22b230f8c74866383) Importer(815301076,1909f56bfc062723c751e8b465ee728b) (PreviewImporter) -> (artifact id: '00000000000000000000000000000000') in 0.0005988 seconds
Import Error Code:(4)
Message: Build asset version error: assets/plugins/android/googleplaygamesmanifest.androidlib in SourceAssetDB has modification time of '2025-12-30T21:15:24.585768Z' while content on disk has modification time of '2025-12-30T21:16:46.0029093Z'
  ERROR: Build asset version error: assets/plugins/android/googleplaygamesmanifest.androidlib in SourceAssetDB has modification time of '2025-12-30T21:15:24.585768Z' while content on disk has modification time of '2025-12-30T21:16:46.0029093Z'
Number of updated asset objects reloaded before import = 0Number of asset objects unloaded after import = 0

========================================================================
Received Import Request.
  Time since last request: 0.018320 seconds.
  path: Assets/Plugins/Android/GooglePlayGamesManifest.androidlib
  artifactKey: Guid(44f4150f398dc4f22b230f8c74866383) Importer(815301076,1909f56bfc062723c751e8b465ee728b)
Start importing Assets/Plugins/Android/GooglePlayGamesManifest.androidlib using Guid(44f4150f398dc4f22b230f8c74866383) Importer(815301076,1909f56bfc062723c751e8b465ee728b) (PreviewImporter) -> (artifact id: '00000000000000000000000000000000') in 0.0005933 seconds
Import Error Code:(4)
Message: Build asset version error: assets/plugins/android/googleplaygamesmanifest.androidlib in SourceAssetDB has modification time of '2025-12-30T21:15:24.585768Z' while content on disk has modification time of '2025-12-30T21:16:46.0029093Z'
  ERROR: Build asset version error: assets/plugins/android/googleplaygamesmanifest.androidlib in SourceAssetDB has modification time of '2025-12-30T21:15:24.585768Z' while content on disk has modification time of '2025-12-30T21:16:46.0029093Z'
Number of updated asset objects reloaded before import = 0Number of asset objects unloaded after import = 0

========================================================================
Received Import Request.
  Time since last request: 0.017178 seconds.
  path: Assets/Plugins/Android/GooglePlayGamesManifest.androidlib
  artifactKey: Guid(44f4150f398dc4f22b230f8c74866383) Importer(815301076,1909f56bfc062723c751e8b465ee728b)
Start importing Assets/Plugins/Android/GooglePlayGamesManifest.androidlib using Guid(44f4150f398dc4f22b230f8c74866383) Importer(815301076,1909f56bfc062723c751e8b465ee728b) (PreviewImporter) -> (artifact id: '00000000000000000000000000000000') in 0.0006417 seconds
Import Error Code:(4)
Message: Build asset version error: assets/plugins/android/googleplaygamesmanifest.androidlib in SourceAssetDB has modification time of '2025-12-30T21:15:24.585768Z' while content on disk has modification time of '2025-12-30T21:16:46.0029093Z'
  ERROR: Build asset version error: assets/plugins/android/googleplaygamesmanifest.androidlib in SourceAssetDB has modification time of '2025-12-30T21:15:24.585768Z' while content on disk has modification time of '2025-12-30T21:16:46.0029093Z'
Number of updated asset objects reloaded before import = 0Number of asset objects unloaded after import = 0

========================================================================
Received Import Request.
  Time since last request: 0.018246 seconds.
  path: Assets/Plugins/Android/GooglePlayGamesManifest.androidlib
  artifactKey: Guid(44f4150f398dc4f22b230f8c74866383) Importer(815301076,1909f56bfc062723c751e8b465ee728b)
Start importing Assets/Plugins/Android/GooglePlayGamesManifest.androidlib using Guid(44f4150f398dc4f22b230f8c74866383) Importer(815301076,1909f56bfc062723c751e8b465ee728b) (PreviewImporter) -> (artifact id: '00000000000000000000000000000000') in 0.0005702 seconds
Import Error Code:(4)
Message: Build asset version error: assets/plugins/android/googleplaygamesmanifest.androidlib in SourceAssetDB has modification time of '2025-12-30T21:15:24.585768Z' while content on disk has modification time of '2025-12-30T21:16:46.0029093Z'
  ERROR: Build asset version error: assets/plugins/android/googleplaygamesmanifest.androidlib in SourceAssetDB has modification time of '2025-12-30T21:15:24.585768Z' while content on disk has modification time of '2025-12-30T21:16:46.0029093Z'
Number of updated asset objects reloaded before import = 0Number of asset objects unloaded after import = 0

========================================================================
Received Import Request.
  Time since last request: 0.018231 seconds.
  path: Assets/Plugins/Android/GooglePlayGamesManifest.androidlib
  artifactKey: Guid(44f4150f398dc4f22b230f8c74866383) Importer(815301076,1909f56bfc062723c751e8b465ee728b)
Start importing Assets/Plugins/Android/GooglePlayGamesManifest.androidlib using Guid(44f4150f398dc4f22b230f8c74866383) Importer(815301076,1909f56bfc062723c751e8b465ee728b) (PreviewImporter) -> (artifact id: '00000000000000000000000000000000') in 0.0008635 seconds
Import Error Code:(4)
Message: Build asset version error: assets/plugins/android/googleplaygamesmanifest.androidlib in SourceAssetDB has modification time of '2025-12-30T21:15:24.585768Z' while content on disk has modification time of '2025-12-30T21:16:46.0029093Z'
  ERROR: Build asset version error: assets/plugins/android/googleplaygamesmanifest.androidlib in SourceAssetDB has modification time of '2025-12-30T21:15:24.585768Z' while content on disk has modification time of '2025-12-30T21:16:46.0029093Z'
Number of updated asset objects reloaded before import = 0Number of asset objects unloaded after import = 0

========================================================================
Received Import Request.
  Time since last request: 0.017518 seconds.
  path: Assets/Plugins/Android/GooglePlayGamesManifest.androidlib
  artifactKey: Guid(44f4150f398dc4f22b230f8c74866383) Importer(815301076,1909f56bfc062723c751e8b465ee728b)
Start importing Assets/Plugins/Android/GooglePlayGamesManifest.androidlib using Guid(44f4150f398dc4f22b230f8c74866383) Importer(815301076,1909f56bfc062723c751e8b465ee728b) (PreviewImporter) -> (artifact id: '00000000000000000000000000000000') in 0.0007984 seconds
Import Error Code:(4)
Message: Build asset version error: assets/plugins/android/googleplaygamesmanifest.androidlib in SourceAssetDB has modification time of '2025-12-30T21:15:24.585768Z' while content on disk has modification time of '2025-12-30T21:16:46.0029093Z'
  ERROR: Build asset version error: assets/plugins/android/googleplaygamesmanifest.androidlib in SourceAssetDB has modification time of '2025-12-30T21:15:24.585768Z' while content on disk has modification time of '2025-12-30T21:16:46.0029093Z'
Number of updated asset objects reloaded before import = 0Number of asset objects unloaded after import = 0

========================================================================
Received Import Request.
  Time since last request: 0.018245 seconds.
  path: Assets/Plugins/Android/GooglePlayGamesManifest.androidlib
  artifactKey: Guid(44f4150f398dc4f22b230f8c74866383) Importer(815301076,1909f56bfc062723c751e8b465ee728b)
Start importing Assets/Plugins/Android/GooglePlayGamesManifest.androidlib using Guid(44f4150f398dc4f22b230f8c74866383) Importer(815301076,1909f56bfc062723c751e8b465ee728b) (PreviewImporter) -> (artifact id: '00000000000000000000000000000000') in 0.0006202 seconds
Import Error Code:(4)
Message: Build asset version error: assets/plugins/android/googleplaygamesmanifest.androidlib in SourceAssetDB has modification time of '2025-12-30T21:15:24.585768Z' while content on disk has modification time of '2025-12-30T21:16:46.0029093Z'
  ERROR: Build asset version error: assets/plugins/android/googleplaygamesmanifest.androidlib in SourceAssetDB has modification time of '2025-12-30T21:15:24.585768Z' while content on disk has modification time of '2025-12-30T21:16:46.0029093Z'
Number of updated asset objects reloaded before import = 0Number of asset objects unloaded after import = 0

========================================================================
Received Import Request.
  Time since last request: 0.018898 seconds.
  path: Assets/Plugins/Android/GooglePlayGamesManifest.androidlib
  artifactKey: Guid(44f4150f398dc4f22b230f8c74866383) Importer(815301076,1909f56bfc062723c751e8b465ee728b)
Start importing Assets/Plugins/Android/GooglePlayGamesManifest.androidlib using Guid(44f4150f398dc4f22b230f8c74866383) Importer(815301076,1909f56bfc062723c751e8b465ee728b) (PreviewImporter) -> (artifact id: '00000000000000000000000000000000') in 0.0006251 seconds
Import Error Code:(4)
Message: Build asset version error: assets/plugins/android/googleplaygamesmanifest.androidlib in SourceAssetDB has modification time of '2025-12-30T21:15:24.585768Z' while content on disk has modification time of '2025-12-30T21:16:46.0029093Z'
  ERROR: Build asset version error: assets/plugins/android/googleplaygamesmanifest.androidlib in SourceAssetDB has modification time of '2025-12-30T21:15:24.585768Z' while content on disk has modification time of '2025-12-30T21:16:46.0029093Z'
Number of updated asset objects reloaded before import = 0Number of asset objects unloaded after import = 0

========================================================================
Received Import Request.
  Time since last request: 0.016568 seconds.
  path: Assets/Plugins/Android/GooglePlayGamesManifest.androidlib
  artifactKey: Guid(44f4150f398dc4f22b230f8c74866383) Importer(815301076,1909f56bfc062723c751e8b465ee728b)
Start importing Assets/Plugins/Android/GooglePlayGamesManifest.androidlib using Guid(44f4150f398dc4f22b230f8c74866383) Importer(815301076,1909f56bfc062723c751e8b465ee728b) (PreviewImporter) -> (artifact id: '00000000000000000000000000000000') in 0.0006458 seconds
Import Error Code:(4)
Message: Build asset version error: assets/plugins/android/googleplaygamesmanifest.androidlib in SourceAssetDB has modification time of '2025-12-30T21:15:24.585768Z' while content on disk has modification time of '2025-12-30T21:16:46.0029093Z'
  ERROR: Build asset version error: assets/plugins/android/googleplaygamesmanifest.androidlib in SourceAssetDB has modification time of '2025-12-30T21:15:24.585768Z' while content on disk has modification time of '2025-12-30T21:16:46.0029093Z'
Number of updated asset objects reloaded before import = 0Number of asset objects unloaded after import = 0

========================================================================
Received Import Request.
  Time since last request: 0.018615 seconds.
  path: Assets/Plugins/Android/GooglePlayGamesManifest.androidlib
  artifactKey: Guid(44f4150f398dc4f22b230f8c74866383) Importer(815301076,1909f56bfc062723c751e8b465ee728b)
Start importing Assets/Plugins/Android/GooglePlayGamesManifest.androidlib using Guid(44f4150f398dc4f22b230f8c74866383) Importer(815301076,1909f56bfc062723c751e8b465ee728b) (PreviewImporter) -> (artifact id: '00000000000000000000000000000000') in 0.0006103 seconds
Import Error Code:(4)
Message: Build asset version error: assets/plugins/android/googleplaygamesmanifest.androidlib in SourceAssetDB has modification time of '2025-12-30T21:15:24.585768Z' while content on disk has modification time of '2025-12-30T21:16:46.0029093Z'
  ERROR: Build asset version error: assets/plugins/android/googleplaygamesmanifest.androidlib in SourceAssetDB has modification time of '2025-12-30T21:15:24.585768Z' while content on disk has modification time of '2025-12-30T21:16:46.0029093Z'
Number of updated asset objects reloaded before import = 0Number of asset objects unloaded after import = 0

========================================================================
Received Import Request.
  Time since last request: 0.016895 seconds.
  path: Assets/Plugins/Android/GooglePlayGamesManifest.androidlib
  artifactKey: Guid(44f4150f398dc4f22b230f8c74866383) Importer(815301076,1909f56bfc062723c751e8b465ee728b)
Start importing Assets/Plugins/Android/GooglePlayGamesManifest.androidlib using Guid(44f4150f398dc4f22b230f8c74866383) Importer(815301076,1909f56bfc062723c751e8b465ee728b) (PreviewImporter) -> (artifact id: '00000000000000000000000000000000') in 0.0006044 seconds
Import Error Code:(4)
Message: Build asset version error: assets/plugins/android/googleplaygamesmanifest.androidlib in SourceAssetDB has modification time of '2025-12-30T21:15:24.585768Z' while content on disk has modification time of '2025-12-30T21:16:46.0029093Z'
  ERROR: Build asset version error: assets/plugins/android/googleplaygamesmanifest.androidlib in SourceAssetDB has modification time of '2025-12-30T21:15:24.585768Z' while content on disk has modification time of '2025-12-30T21:16:46.0029093Z'
Number of updated asset objects reloaded before import = 0Number of asset objects unloaded after import = 0

========================================================================
Received Import Request.
  Time since last request: 0.016657 seconds.
  path: Assets/Plugins/Android/GooglePlayGamesManifest.androidlib
  artifactKey: Guid(44f4150f398dc4f22b230f8c74866383) Importer(815301076,1909f56bfc062723c751e8b465ee728b)
Start importing Assets/Plugins/Android/GooglePlayGamesManifest.androidlib using Guid(44f4150f398dc4f22b230f8c74866383) Importer(815301076,1909f56bfc062723c751e8b465ee728b) (PreviewImporter) -> (artifact id: '00000000000000000000000000000000') in 0.0005783 seconds
Import Error Code:(4)
Message: Build asset version error: assets/plugins/android/googleplaygamesmanifest.androidlib in SourceAssetDB has modification time of '2025-12-30T21:15:24.585768Z' while content on disk has modification time of '2025-12-30T21:16:46.0029093Z'
  ERROR: Build asset version error: assets/plugins/android/googleplaygamesmanifest.androidlib in SourceAssetDB has modification time of '2025-12-30T21:15:24.585768Z' while content on disk has modification time of '2025-12-30T21:16:46.0029093Z'
Number of updated asset objects reloaded before import = 0Number of asset objects unloaded after import = 0

========================================================================
Received Import Request.
  Time since last request: 0.015464 seconds.
  path: Assets/Plugins/Android/GooglePlayGamesManifest.androidlib
  artifactKey: Guid(44f4150f398dc4f22b230f8c74866383) Importer(815301076,1909f56bfc062723c751e8b465ee728b)
Start importing Assets/Plugins/Android/GooglePlayGamesManifest.androidlib using Guid(44f4150f398dc4f22b230f8c74866383) Importer(815301076,1909f56bfc062723c751e8b465ee728b) (PreviewImporter) -> (artifact id: '00000000000000000000000000000000') in 0.0007672 seconds
Import Error Code:(4)
Message: Build asset version error: assets/plugins/android/googleplaygamesmanifest.androidlib in SourceAssetDB has modification time of '2025-12-30T21:15:24.585768Z' while content on disk has modification time of '2025-12-30T21:16:46.0029093Z'
  ERROR: Build asset version error: assets/plugins/android/googleplaygamesmanifest.androidlib in SourceAssetDB has modification time of '2025-12-30T21:15:24.585768Z' while content on disk has modification time of '2025-12-30T21:16:46.0029093Z'
Number of updated asset objects reloaded before import = 0Number of asset objects unloaded after import = 0

========================================================================
Received Import Request.
  Time since last request: 0.016994 seconds.
  path: Assets/Plugins/Android/GooglePlayGamesManifest.androidlib
  artifactKey: Guid(44f4150f398dc4f22b230f8c74866383) Importer(815301076,1909f56bfc062723c751e8b465ee728b)
Start importing Assets/Plugins/Android/GooglePlayGamesManifest.androidlib using Guid(44f4150f398dc4f22b230f8c74866383) Importer(815301076,1909f56bfc062723c751e8b465ee728b) (PreviewImporter) -> (artifact id: '00000000000000000000000000000000') in 0.0006256 seconds
Import Error Code:(4)
Message: Build asset version error: assets/plugins/android/googleplaygamesmanifest.androidlib in SourceAssetDB has modification time of '2025-12-30T21:15:24.585768Z' while content on disk has modification time of '2025-12-30T21:16:46.0029093Z'
  ERROR: Build asset version error: assets/plugins/android/googleplaygamesmanifest.androidlib in SourceAssetDB has modification time of '2025-12-30T21:15:24.585768Z' while content on disk has modification time of '2025-12-30T21:16:46.0029093Z'
Number of updated asset objects reloaded before import = 0Number of asset objects unloaded after import = 0

========================================================================
Received Import Request.
  Time since last request: 0.017863 seconds.
  path: Assets/Plugins/Android/GooglePlayGamesManifest.androidlib
  artifactKey: Guid(44f4150f398dc4f22b230f8c74866383) Importer(815301076,1909f56bfc062723c751e8b465ee728b)
Start importing Assets/Plugins/Android/GooglePlayGamesManifest.androidlib using Guid(44f4150f398dc4f22b230f8c74866383) Importer(815301076,1909f56bfc062723c751e8b465ee728b) (PreviewImporter) -> (artifact id: '00000000000000000000000000000000') in 0.0007755 seconds
Import Error Code:(4)
Message: Build asset version error: assets/plugins/android/googleplaygamesmanifest.androidlib in SourceAssetDB has modification time of '2025-12-30T21:15:24.585768Z' while content on disk has modification time of '2025-12-30T21:16:46.0029093Z'
  ERROR: Build asset version error: assets/plugins/android/googleplaygamesmanifest.androidlib in SourceAssetDB has modification time of '2025-12-30T21:15:24.585768Z' while content on disk has modification time of '2025-12-30T21:16:46.0029093Z'
Number of updated asset objects reloaded before import = 0Number of asset objects unloaded after import = 0

========================================================================
Received Import Request.
  Time since last request: 0.017192 seconds.
  path: Assets/Plugins/Android/GooglePlayGamesManifest.androidlib
  artifactKey: Guid(44f4150f398dc4f22b230f8c74866383) Importer(815301076,1909f56bfc062723c751e8b465ee728b)
Start importing Assets/Plugins/Android/GooglePlayGamesManifest.androidlib using Guid(44f4150f398dc4f22b230f8c74866383) Importer(815301076,1909f56bfc062723c751e8b465ee728b) (PreviewImporter) -> (artifact id: '00000000000000000000000000000000') in 0.0005885 seconds
Import Error Code:(4)
Message: Build asset version error: assets/plugins/android/googleplaygamesmanifest.androidlib in SourceAssetDB has modification time of '2025-12-30T21:15:24.585768Z' while content on disk has modification time of '2025-12-30T21:16:46.0029093Z'
  ERROR: Build asset version error: assets/plugins/android/googleplaygamesmanifest.androidlib in SourceAssetDB has modification time of '2025-12-30T21:15:24.585768Z' while content on disk has modification time of '2025-12-30T21:16:46.0029093Z'
Number of updated asset objects reloaded before import = 0Number of asset objects unloaded after import = 0

========================================================================
Received Import Request.
  Time since last request: 0.017629 seconds.
  path: Assets/Plugins/Android/GooglePlayGamesManifest.androidlib
  artifactKey: Guid(44f4150f398dc4f22b230f8c74866383) Importer(815301076,1909f56bfc062723c751e8b465ee728b)
Start importing Assets/Plugins/Android/GooglePlayGamesManifest.androidlib using Guid(44f4150f398dc4f22b230f8c74866383) Importer(815301076,1909f56bfc062723c751e8b465ee728b) (PreviewImporter) -> (artifact id: '00000000000000000000000000000000') in 0.0005782 seconds
Import Error Code:(4)
Message: Build asset version error: assets/plugins/android/googleplaygamesmanifest.androidlib in SourceAssetDB has modification time of '2025-12-30T21:15:24.585768Z' while content on disk has modification time of '2025-12-30T21:16:46.0029093Z'
  ERROR: Build asset version error: assets/plugins/android/googleplaygamesmanifest.androidlib in SourceAssetDB has modification time of '2025-12-30T21:15:24.585768Z' while content on disk has modification time of '2025-12-30T21:16:46.0029093Z'
Number of updated asset objects reloaded before import = 0Number of asset objects unloaded after import = 0

========================================================================
Received Import Request.
  Time since last request: 0.016681 seconds.
  path: Assets/Plugins/Android/GooglePlayGamesManifest.androidlib
  artifactKey: Guid(44f4150f398dc4f22b230f8c74866383) Importer(815301076,1909f56bfc062723c751e8b465ee728b)
Start importing Assets/Plugins/Android/GooglePlayGamesManifest.androidlib using Guid(44f4150f398dc4f22b230f8c74866383) Importer(815301076,1909f56bfc062723c751e8b465ee728b) (PreviewImporter) -> (artifact id: '00000000000000000000000000000000') in 0.0006458 seconds
Import Error Code:(4)
Message: Build asset version error: assets/plugins/android/googleplaygamesmanifest.androidlib in SourceAssetDB has modification time of '2025-12-30T21:15:24.585768Z' while content on disk has modification time of '2025-12-30T21:16:46.0029093Z'
  ERROR: Build asset version error: assets/plugins/android/googleplaygamesmanifest.androidlib in SourceAssetDB has modification time of '2025-12-30T21:15:24.585768Z' while content on disk has modification time of '2025-12-30T21:16:46.0029093Z'
Number of updated asset objects reloaded before import = 0Number of asset objects unloaded after import = 0

========================================================================
Received Import Request.
  Time since last request: 0.017381 seconds.
  path: Assets/Plugins/Android/GooglePlayGamesManifest.androidlib
  artifactKey: Guid(44f4150f398dc4f22b230f8c74866383) Importer(815301076,1909f56bfc062723c751e8b465ee728b)
Start importing Assets/Plugins/Android/GooglePlayGamesManifest.androidlib using Guid(44f4150f398dc4f22b230f8c74866383) Importer(815301076,1909f56bfc062723c751e8b465ee728b) (PreviewImporter) -> (artifact id: '00000000000000000000000000000000') in 0.0006493 seconds
Import Error Code:(4)
Message: Build asset version error: assets/plugins/android/googleplaygamesmanifest.androidlib in SourceAssetDB has modification time of '2025-12-30T21:15:24.585768Z' while content on disk has modification time of '2025-12-30T21:16:46.0029093Z'
  ERROR: Build asset version error: assets/plugins/android/googleplaygamesmanifest.androidlib in SourceAssetDB has modification time of '2025-12-30T21:15:24.585768Z' while content on disk has modification time of '2025-12-30T21:16:46.0029093Z'
Number of updated asset objects reloaded before import = 0Number of asset objects unloaded after import = 0

========================================================================
Received Import Request.
  Time since last request: 0.016732 seconds.
  path: Assets/Plugins/Android/GooglePlayGamesManifest.androidlib
  artifactKey: Guid(44f4150f398dc4f22b230f8c74866383) Importer(815301076,1909f56bfc062723c751e8b465ee728b)
Start importing Assets/Plugins/Android/GooglePlayGamesManifest.androidlib using Guid(44f4150f398dc4f22b230f8c74866383) Importer(815301076,1909f56bfc062723c751e8b465ee728b) (PreviewImporter) -> (artifact id: '00000000000000000000000000000000') in 0.0005664 seconds
Import Error Code:(4)
Message: Build asset version error: assets/plugins/android/googleplaygamesmanifest.androidlib in SourceAssetDB has modification time of '2025-12-30T21:15:24.585768Z' while content on disk has modification time of '2025-12-30T21:16:46.0029093Z'
  ERROR: Build asset version error: assets/plugins/android/googleplaygamesmanifest.androidlib in SourceAssetDB has modification time of '2025-12-30T21:15:24.585768Z' while content on disk has modification time of '2025-12-30T21:16:46.0029093Z'
Number of updated asset objects reloaded before import = 0Number of asset objects unloaded after import = 0

========================================================================
Received Import Request.
  Time since last request: 0.016950 seconds.
  path: Assets/Plugins/Android/GooglePlayGamesManifest.androidlib
  artifactKey: Guid(44f4150f398dc4f22b230f8c74866383) Importer(815301076,1909f56bfc062723c751e8b465ee728b)
Start importing Assets/Plugins/Android/GooglePlayGamesManifest.androidlib using Guid(44f4150f398dc4f22b230f8c74866383) Importer(815301076,1909f56bfc062723c751e8b465ee728b) (PreviewImporter) -> (artifact id: '00000000000000000000000000000000') in 0.0006289 seconds
Import Error Code:(4)
Message: Build asset version error: assets/plugins/android/googleplaygamesmanifest.androidlib in SourceAssetDB has modification time of '2025-12-30T21:15:24.585768Z' while content on disk has modification time of '2025-12-30T21:16:46.0029093Z'
  ERROR: Build asset version error: assets/plugins/android/googleplaygamesmanifest.androidlib in SourceAssetDB has modification time of '2025-12-30T21:15:24.585768Z' while content on disk has modification time of '2025-12-30T21:16:46.0029093Z'
Number of updated asset objects reloaded before import = 0Number of asset objects unloaded after import = 0

========================================================================
Received Import Request.
  Time since last request: 0.018470 seconds.
  path: Assets/Plugins/Android/GooglePlayGamesManifest.androidlib
  artifactKey: Guid(44f4150f398dc4f22b230f8c74866383) Importer(815301076,1909f56bfc062723c751e8b465ee728b)
Start importing Assets/Plugins/Android/GooglePlayGamesManifest.androidlib using Guid(44f4150f398dc4f22b230f8c74866383) Importer(815301076,1909f56bfc062723c751e8b465ee728b) (PreviewImporter) -> (artifact id: '00000000000000000000000000000000') in 0.0005975 seconds
Import Error Code:(4)
Message: Build asset version error: assets/plugins/android/googleplaygamesmanifest.androidlib in SourceAssetDB has modification time of '2025-12-30T21:15:24.585768Z' while content on disk has modification time of '2025-12-30T21:16:46.0029093Z'
  ERROR: Build asset version error: assets/plugins/android/googleplaygamesmanifest.androidlib in SourceAssetDB has modification time of '2025-12-30T21:15:24.585768Z' while content on disk has modification time of '2025-12-30T21:16:46.0029093Z'
Number of updated asset objects reloaded before import = 0Number of asset objects unloaded after import = 0

========================================================================
Received Import Request.
  Time since last request: 0.016635 seconds.
  path: Assets/Plugins/Android/GooglePlayGamesManifest.androidlib
  artifactKey: Guid(44f4150f398dc4f22b230f8c74866383) Importer(815301076,1909f56bfc062723c751e8b465ee728b)
Start importing Assets/Plugins/Android/GooglePlayGamesManifest.androidlib using Guid(44f4150f398dc4f22b230f8c74866383) Importer(815301076,1909f56bfc062723c751e8b465ee728b) (PreviewImporter) -> (artifact id: '00000000000000000000000000000000') in 0.0006235 seconds
Import Error Code:(4)
Message: Build asset version error: assets/plugins/android/googleplaygamesmanifest.androidlib in SourceAssetDB has modification time of '2025-12-30T21:15:24.585768Z' while content on disk has modification time of '2025-12-30T21:16:46.0029093Z'
  ERROR: Build asset version error: assets/plugins/android/googleplaygamesmanifest.androidlib in SourceAssetDB has modification time of '2025-12-30T21:15:24.585768Z' while content on disk has modification time of '2025-12-30T21:16:46.0029093Z'
Number of updated asset objects reloaded before import = 0Number of asset objects unloaded after import = 0

========================================================================
Received Import Request.
  Time since last request: 0.018509 seconds.
  path: Assets/Plugins/Android/GooglePlayGamesManifest.androidlib
  artifactKey: Guid(44f4150f398dc4f22b230f8c74866383) Importer(815301076,1909f56bfc062723c751e8b465ee728b)
Start importing Assets/Plugins/Android/GooglePlayGamesManifest.androidlib using Guid(44f4150f398dc4f22b230f8c74866383) Importer(815301076,1909f56bfc062723c751e8b465ee728b) (PreviewImporter) -> (artifact id: '00000000000000000000000000000000') in 0.0006285 seconds
Import Error Code:(4)
Message: Build asset version error: assets/plugins/android/googleplaygamesmanifest.androidlib in SourceAssetDB has modification time of '2025-12-30T21:15:24.585768Z' while content on disk has modification time of '2025-12-30T21:16:46.0029093Z'
  ERROR: Build asset version error: assets/plugins/android/googleplaygamesmanifest.androidlib in SourceAssetDB has modification time of '2025-12-30T21:15:24.585768Z' while content on disk has modification time of '2025-12-30T21:16:46.0029093Z'
Number of updated asset objects reloaded before import = 0Number of asset objects unloaded after import = 0

========================================================================
Received Import Request.
  Time since last request: 0.016730 seconds.
  path: Assets/Plugins/Android/GooglePlayGamesManifest.androidlib
  artifactKey: Guid(44f4150f398dc4f22b230f8c74866383) Importer(815301076,1909f56bfc062723c751e8b465ee728b)
Start importing Assets/Plugins/Android/GooglePlayGamesManifest.androidlib using Guid(44f4150f398dc4f22b230f8c74866383) Importer(815301076,1909f56bfc062723c751e8b465ee728b) (PreviewImporter) -> (artifact id: '00000000000000000000000000000000') in 0.000585 seconds
Import Error Code:(4)
Message: Build asset version error: assets/plugins/android/googleplaygamesmanifest.androidlib in SourceAssetDB has modification time of '2025-12-30T21:15:24.585768Z' while content on disk has modification time of '2025-12-30T21:16:46.0029093Z'
  ERROR: Build asset version error: assets/plugins/android/googleplaygamesmanifest.androidlib in SourceAssetDB has modification time of '2025-12-30T21:15:24.585768Z' while content on disk has modification time of '2025-12-30T21:16:46.0029093Z'
Number of updated asset objects reloaded before import = 0Number of asset objects unloaded after import = 0

========================================================================
Received Import Request.
  Time since last request: 0.017410 seconds.
  path: Assets/Plugins/Android/GooglePlayGamesManifest.androidlib
  artifactKey: Guid(44f4150f398dc4f22b230f8c74866383) Importer(815301076,1909f56bfc062723c751e8b465ee728b)
Start importing Assets/Plugins/Android/GooglePlayGamesManifest.androidlib using Guid(44f4150f398dc4f22b230f8c74866383) Importer(815301076,1909f56bfc062723c751e8b465ee728b) (PreviewImporter) -> (artifact id: '00000000000000000000000000000000') in 0.0006685 seconds
Import Error Code:(4)
Message: Build asset version error: assets/plugins/android/googleplaygamesmanifest.androidlib in SourceAssetDB has modification time of '2025-12-30T21:15:24.585768Z' while content on disk has modification time of '2025-12-30T21:16:46.0029093Z'
  ERROR: Build asset version error: assets/plugins/android/googleplaygamesmanifest.androidlib in SourceAssetDB has modification time of '2025-12-30T21:15:24.585768Z' while content on disk has modification time of '2025-12-30T21:16:46.0029093Z'
Number of updated asset objects reloaded before import = 0Number of asset objects unloaded after import = 0

========================================================================
Received Import Request.
  Time since last request: 0.018093 seconds.
  path: Assets/Plugins/Android/GooglePlayGamesManifest.androidlib
  artifactKey: Guid(44f4150f398dc4f22b230f8c74866383) Importer(815301076,1909f56bfc062723c751e8b465ee728b)
Start importing Assets/Plugins/Android/GooglePlayGamesManifest.androidlib using Guid(44f4150f398dc4f22b230f8c74866383) Importer(815301076,1909f56bfc062723c751e8b465ee728b) (PreviewImporter) -> (artifact id: '00000000000000000000000000000000') in 0.0006101 seconds
Import Error Code:(4)
Message: Build asset version error: assets/plugins/android/googleplaygamesmanifest.androidlib in SourceAssetDB has modification time of '2025-12-30T21:15:24.585768Z' while content on disk has modification time of '2025-12-30T21:16:46.0029093Z'
  ERROR: Build asset version error: assets/plugins/android/googleplaygamesmanifest.androidlib in SourceAssetDB has modification time of '2025-12-30T21:15:24.585768Z' while content on disk has modification time of '2025-12-30T21:16:46.0029093Z'
Number of updated asset objects reloaded before import = 0Number of asset objects unloaded after import = 0

========================================================================
Received Import Request.
  Time since last request: 0.017812 seconds.
  path: Assets/Plugins/Android/GooglePlayGamesManifest.androidlib
  artifactKey: Guid(44f4150f398dc4f22b230f8c74866383) Importer(815301076,1909f56bfc062723c751e8b465ee728b)
Start importing Assets/Plugins/Android/GooglePlayGamesManifest.androidlib using Guid(44f4150f398dc4f22b230f8c74866383) Importer(815301076,1909f56bfc062723c751e8b465ee728b) (PreviewImporter) -> (artifact id: '00000000000000000000000000000000') in 0.0006218 seconds
Import Error Code:(4)
Message: Build asset version error: assets/plugins/android/googleplaygamesmanifest.androidlib in SourceAssetDB has modification time of '2025-12-30T21:15:24.585768Z' while content on disk has modification time of '2025-12-30T21:16:46.0029093Z'
  ERROR: Build asset version error: assets/plugins/android/googleplaygamesmanifest.androidlib in SourceAssetDB has modification time of '2025-12-30T21:15:24.585768Z' while content on disk has modification time of '2025-12-30T21:16:46.0029093Z'
Number of updated asset objects reloaded before import = 0Number of asset objects unloaded after import = 0

========================================================================
Received Import Request.
  Time since last request: 0.018485 seconds.
  path: Assets/Plugins/Android/GooglePlayGamesManifest.androidlib
  artifactKey: Guid(44f4150f398dc4f22b230f8c74866383) Importer(815301076,1909f56bfc062723c751e8b465ee728b)
Start importing Assets/Plugins/Android/GooglePlayGamesManifest.androidlib using Guid(44f4150f398dc4f22b230f8c74866383) Importer(815301076,1909f56bfc062723c751e8b465ee728b) (PreviewImporter) -> (artifact id: '00000000000000000000000000000000') in 0.0006224 seconds
Import Error Code:(4)
Message: Build asset version error: assets/plugins/android/googleplaygamesmanifest.androidlib in SourceAssetDB has modification time of '2025-12-30T21:15:24.585768Z' while content on disk has modification time of '2025-12-30T21:16:46.0029093Z'
  ERROR: Build asset version error: assets/plugins/android/googleplaygamesmanifest.androidlib in SourceAssetDB has modification time of '2025-12-30T21:15:24.585768Z' while content on disk has modification time of '2025-12-30T21:16:46.0029093Z'
Number of updated asset objects reloaded before import = 0Number of asset objects unloaded after import = 0

========================================================================
Received Import Request.
  Time since last request: 0.017663 seconds.
  path: Assets/Plugins/Android/GooglePlayGamesManifest.androidlib
  artifactKey: Guid(44f4150f398dc4f22b230f8c74866383) Importer(815301076,1909f56bfc062723c751e8b465ee728b)
Start importing Assets/Plugins/Android/GooglePlayGamesManifest.androidlib using Guid(44f4150f398dc4f22b230f8c74866383) Importer(815301076,1909f56bfc062723c751e8b465ee728b) (PreviewImporter) -> (artifact id: '00000000000000000000000000000000') in 0.0006455 seconds
Import Error Code:(4)
Message: Build asset version error: assets/plugins/android/googleplaygamesmanifest.androidlib in SourceAssetDB has modification time of '2025-12-30T21:15:24.585768Z' while content on disk has modification time of '2025-12-30T21:16:46.0029093Z'
  ERROR: Build asset version error: assets/plugins/android/googleplaygamesmanifest.androidlib in SourceAssetDB has modification time of '2025-12-30T21:15:24.585768Z' while content on disk has modification time of '2025-12-30T21:16:46.0029093Z'
Number of updated asset objects reloaded before import = 0Number of asset objects unloaded after import = 0

========================================================================
Received Import Request.
  Time since last request: 0.017587 seconds.
  path: Assets/Plugins/Android/GooglePlayGamesManifest.androidlib
  artifactKey: Guid(44f4150f398dc4f22b230f8c74866383) Importer(815301076,1909f56bfc062723c751e8b465ee728b)
Start importing Assets/Plugins/Android/GooglePlayGamesManifest.androidlib using Guid(44f4150f398dc4f22b230f8c74866383) Importer(815301076,1909f56bfc062723c751e8b465ee728b) (PreviewImporter) -> (artifact id: '00000000000000000000000000000000') in 0.0008041 seconds
Import Error Code:(4)
Message: Build asset version error: assets/plugins/android/googleplaygamesmanifest.androidlib in SourceAssetDB has modification time of '2025-12-30T21:15:24.585768Z' while content on disk has modification time of '2025-12-30T21:16:46.0029093Z'
  ERROR: Build asset version error: assets/plugins/android/googleplaygamesmanifest.androidlib in SourceAssetDB has modification time of '2025-12-30T21:15:24.585768Z' while content on disk has modification time of '2025-12-30T21:16:46.0029093Z'
Number of updated asset objects reloaded before import = 0Number of asset objects unloaded after import = 0

========================================================================
Received Import Request.
  Time since last request: 0.017670 seconds.
  path: Assets/Plugins/Android/GooglePlayGamesManifest.androidlib
  artifactKey: Guid(44f4150f398dc4f22b230f8c74866383) Importer(815301076,1909f56bfc062723c751e8b465ee728b)
Start importing Assets/Plugins/Android/GooglePlayGamesManifest.androidlib using Guid(44f4150f398dc4f22b230f8c74866383) Importer(815301076,1909f56bfc062723c751e8b465ee728b) (PreviewImporter) -> (artifact id: '00000000000000000000000000000000') in 0.0006311 seconds
Import Error Code:(4)
Message: Build asset version error: assets/plugins/android/googleplaygamesmanifest.androidlib in SourceAssetDB has modification time of '2025-12-30T21:15:24.585768Z' while content on disk has modification time of '2025-12-30T21:16:46.0029093Z'
  ERROR: Build asset version error: assets/plugins/android/googleplaygamesmanifest.androidlib in SourceAssetDB has modification time of '2025-12-30T21:15:24.585768Z' while content on disk has modification time of '2025-12-30T21:16:46.0029093Z'
Number of updated asset objects reloaded before import = 0Number of asset objects unloaded after import = 0

========================================================================
Received Import Request.
  Time since last request: 0.018835 seconds.
  path: Assets/Plugins/Android/GooglePlayGamesManifest.androidlib
  artifactKey: Guid(44f4150f398dc4f22b230f8c74866383) Importer(815301076,1909f56bfc062723c751e8b465ee728b)
Start importing Assets/Plugins/Android/GooglePlayGamesManifest.androidlib using Guid(44f4150f398dc4f22b230f8c74866383) Importer(815301076,1909f56bfc062723c751e8b465ee728b) (PreviewImporter) -> (artifact id: '00000000000000000000000000000000') in 0.0006425 seconds
Import Error Code:(4)
Message: Build asset version error: assets/plugins/android/googleplaygamesmanifest.androidlib in SourceAssetDB has modification time of '2025-12-30T21:15:24.585768Z' while content on disk has modification time of '2025-12-30T21:16:46.0029093Z'
  ERROR: Build asset version error: assets/plugins/android/googleplaygamesmanifest.androidlib in SourceAssetDB has modification time of '2025-12-30T21:15:24.585768Z' while content on disk has modification time of '2025-12-30T21:16:46.0029093Z'
Number of updated asset objects reloaded before import = 0Number of asset objects unloaded after import = 0

========================================================================
Received Import Request.
  Time since last request: 0.017983 seconds.
  path: Assets/Plugins/Android/GooglePlayGamesManifest.androidlib
  artifactKey: Guid(44f4150f398dc4f22b230f8c74866383) Importer(815301076,1909f56bfc062723c751e8b465ee728b)
Start importing Assets/Plugins/Android/GooglePlayGamesManifest.androidlib using Guid(44f4150f398dc4f22b230f8c74866383) Importer(815301076,1909f56bfc062723c751e8b465ee728b) (PreviewImporter) -> (artifact id: '00000000000000000000000000000000') in 0.00071 seconds
Import Error Code:(4)
Message: Build asset version error: assets/plugins/android/googleplaygamesmanifest.androidlib in SourceAssetDB has modification time of '2025-12-30T21:15:24.585768Z' while content on disk has modification time of '2025-12-30T21:16:46.0029093Z'
  ERROR: Build asset version error: assets/plugins/android/googleplaygamesmanifest.androidlib in SourceAssetDB has modification time of '2025-12-30T21:15:24.585768Z' while content on disk has modification time of '2025-12-30T21:16:46.0029093Z'
Number of updated asset objects reloaded before import = 0Number of asset objects unloaded after import = 0

========================================================================
Received Import Request.
  Time since last request: 0.018065 seconds.
  path: Assets/Plugins/Android/GooglePlayGamesManifest.androidlib
  artifactKey: Guid(44f4150f398dc4f22b230f8c74866383) Importer(815301076,1909f56bfc062723c751e8b465ee728b)
Start importing Assets/Plugins/Android/GooglePlayGamesManifest.androidlib using Guid(44f4150f398dc4f22b230f8c74866383) Importer(815301076,1909f56bfc062723c751e8b465ee728b) (PreviewImporter) -> (artifact id: '00000000000000000000000000000000') in 0.0006612 seconds
Import Error Code:(4)
Message: Build asset version error: assets/plugins/android/googleplaygamesmanifest.androidlib in SourceAssetDB has modification time of '2025-12-30T21:15:24.585768Z' while content on disk has modification time of '2025-12-30T21:16:46.0029093Z'
  ERROR: Build asset version error: assets/plugins/android/googleplaygamesmanifest.androidlib in SourceAssetDB has modification time of '2025-12-30T21:15:24.585768Z' while content on disk has modification time of '2025-12-30T21:16:46.0029093Z'
Number of updated asset objects reloaded before import = 0Number of asset objects unloaded after import = 0

========================================================================
Received Import Request.
  Time since last request: 0.017803 seconds.
  path: Assets/Plugins/Android/GooglePlayGamesManifest.androidlib
  artifactKey: Guid(44f4150f398dc4f22b230f8c74866383) Importer(815301076,1909f56bfc062723c751e8b465ee728b)
Start importing Assets/Plugins/Android/GooglePlayGamesManifest.androidlib using Guid(44f4150f398dc4f22b230f8c74866383) Importer(815301076,1909f56bfc062723c751e8b465ee728b) (PreviewImporter) -> (artifact id: '00000000000000000000000000000000') in 0.0008806 seconds
Import Error Code:(4)
Message: Build asset version error: assets/plugins/android/googleplaygamesmanifest.androidlib in SourceAssetDB has modification time of '2025-12-30T21:15:24.585768Z' while content on disk has modification time of '2025-12-30T21:16:46.0029093Z'
  ERROR: Build asset version error: assets/plugins/android/googleplaygamesmanifest.androidlib in SourceAssetDB has modification time of '2025-12-30T21:15:24.585768Z' while content on disk has modification time of '2025-12-30T21:16:46.0029093Z'
Number of updated asset objects reloaded before import = 0Number of asset objects unloaded after import = 0

========================================================================
Received Import Request.
  Time since last request: 0.017476 seconds.
  path: Assets/Plugins/Android/GooglePlayGamesManifest.androidlib
  artifactKey: Guid(44f4150f398dc4f22b230f8c74866383) Importer(815301076,1909f56bfc062723c751e8b465ee728b)
Start importing Assets/Plugins/Android/GooglePlayGamesManifest.androidlib using Guid(44f4150f398dc4f22b230f8c74866383) Importer(815301076,1909f56bfc062723c751e8b465ee728b) (PreviewImporter) -> (artifact id: '00000000000000000000000000000000') in 0.000656 seconds
Import Error Code:(4)
Message: Build asset version error: assets/plugins/android/googleplaygamesmanifest.androidlib in SourceAssetDB has modification time of '2025-12-30T21:15:24.585768Z' while content on disk has modification time of '2025-12-30T21:16:46.0029093Z'
  ERROR: Build asset version error: assets/plugins/android/googleplaygamesmanifest.androidlib in SourceAssetDB has modification time of '2025-12-30T21:15:24.585768Z' while content on disk has modification time of '2025-12-30T21:16:46.0029093Z'
Number of updated asset objects reloaded before import = 0Number of asset objects unloaded after import = 0

========================================================================
Received Import Request.
  Time since last request: 0.018039 seconds.
  path: Assets/Plugins/Android/GooglePlayGamesManifest.androidlib
  artifactKey: Guid(44f4150f398dc4f22b230f8c74866383) Importer(815301076,1909f56bfc062723c751e8b465ee728b)
Start importing Assets/Plugins/Android/GooglePlayGamesManifest.androidlib using Guid(44f4150f398dc4f22b230f8c74866383) Importer(815301076,1909f56bfc062723c751e8b465ee728b) (PreviewImporter) -> (artifact id: '00000000000000000000000000000000') in 0.0007524 seconds
Import Error Code:(4)
Message: Build asset version error: assets/plugins/android/googleplaygamesmanifest.androidlib in SourceAssetDB has modification time of '2025-12-30T21:15:24.585768Z' while content on disk has modification time of '2025-12-30T21:16:46.0029093Z'
  ERROR: Build asset version error: assets/plugins/android/googleplaygamesmanifest.androidlib in SourceAssetDB has modification time of '2025-12-30T21:15:24.585768Z' while content on disk has modification time of '2025-12-30T21:16:46.0029093Z'
Number of updated asset objects reloaded before import = 0Number of asset objects unloaded after import = 0

========================================================================
Received Import Request.
  Time since last request: 0.017294 seconds.
  path: Assets/Plugins/Android/GooglePlayGamesManifest.androidlib
  artifactKey: Guid(44f4150f398dc4f22b230f8c74866383) Importer(815301076,1909f56bfc062723c751e8b465ee728b)
Start importing Assets/Plugins/Android/GooglePlayGamesManifest.androidlib using Guid(44f4150f398dc4f22b230f8c74866383) Importer(815301076,1909f56bfc062723c751e8b465ee728b) (PreviewImporter) -> (artifact id: '00000000000000000000000000000000') in 0.0006323 seconds
Import Error Code:(4)
Message: Build asset version error: assets/plugins/android/googleplaygamesmanifest.androidlib in SourceAssetDB has modification time of '2025-12-30T21:15:24.585768Z' while content on disk has modification time of '2025-12-30T21:16:46.0029093Z'
  ERROR: Build asset version error: assets/plugins/android/googleplaygamesmanifest.androidlib in SourceAssetDB has modification time of '2025-12-30T21:15:24.585768Z' while content on disk has modification time of '2025-12-30T21:16:46.0029093Z'
Number of updated asset objects reloaded before import = 0Number of asset objects unloaded after import = 0

========================================================================
Received Import Request.
  Time since last request: 0.016891 seconds.
  path: Assets/Plugins/Android/GooglePlayGamesManifest.androidlib
  artifactKey: Guid(44f4150f398dc4f22b230f8c74866383) Importer(815301076,1909f56bfc062723c751e8b465ee728b)
Start importing Assets/Plugins/Android/GooglePlayGamesManifest.androidlib using Guid(44f4150f398dc4f22b230f8c74866383) Importer(815301076,1909f56bfc062723c751e8b465ee728b) (PreviewImporter) -> (artifact id: '00000000000000000000000000000000') in 0.0012937 seconds
Import Error Code:(4)
Message: Build asset version error: assets/plugins/android/googleplaygamesmanifest.androidlib in SourceAssetDB has modification time of '2025-12-30T21:15:24.585768Z' while content on disk has modification time of '2025-12-30T21:16:46.0029093Z'
  ERROR: Build asset version error: assets/plugins/android/googleplaygamesmanifest.androidlib in SourceAssetDB has modification time of '2025-12-30T21:15:24.585768Z' while content on disk has modification time of '2025-12-30T21:16:46.0029093Z'
Number of updated asset objects reloaded before import = 0Number of asset objects unloaded after import = 0

========================================================================
Received Import Request.
  Time since last request: 0.016499 seconds.
  path: Assets/Plugins/Android/GooglePlayGamesManifest.androidlib
  artifactKey: Guid(44f4150f398dc4f22b230f8c74866383) Importer(815301076,1909f56bfc062723c751e8b465ee728b)
Start importing Assets/Plugins/Android/GooglePlayGamesManifest.androidlib using Guid(44f4150f398dc4f22b230f8c74866383) Importer(815301076,1909f56bfc062723c751e8b465ee728b) (PreviewImporter) -> (artifact id: '00000000000000000000000000000000') in 0.0007531 seconds
Import Error Code:(4)
Message: Build asset version error: assets/plugins/android/googleplaygamesmanifest.androidlib in SourceAssetDB has modification time of '2025-12-30T21:15:24.585768Z' while content on disk has modification time of '2025-12-30T21:16:46.0029093Z'
  ERROR: Build asset version error: assets/plugins/android/googleplaygamesmanifest.androidlib in SourceAssetDB has modification time of '2025-12-30T21:15:24.585768Z' while content on disk has modification time of '2025-12-30T21:16:46.0029093Z'
Number of updated asset objects reloaded before import = 0Number of asset objects unloaded after import = 0

========================================================================
Received Import Request.
  Time since last request: 0.017173 seconds.
  path: Assets/Plugins/Android/GooglePlayGamesManifest.androidlib
  artifactKey: Guid(44f4150f398dc4f22b230f8c74866383) Importer(815301076,1909f56bfc062723c751e8b465ee728b)
Start importing Assets/Plugins/Android/GooglePlayGamesManifest.androidlib using Guid(44f4150f398dc4f22b230f8c74866383) Importer(815301076,1909f56bfc062723c751e8b465ee728b) (PreviewImporter) -> (artifact id: '00000000000000000000000000000000') in 0.000941 seconds
Import Error Code:(4)
Message: Build asset version error: assets/plugins/android/googleplaygamesmanifest.androidlib in SourceAssetDB has modification time of '2025-12-30T21:15:24.585768Z' while content on disk has modification time of '2025-12-30T21:16:46.0029093Z'
  ERROR: Build asset version error: assets/plugins/android/googleplaygamesmanifest.androidlib in SourceAssetDB has modification time of '2025-12-30T21:15:24.585768Z' while content on disk has modification time of '2025-12-30T21:16:46.0029093Z'
Number of updated asset objects reloaded before import = 0Number of asset objects unloaded after import = 0

========================================================================
Received Import Request.
  Time since last request: 0.018949 seconds.
  path: Assets/Plugins/Android/GooglePlayGamesManifest.androidlib
  artifactKey: Guid(44f4150f398dc4f22b230f8c74866383) Importer(815301076,1909f56bfc062723c751e8b465ee728b)
Start importing Assets/Plugins/Android/GooglePlayGamesManifest.androidlib using Guid(44f4150f398dc4f22b230f8c74866383) Importer(815301076,1909f56bfc062723c751e8b465ee728b) (PreviewImporter) -> (artifact id: '00000000000000000000000000000000') in 0.0007873 seconds
Import Error Code:(4)
Message: Build asset version error: assets/plugins/android/googleplaygamesmanifest.androidlib in SourceAssetDB has modification time of '2025-12-30T21:15:24.585768Z' while content on disk has modification time of '2025-12-30T21:16:46.0029093Z'
  ERROR: Build asset version error: assets/plugins/android/googleplaygamesmanifest.androidlib in SourceAssetDB has modification time of '2025-12-30T21:15:24.585768Z' while content on disk has modification time of '2025-12-30T21:16:46.0029093Z'
Number of updated asset objects reloaded before import = 0Number of asset objects unloaded after import = 0

========================================================================
Received Import Request.
  Time since last request: 0.018038 seconds.
  path: Assets/Plugins/Android/GooglePlayGamesManifest.androidlib
  artifactKey: Guid(44f4150f398dc4f22b230f8c74866383) Importer(815301076,1909f56bfc062723c751e8b465ee728b)
Start importing Assets/Plugins/Android/GooglePlayGamesManifest.androidlib using Guid(44f4150f398dc4f22b230f8c74866383) Importer(815301076,1909f56bfc062723c751e8b465ee728b) (PreviewImporter) -> (artifact id: '00000000000000000000000000000000') in 0.0007742 seconds
Import Error Code:(4)
Message: Build asset version error: assets/plugins/android/googleplaygamesmanifest.androidlib in SourceAssetDB has modification time of '2025-12-30T21:15:24.585768Z' while content on disk has modification time of '2025-12-30T21:16:46.0029093Z'
  ERROR: Build asset version error: assets/plugins/android/googleplaygamesmanifest.androidlib in SourceAssetDB has modification time of '2025-12-30T21:15:24.585768Z' while content on disk has modification time of '2025-12-30T21:16:46.0029093Z'
Number of updated asset objects reloaded before import = 0Number of asset objects unloaded after import = 0

========================================================================
Received Import Request.
  Time since last request: 0.018761 seconds.
  path: Assets/Plugins/Android/GooglePlayGamesManifest.androidlib
  artifactKey: Guid(44f4150f398dc4f22b230f8c74866383) Importer(815301076,1909f56bfc062723c751e8b465ee728b)
Start importing Assets/Plugins/Android/GooglePlayGamesManifest.androidlib using Guid(44f4150f398dc4f22b230f8c74866383) Importer(815301076,1909f56bfc062723c751e8b465ee728b) (PreviewImporter) -> (artifact id: '00000000000000000000000000000000') in 0.0007511 seconds
Import Error Code:(4)
Message: Build asset version error: assets/plugins/android/googleplaygamesmanifest.androidlib in SourceAssetDB has modification time of '2025-12-30T21:15:24.585768Z' while content on disk has modification time of '2025-12-30T21:16:46.0029093Z'
  ERROR: Build asset version error: assets/plugins/android/googleplaygamesmanifest.androidlib in SourceAssetDB has modification time of '2025-12-30T21:15:24.585768Z' while content on disk has modification time of '2025-12-30T21:16:46.0029093Z'
Number of updated asset objects reloaded before import = 0Number of asset objects unloaded after import = 0

========================================================================
Received Import Request.
  Time since last request: 0.018110 seconds.
  path: Assets/Plugins/Android/GooglePlayGamesManifest.androidlib
  artifactKey: Guid(44f4150f398dc4f22b230f8c74866383) Importer(815301076,1909f56bfc062723c751e8b465ee728b)
Start importing Assets/Plugins/Android/GooglePlayGamesManifest.androidlib using Guid(44f4150f398dc4f22b230f8c74866383) Importer(815301076,1909f56bfc062723c751e8b465ee728b) (PreviewImporter) -> (artifact id: '00000000000000000000000000000000') in 0.0013723 seconds
Import Error Code:(4)
Message: Build asset version error: assets/plugins/android/googleplaygamesmanifest.androidlib in SourceAssetDB has modification time of '2025-12-30T21:15:24.585768Z' while content on disk has modification time of '2025-12-30T21:16:46.0029093Z'
  ERROR: Build asset version error: assets/plugins/android/googleplaygamesmanifest.androidlib in SourceAssetDB has modification time of '2025-12-30T21:15:24.585768Z' while content on disk has modification time of '2025-12-30T21:16:46.0029093Z'
Number of updated asset objects reloaded before import = 0Number of asset objects unloaded after import = 0

========================================================================
Received Import Request.
  Time since last request: 0.018026 seconds.
  path: Assets/Plugins/Android/GooglePlayGamesManifest.androidlib
  artifactKey: Guid(44f4150f398dc4f22b230f8c74866383) Importer(815301076,1909f56bfc062723c751e8b465ee728b)
Start importing Assets/Plugins/Android/GooglePlayGamesManifest.androidlib using Guid(44f4150f398dc4f22b230f8c74866383) Importer(815301076,1909f56bfc062723c751e8b465ee728b) (PreviewImporter) -> (artifact id: '00000000000000000000000000000000') in 0.0006709 seconds
Import Error Code:(4)
Message: Build asset version error: assets/plugins/android/googleplaygamesmanifest.androidlib in SourceAssetDB has modification time of '2025-12-30T21:15:24.585768Z' while content on disk has modification time of '2025-12-30T21:16:46.0029093Z'
  ERROR: Build asset version error: assets/plugins/android/googleplaygamesmanifest.androidlib in SourceAssetDB has modification time of '2025-12-30T21:15:24.585768Z' while content on disk has modification time of '2025-12-30T21:16:46.0029093Z'
Number of updated asset objects reloaded before import = 0Number of asset objects unloaded after import = 0

========================================================================
Received Import Request.
  Time since last request: 0.017637 seconds.
  path: Assets/Plugins/Android/GooglePlayGamesManifest.androidlib
  artifactKey: Guid(44f4150f398dc4f22b230f8c74866383) Importer(815301076,1909f56bfc062723c751e8b465ee728b)
Start importing Assets/Plugins/Android/GooglePlayGamesManifest.androidlib using Guid(44f4150f398dc4f22b230f8c74866383) Importer(815301076,1909f56bfc062723c751e8b465ee728b) (PreviewImporter) -> (artifact id: '00000000000000000000000000000000') in 0.0007289 seconds
Import Error Code:(4)
Message: Build asset version error: assets/plugins/android/googleplaygamesmanifest.androidlib in SourceAssetDB has modification time of '2025-12-30T21:15:24.585768Z' while content on disk has modification time of '2025-12-30T21:16:46.0029093Z'
  ERROR: Build asset version error: assets/plugins/android/googleplaygamesmanifest.androidlib in SourceAssetDB has modification time of '2025-12-30T21:15:24.585768Z' while content on disk has modification time of '2025-12-30T21:16:46.0029093Z'
Number of updated asset objects reloaded before import = 0Number of asset objects unloaded after import = 0

========================================================================
Received Import Request.
  Time since last request: 0.019359 seconds.
  path: Assets/Plugins/Android/GooglePlayGamesManifest.androidlib
  artifactKey: Guid(44f4150f398dc4f22b230f8c74866383) Importer(815301076,1909f56bfc062723c751e8b465ee728b)
Start importing Assets/Plugins/Android/GooglePlayGamesManifest.androidlib using Guid(44f4150f398dc4f22b230f8c74866383) Importer(815301076,1909f56bfc062723c751e8b465ee728b) (PreviewImporter) -> (artifact id: '00000000000000000000000000000000') in 0.0014 seconds
Import Error Code:(4)
Message: Build asset version error: assets/plugins/android/googleplaygamesmanifest.androidlib in SourceAssetDB has modification time of '2025-12-30T21:15:24.585768Z' while content on disk has modification time of '2025-12-30T21:16:46.0029093Z'
  ERROR: Build asset version error: assets/plugins/android/googleplaygamesmanifest.androidlib in SourceAssetDB has modification time of '2025-12-30T21:15:24.585768Z' while content on disk has modification time of '2025-12-30T21:16:46.0029093Z'
Number of updated asset objects reloaded before import = 0Number of asset objects unloaded after import = 0

========================================================================
Received Import Request.
  Time since last request: 0.017431 seconds.
  path: Assets/Plugins/Android/GooglePlayGamesManifest.androidlib
  artifactKey: Guid(44f4150f398dc4f22b230f8c74866383) Importer(815301076,1909f56bfc062723c751e8b465ee728b)
Start importing Assets/Plugins/Android/GooglePlayGamesManifest.androidlib using Guid(44f4150f398dc4f22b230f8c74866383) Importer(815301076,1909f56bfc062723c751e8b465ee728b) (PreviewImporter) -> (artifact id: '00000000000000000000000000000000') in 0.0006854 seconds
Import Error Code:(4)
Message: Build asset version error: assets/plugins/android/googleplaygamesmanifest.androidlib in SourceAssetDB has modification time of '2025-12-30T21:15:24.585768Z' while content on disk has modification time of '2025-12-30T21:16:46.0029093Z'
  ERROR: Build asset version error: assets/plugins/android/googleplaygamesmanifest.androidlib in SourceAssetDB has modification time of '2025-12-30T21:15:24.585768Z' while content on disk has modification time of '2025-12-30T21:16:46.0029093Z'
Number of updated asset objects reloaded before import = 0Number of asset objects unloaded after import = 0

========================================================================
Received Import Request.
  Time since last request: 0.018905 seconds.
  path: Assets/Plugins/Android/GooglePlayGamesManifest.androidlib
  artifactKey: Guid(44f4150f398dc4f22b230f8c74866383) Importer(815301076,1909f56bfc062723c751e8b465ee728b)
Start importing Assets/Plugins/Android/GooglePlayGamesManifest.androidlib using Guid(44f4150f398dc4f22b230f8c74866383) Importer(815301076,1909f56bfc062723c751e8b465ee728b) (PreviewImporter) -> (artifact id: '00000000000000000000000000000000') in 0.0005862 seconds
Import Error Code:(4)
Message: Build asset version error: assets/plugins/android/googleplaygamesmanifest.androidlib in SourceAssetDB has modification time of '2025-12-30T21:15:24.585768Z' while content on disk has modification time of '2025-12-30T21:16:46.0029093Z'
  ERROR: Build asset version error: assets/plugins/android/googleplaygamesmanifest.androidlib in SourceAssetDB has modification time of '2025-12-30T21:15:24.585768Z' while content on disk has modification time of '2025-12-30T21:16:46.0029093Z'
Number of updated asset objects reloaded before import = 0Number of asset objects unloaded after import = 0

========================================================================
Received Import Request.
  Time since last request: 0.047043 seconds.
  path: Assets/Plugins/Android/GooglePlayGamesManifest.androidlib
  artifactKey: Guid(44f4150f398dc4f22b230f8c74866383) Importer(815301076,1909f56bfc062723c751e8b465ee728b)
Start importing Assets/Plugins/Android/GooglePlayGamesManifest.androidlib using Guid(44f4150f398dc4f22b230f8c74866383) Importer(815301076,1909f56bfc062723c751e8b465ee728b) (PreviewImporter) -> (artifact id: '00000000000000000000000000000000') in 0.0011772 seconds
Import Error Code:(4)
Message: Build asset version error: assets/plugins/android/googleplaygamesmanifest.androidlib in SourceAssetDB has modification time of '2025-12-30T21:15:24.585768Z' while content on disk has modification time of '2025-12-30T21:16:46.0029093Z'
  ERROR: Build asset version error: assets/plugins/android/googleplaygamesmanifest.androidlib in SourceAssetDB has modification time of '2025-12-30T21:15:24.585768Z' while content on disk has modification time of '2025-12-30T21:16:46.0029093Z'
Number of updated asset objects reloaded before import = 0Number of asset objects unloaded after import = 0

========================================================================
Received Import Request.
  Time since last request: 0.018299 seconds.
  path: Assets/Plugins/Android/GooglePlayGamesManifest.androidlib
  artifactKey: Guid(44f4150f398dc4f22b230f8c74866383) Importer(815301076,1909f56bfc062723c751e8b465ee728b)
Start importing Assets/Plugins/Android/GooglePlayGamesManifest.androidlib using Guid(44f4150f398dc4f22b230f8c74866383) Importer(815301076,1909f56bfc062723c751e8b465ee728b) (PreviewImporter) -> (artifact id: '00000000000000000000000000000000') in 0.0008209 seconds
Import Error Code:(4)
Message: Build asset version error: assets/plugins/android/googleplaygamesmanifest.androidlib in SourceAssetDB has modification time of '2025-12-30T21:15:24.585768Z' while content on disk has modification time of '2025-12-30T21:16:46.0029093Z'
  ERROR: Build asset version error: assets/plugins/android/googleplaygamesmanifest.androidlib in SourceAssetDB has modification time of '2025-12-30T21:15:24.585768Z' while content on disk has modification time of '2025-12-30T21:16:46.0029093Z'
Number of updated asset objects reloaded before import = 0Number of asset objects unloaded after import = 0

========================================================================
Received Import Request.
  Time since last request: 0.017363 seconds.
  path: Assets/Plugins/Android/GooglePlayGamesManifest.androidlib
  artifactKey: Guid(44f4150f398dc4f22b230f8c74866383) Importer(815301076,1909f56bfc062723c751e8b465ee728b)
Start importing Assets/Plugins/Android/GooglePlayGamesManifest.androidlib using Guid(44f4150f398dc4f22b230f8c74866383) Importer(815301076,1909f56bfc062723c751e8b465ee728b) (PreviewImporter) -> (artifact id: '00000000000000000000000000000000') in 0.0006929 seconds
Import Error Code:(4)
Message: Build asset version error: assets/plugins/android/googleplaygamesmanifest.androidlib in SourceAssetDB has modification time of '2025-12-30T21:15:24.585768Z' while content on disk has modification time of '2025-12-30T21:16:46.0029093Z'
  ERROR: Build asset version error: assets/plugins/android/googleplaygamesmanifest.androidlib in SourceAssetDB has modification time of '2025-12-30T21:15:24.585768Z' while content on disk has modification time of '2025-12-30T21:16:46.0029093Z'
Number of updated asset objects reloaded before import = 0Number of asset objects unloaded after import = 0

========================================================================
Received Import Request.
  Time since last request: 0.017790 seconds.
  path: Assets/Plugins/Android/GooglePlayGamesManifest.androidlib
  artifactKey: Guid(44f4150f398dc4f22b230f8c74866383) Importer(815301076,1909f56bfc062723c751e8b465ee728b)
Start importing Assets/Plugins/Android/GooglePlayGamesManifest.androidlib using Guid(44f4150f398dc4f22b230f8c74866383) Importer(815301076,1909f56bfc062723c751e8b465ee728b) (PreviewImporter) -> (artifact id: '00000000000000000000000000000000') in 0.0005783 seconds
Import Error Code:(4)
Message: Build asset version error: assets/plugins/android/googleplaygamesmanifest.androidlib in SourceAssetDB has modification time of '2025-12-30T21:15:24.585768Z' while content on disk has modification time of '2025-12-30T21:16:46.0029093Z'
  ERROR: Build asset version error: assets/plugins/android/googleplaygamesmanifest.androidlib in SourceAssetDB has modification time of '2025-12-30T21:15:24.585768Z' while content on disk has modification time of '2025-12-30T21:16:46.0029093Z'
Number of updated asset objects reloaded before import = 0Number of asset objects unloaded after import = 0

========================================================================
Received Import Request.
  Time since last request: 0.017783 seconds.
  path: Assets/Plugins/Android/GooglePlayGamesManifest.androidlib
  artifactKey: Guid(44f4150f398dc4f22b230f8c74866383) Importer(815301076,1909f56bfc062723c751e8b465ee728b)
Start importing Assets/Plugins/Android/GooglePlayGamesManifest.androidlib using Guid(44f4150f398dc4f22b230f8c74866383) Importer(815301076,1909f56bfc062723c751e8b465ee728b) (PreviewImporter) -> (artifact id: '00000000000000000000000000000000') in 0.0011901 seconds
Import Error Code:(4)
Message: Build asset version error: assets/plugins/android/googleplaygamesmanifest.androidlib in SourceAssetDB has modification time of '2025-12-30T21:15:24.585768Z' while content on disk has modification time of '2025-12-30T21:16:46.0029093Z'
  ERROR: Build asset version error: assets/plugins/android/googleplaygamesmanifest.androidlib in SourceAssetDB has modification time of '2025-12-30T21:15:24.585768Z' while content on disk has modification time of '2025-12-30T21:16:46.0029093Z'
Number of updated asset objects reloaded before import = 0Number of asset objects unloaded after import = 0

========================================================================
Received Import Request.
  Time since last request: 0.018629 seconds.
  path: Assets/Plugins/Android/GooglePlayGamesManifest.androidlib
  artifactKey: Guid(44f4150f398dc4f22b230f8c74866383) Importer(815301076,1909f56bfc062723c751e8b465ee728b)
Start importing Assets/Plugins/Android/GooglePlayGamesManifest.androidlib using Guid(44f4150f398dc4f22b230f8c74866383) Importer(815301076,1909f56bfc062723c751e8b465ee728b) (PreviewImporter) -> (artifact id: '00000000000000000000000000000000') in 0.0010936 seconds
Import Error Code:(4)
Message: Build asset version error: assets/plugins/android/googleplaygamesmanifest.androidlib in SourceAssetDB has modification time of '2025-12-30T21:15:24.585768Z' while content on disk has modification time of '2025-12-30T21:16:46.0029093Z'
  ERROR: Build asset version error: assets/plugins/android/googleplaygamesmanifest.androidlib in SourceAssetDB has modification time of '2025-12-30T21:15:24.585768Z' while content on disk has modification time of '2025-12-30T21:16:46.0029093Z'
Number of updated asset objects reloaded before import = 0Number of asset objects unloaded after import = 0

========================================================================
Received Import Request.
  Time since last request: 0.016712 seconds.
  path: Assets/Plugins/Android/GooglePlayGamesManifest.androidlib
  artifactKey: Guid(44f4150f398dc4f22b230f8c74866383) Importer(815301076,1909f56bfc062723c751e8b465ee728b)
Start importing Assets/Plugins/Android/GooglePlayGamesManifest.androidlib using Guid(44f4150f398dc4f22b230f8c74866383) Importer(815301076,1909f56bfc062723c751e8b465ee728b) (PreviewImporter) -> (artifact id: '00000000000000000000000000000000') in 0.0010983 seconds
Import Error Code:(4)
Message: Build asset version error: assets/plugins/android/googleplaygamesmanifest.androidlib in SourceAssetDB has modification time of '2025-12-30T21:15:24.585768Z' while content on disk has modification time of '2025-12-30T21:16:46.0029093Z'
  ERROR: Build asset version error: assets/plugins/android/googleplaygamesmanifest.androidlib in SourceAssetDB has modification time of '2025-12-30T21:15:24.585768Z' while content on disk has modification time of '2025-12-30T21:16:46.0029093Z'
Number of updated asset objects reloaded before import = 0Number of asset objects unloaded after import = 0

========================================================================
Received Import Request.
  Time since last request: 0.017012 seconds.
  path: Assets/Plugins/Android/GooglePlayGamesManifest.androidlib
  artifactKey: Guid(44f4150f398dc4f22b230f8c74866383) Importer(815301076,1909f56bfc062723c751e8b465ee728b)
Start importing Assets/Plugins/Android/GooglePlayGamesManifest.androidlib using Guid(44f4150f398dc4f22b230f8c74866383) Importer(815301076,1909f56bfc062723c751e8b465ee728b) (PreviewImporter) -> (artifact id: '00000000000000000000000000000000') in 0.000596 seconds
Import Error Code:(4)
Message: Build asset version error: assets/plugins/android/googleplaygamesmanifest.androidlib in SourceAssetDB has modification time of '2025-12-30T21:15:24.585768Z' while content on disk has modification time of '2025-12-30T21:16:46.0029093Z'
  ERROR: Build asset version error: assets/plugins/android/googleplaygamesmanifest.androidlib in SourceAssetDB has modification time of '2025-12-30T21:15:24.585768Z' while content on disk has modification time of '2025-12-30T21:16:46.0029093Z'
Number of updated asset objects reloaded before import = 0Number of asset objects unloaded after import = 0

========================================================================
Received Import Request.
  Time since last request: 0.019718 seconds.
  path: Assets/Plugins/Android/GooglePlayGamesManifest.androidlib
  artifactKey: Guid(44f4150f398dc4f22b230f8c74866383) Importer(815301076,1909f56bfc062723c751e8b465ee728b)
Start importing Assets/Plugins/Android/GooglePlayGamesManifest.androidlib using Guid(44f4150f398dc4f22b230f8c74866383) Importer(815301076,1909f56bfc062723c751e8b465ee728b) (PreviewImporter) -> (artifact id: '00000000000000000000000000000000') in 0.0006744 seconds
Import Error Code:(4)
Message: Build asset version error: assets/plugins/android/googleplaygamesmanifest.androidlib in SourceAssetDB has modification time of '2025-12-30T21:15:24.585768Z' while content on disk has modification time of '2025-12-30T21:16:46.0029093Z'
  ERROR: Build asset version error: assets/plugins/android/googleplaygamesmanifest.androidlib in SourceAssetDB has modification time of '2025-12-30T21:15:24.585768Z' while content on disk has modification time of '2025-12-30T21:16:46.0029093Z'
Number of updated asset objects reloaded before import = 0Number of asset objects unloaded after import = 0

========================================================================
Received Import Request.
  Time since last request: 0.016614 seconds.
  path: Assets/Plugins/Android/GooglePlayGamesManifest.androidlib
  artifactKey: Guid(44f4150f398dc4f22b230f8c74866383) Importer(815301076,1909f56bfc062723c751e8b465ee728b)
Start importing Assets/Plugins/Android/GooglePlayGamesManifest.androidlib using Guid(44f4150f398dc4f22b230f8c74866383) Importer(815301076,1909f56bfc062723c751e8b465ee728b) (PreviewImporter) -> (artifact id: '00000000000000000000000000000000') in 0.0006451 seconds
Import Error Code:(4)
Message: Build asset version error: assets/plugins/android/googleplaygamesmanifest.androidlib in SourceAssetDB has modification time of '2025-12-30T21:15:24.585768Z' while content on disk has modification time of '2025-12-30T21:16:46.0029093Z'
  ERROR: Build asset version error: assets/plugins/android/googleplaygamesmanifest.androidlib in SourceAssetDB has modification time of '2025-12-30T21:15:24.585768Z' while content on disk has modification time of '2025-12-30T21:16:46.0029093Z'
Number of updated asset objects reloaded before import = 0Number of asset objects unloaded after import = 0

========================================================================
Received Import Request.
  Time since last request: 0.016989 seconds.
  path: Assets/Plugins/Android/GooglePlayGamesManifest.androidlib
  artifactKey: Guid(44f4150f398dc4f22b230f8c74866383) Importer(815301076,1909f56bfc062723c751e8b465ee728b)
Start importing Assets/Plugins/Android/GooglePlayGamesManifest.androidlib using Guid(44f4150f398dc4f22b230f8c74866383) Importer(815301076,1909f56bfc062723c751e8b465ee728b) (PreviewImporter) -> (artifact id: '00000000000000000000000000000000') in 0.000892 seconds
Import Error Code:(4)
Message: Build asset version error: assets/plugins/android/googleplaygamesmanifest.androidlib in SourceAssetDB has modification time of '2025-12-30T21:15:24.585768Z' while content on disk has modification time of '2025-12-30T21:16:46.0029093Z'
  ERROR: Build asset version error: assets/plugins/android/googleplaygamesmanifest.androidlib in SourceAssetDB has modification time of '2025-12-30T21:15:24.585768Z' while content on disk has modification time of '2025-12-30T21:16:46.0029093Z'
Number of updated asset objects reloaded before import = 0Number of asset objects unloaded after import = 0

========================================================================
Received Import Request.
  Time since last request: 0.076479 seconds.
  path: Assets/Plugins/WebGL
  artifactKey: Guid(1d1d0bd3d51180348be397fdbcc2e20e) Importer(815301076,1909f56bfc062723c751e8b465ee728b)
Start importing Assets/Plugins/WebGL using Guid(1d1d0bd3d51180348be397fdbcc2e20e) Importer(815301076,1909f56bfc062723c751e8b465ee728b) (PreviewImporter) -> (artifact id: 'e5473921a21c2229ec8f648703566e81') in 0.0108981 seconds
Number of updated asset objects reloaded before import = 0Number of asset objects unloaded after import = 0

========================================================================
Received Prepare
Refreshing native plugins compatible for Editor in 3.76 ms, found 3 plugins.
Preloading 0 native plugins for Editor in 0.00 ms.
Unloading 0 Unused Serialized files (Serialized files now loaded: 0)
Unloading 3131 unused Assets / (0.5 MB). Loaded Objects now: 3703.
Memory consumption went from 90.1 MB to 89.6 MB.
Total: 44.519500 ms (FindLiveObjects: 0.975500 ms CreateObjectMapping: 0.212100 ms MarkObjects: 41.100000 ms  DeleteObjects: 2.229300 ms)

Prepare: number of updated asset objects reloaded= 0
========================================================================
Received Import Request.
  Time since last request: 31.057782 seconds.
  path: Packages/com.unity.nuget.newtonsoft-json/README.md
  artifactKey: Guid(51bd45ca4f0f28342a12f4b0c80e9f4f) Importer(815301076,1909f56bfc062723c751e8b465ee728b)
Start importing Packages/com.unity.nuget.newtonsoft-json/README.md using Guid(51bd45ca4f0f28342a12f4b0c80e9f4f) Importer(815301076,1909f56bfc062723c751e8b465ee728b) (PreviewImporter) -> (artifact id: '2103f563d2597bf46fdd0c2167a0de73') in 0.0037541 seconds
Number of updated asset objects reloaded before import = 0Number of asset objects unloaded after import = 1

========================================================================
Received Prepare
[Licensing::Client] Successfully resolved entitlement details
[Licensing::Module] License group:
  Id: F4-UWWC-HDTS-C65R-DKNB-XXXX
  Product: Unity Personal
  Type: ULF
  Expiration: Unlimited
[Licensing::Module] License group:
  Id: 4672995795270-UnityPersXXXX
  Product: Unity Personal
  Type: Assigned
  Expiration: Unlimited
Begin MonoManager ReloadAssembly
[Licensing::Client] Successfully resolved entitlement details
[Licensing::Module] License group:
  Id: F4-UWWC-HDTS-C65R-DKNB-XXXX
  Product: Unity Personal
  Type: ULF
  Expiration: Unlimited
[Licensing::Module] License group:
  Id: 4672995795270-UnityPersXXXX
  Product: Unity Personal
  Type: Assigned
  Expiration: Unlimited
Symbol file LoadedFromMemory is not a mono symbol file
- Loaded All Assemblies, in  5.421 seconds
Refreshing native plugins compatible for Editor in 3.43 ms, found 3 plugins.
Native extension for Android target not found
Native extension for WindowsStandalone target not found
Native extension for WebGL target not found
GPGSUpgrader start
UnityEngine.Debug:ExtractStackTraceNoAlloc (byte*,int,string)
UnityEngine.StackTraceUtility:ExtractStackTrace ()
UnityEngine.DebugLogHandler:Internal_Log (UnityEngine.LogType,UnityEngine.LogOption,string,UnityEngine.Object)
UnityEngine.DebugLogHandler:LogFormat (UnityEngine.LogType,UnityEngine.Object,string,object[])
UnityEngine.Logger:Log (UnityEngine.LogType,object)
UnityEngine.Debug:Log (object)
GooglePlayGames.Editor.GPGSUpgrader:.cctor () (at Assets/GooglePlayGames/com.google.play.games/Editor/GPGSUpgrader.cs:38)
System.Runtime.CompilerServices.RuntimeHelpers:RunClassConstructor (System.RuntimeTypeHandle)
UnityEditor.EditorAssemblies:ProcessInitializeOnLoadAttributes (System.Type[])

(Filename: Assets/GooglePlayGames/com.google.play.games/Editor/GPGSUpgrader.cs Line: 38)

GPGSUpgrader done
UnityEngine.Debug:ExtractStackTraceNoAlloc (byte*,int,string)
UnityEngine.StackTraceUtility:ExtractStackTrace ()
UnityEngine.DebugLogHandler:Internal_Log (UnityEngine.LogType,UnityEngine.LogOption,string,UnityEngine.Object)
UnityEngine.DebugLogHandler:LogFormat (UnityEngine.LogType,UnityEngine.Object,string,object[])
UnityEngine.Logger:Log (UnityEngine.LogType,object)
UnityEngine.Debug:Log (object)
GooglePlayGames.Editor.GPGSUpgrader:.cctor () (at Assets/GooglePlayGames/com.google.play.games/Editor/GPGSUpgrader.cs:57)
System.Runtime.CompilerServices.RuntimeHelpers:RunClassConstructor (System.RuntimeTypeHandle)
UnityEditor.EditorAssemblies:ProcessInitializeOnLoadAttributes (System.Type[])

(Filename: Assets/GooglePlayGames/com.google.play.games/Editor/GPGSUpgrader.cs Line: 57)

[Package Manager] Failed to launch server process. Reason: Unity was launched with the -noUpm command-line argument
[Package Manager] Unable to send message (not connected to server process).
[Package Manager] Cannot connect to Unity Package Manager local server
Mono: successfully reloaded assembly
- Finished resetting the current domain, in  1.015 seconds
Domain Reload Profiling: 6438ms
	BeginReloadAssembly (865ms)
		ExecutionOrderSort (0ms)
		DisableScriptedObjects (64ms)
		BackupInstance (0ms)
		ReleaseScriptingObjects (0ms)
		CreateAndSetChildDomain (268ms)
	RebuildCommonClasses (126ms)
	RebuildNativeTypeToScriptingClass (15ms)
	initialDomainReloadingComplete (130ms)
	LoadAllAssembliesAndSetupDomain (4287ms)
		LoadAssemblies (3854ms)
		RebuildTransferFunctionScriptingTraits (0ms)
		AnalyzeDomain (798ms)
			TypeCache.Refresh (23ms)
				TypeCache.ScanAssembly (1ms)
			BuildScriptInfoCaches (765ms)
			ResolveRequiredComponents (3ms)
	FinalizeReload (1015ms)
		ReleaseScriptCaches (0ms)
		RebuildScriptCaches (0ms)
		SetupLoadedEditorAssemblies (857ms)
			LogAssemblyErrors (0ms)
			InitializePlatformSupportModulesInManaged (13ms)
			SetLoadedEditorAssemblies (7ms)
			BeforeProcessingInitializeOnLoad (121ms)
			ProcessInitializeOnLoadAttributes (666ms)
			ProcessInitializeOnLoadMethodAttributes (47ms)
			AfterProcessingInitializeOnLoad (2ms)
			EditorAssembliesLoaded (0ms)
		ExecutionOrderSort2 (0ms)
		AwakeInstancesAfterBackupRestoration (7ms)
Refreshing native plugins compatible for Editor in 3.39 ms, found 3 plugins.
Preloading 0 native plugins for Editor in 0.00 ms.
Unloading 0 Unused Serialized files (Serialized files now loaded: 0)
Unloading 3085 unused Assets / (0.9 MB). Loaded Objects now: 3636.
Memory consumption went from 89.7 MB to 88.8 MB.
Total: 7.846500 ms (FindLiveObjects: 0.451200 ms CreateObjectMapping: 0.171500 ms MarkObjects: 5.180700 ms  DeleteObjects: 2.041300 ms)

Prepare: number of updated asset objects reloaded= 0
